id,titre,description,description_longue,ville,adresse,region,date_debut,date_fin,categories,url,texte_complet
37269048,Fest Deiz Molac,"Fest-deiz organisé par Andon le dimanche 15 novembre 2026 à partir de 14h30, salle La Bruyère/Brug à Molac. Au programme : le trio OLVA, Stal Kan Kistreberzh,AYOUL Tad ha Mab et Enora & Aziliz.","Le 24e Fest-deiz de Molac, organisé par l'association [Andon](https://andon.bzh), se déroulera le dimanche 15 novembre 2026 à partir de 14h30 à la salle La Bruyère/Brug de Molac.nnAu programme, quatre formations invitées : le trio OLVA (contrebasse, clarinette et accordéon diatonique), lauréat des rencontres [Kan ar Bobl](https://andon.bzh/kan-ar-bobl-%F0%9F%8E%B5/) de Questembert ; le Stal Kan Kistreberzh, l'atelier chant en breton d'Andon, avec des danses du pays vannetais et du plinn ; le duo AYOUL Tad ha Mab, Gwenolé et Yaouank Ayoul, père et fils au service de la tradition musicale bretonne ; ainsi qu'Enora & Aziliz pour du kan ha diskan.nnCet après-midi de danses bretonnes est ouvert à tous, en famille ou entre amis, toutes générations confondues.",Molac,Molac rue Saint-Pierre,Bretagne,2026-11-15 14:30:00,2026-11-15 19:30:00,,https://openagenda.com/andon/events/fest-deiz-molac-509700,"Titre: Fest Deiz Molac
Description: Fest-deiz organisé par Andon le dimanche 15 novembre 2026 à partir de 14h30, salle La Bruyère/Brug à Molac. Au programme : le trio OLVA, Stal Kan Kistreberzh,AYOUL Tad ha Mab et Enora & Aziliz.
Détails: Le 24e Fest-deiz de Molac, organisé par l'association [Andon](https://andon.bzh), se déroulera le dimanche 15 novembre 2026 à partir de 14h30 à la salle La Bruyère/Brug de Molac.nnAu programme, quatre formations invitées : le trio OLVA (contrebasse, clarinette et accordéon diatonique), lauréat des rencontres [Kan ar Bobl](https://andon.bzh/kan-ar-bobl-%F0%9F%8E%B5/) de Questembert ; le Stal Kan Kistreberzh, l'atelier chant en breton d'Andon, avec des danses du pays vannetais et du plinn ; le duo AYOUL Tad ha Mab, Gwenolé et Yaouank Ayoul, père et fils au service de la tradition musicale bretonne ; ainsi qu'Enora & Aziliz pour du kan ha diskan.nnCet après-midi de danses bretonnes est ouvert à tous, en famille ou entre amis, toutes générations confondues.
Lieu: Molac, Molac rue Saint-Pierre
Date de début: 2026-11-15 14:30:00
Date de fin: 2026-11-15 19:30:00"
22260426,Imugi l’apprenti dragon,"Découvrez ou redécouvrez les contes emblématiques de la Corée à travers une histoire poétique, drôle et touchante en théâtre d’ombres.","Imugi est un jeune apprenti dragon qui n‘a qu‘une ambition, celle de devenir un vrai dragon ! Avec son amie Hyun-Ae, il va partir à la recherche d‘une sphère céleste pour réaliser son rêve. Mais il leur faudra d’abord déjouer les manigances du Seigneur Tigre… Découvrez ou redécouvrez les contes emblématiques de la Corée à travers une histoire poétique, drôle et touchante en théâtre d’ombres. Et restez à la fin pour en découvrir plus sur le théâtre d'ombres et le fonctionnement des marionnettes ! D’après une histoire originale de Carole Ballereau et avec les marionnettes d’Antoine Charneau. Pour les enfants à partir de 3 ans. Dates et horaires : \- 28 juillet 2026 à 10h30 \- du 10 au 14 août 2026 à 10h30 \- 24, 26 et 28 août 2026 à 14h30 \- 31 août 2026 à 10h30 Théâtre Darius Milhaud 80 allée Darius Milhaud, 75019, Paris. Renseignements et réservations : 01 42 01 92 26 E.mail : [theatre@tdmparis.fr](mailto:theatre@tdmparis.fr) Réservation : [https://www.billetreduc.com/spectacle/imugi-356890](https://www.billetreduc.com/spectacle/imugi-356890) Prix unique : 9€",Paris,80 allée darius milhaud,Île-de-France,2026-07-28 10:30:00,2026-08-31 11:00:00,,https://openagenda.com/semainepetiteenfance/events/imugi-lapprenti-dragon-5929560,"Titre: Imugi l’apprenti dragon
Description: Découvrez ou redécouvrez les contes emblématiques de la Corée à travers une histoire poétique, drôle et touchante en théâtre d’ombres.
Détails: Imugi est un jeune apprenti dragon qui n‘a qu‘une ambition, celle de devenir un vrai dragon ! Avec son amie Hyun-Ae, il va partir à la recherche d‘une sphère céleste pour réaliser son rêve. Mais il leur faudra d’abord déjouer les manigances du Seigneur Tigre… Découvrez ou redécouvrez les contes emblématiques de la Corée à travers une histoire poétique, drôle et touchante en théâtre d’ombres. Et restez à la fin pour en découvrir plus sur le théâtre d'ombres et le fonctionnement des marionnettes ! D’après une histoire originale de Carole Ballereau et avec les marionnettes d’Antoine Charneau. Pour les enfants à partir de 3 ans. Dates et horaires : \- 28 juillet 2026 à 10h30 \- du 10 au 14 août 2026 à 10h30 \- 24, 26 et 28 août 2026 à 14h30 \- 31 août 2026 à 10h30 Théâtre Darius Milhaud 80 allée Darius Milhaud, 75019, Paris. Renseignements et réservations : 01 42 01 92 26 E.mail : [theatre@tdmparis.fr](mailto:theatre@tdmparis.fr) Réservation : [https://www.billetreduc.com/spectacle/imugi-356890](https://www.billetreduc.com/spectacle/imugi-356890) Prix unique : 9€
Lieu: Paris, 80 allée darius milhaud
Date de début: 2026-07-28 10:30:00
Date de fin: 2026-08-31 11:00:00"
51821144,Baba Yaga la sorcière,Découvrez comment Baba Yaga est devenue Baba Yaga !,"Plongez au cœur du folklore slave et découvrez comment la Baba Yaga est devenue la Baba Yaga dans ce conte original en théâtre d’ombres ! ”Viens-tu ici pour accomplir une tâche, ou pour fuir une tâche ?” C’est ce que demande la sorcière Baba Yaga à la petite Anoushka, qui s’est perdue dans la forêt en cherchant son petit oiseau. En échange de sa bonne conduite, Baba Yaga promet de répondre à trois de ses questions : Pourquoi sa maison a-t-elle des pattes de poulet ? Pourquoi vit-elle toute seule dans la forêt ? Où se trouve son petit oiseau ? Baba Yaga est sans aucun doute la figure la plus connue du folklore slave, bien qu’elle ne soit qu’un personnage secondaire aidant ou mettant des bâtons dans les roues au protagoniste principal. Mais jamais l’héroïne de sa propre histoire. Eh bien cette injustice change aujourd’hui, dans ce conte ! TEASER : [https://www.youtube.com/watch?v=4Gdf1sGc8RM](https://www.youtube.com/watch?v=4Gdf1sGc8RM) Ce spectacle fait partie de notre répertoire des contes du monde en théâtre d’ombres. Une invitation à explorer la richesse des récits traditionnels et des légendes qui ont traversé les âges. À travers des silhouettes délicatement découpées et projetées sur grand écran, chaque conte prend vie, transportant petits et grands dans des voyages imaginaires au cœur de cultures variées. Alors venez découvrir l’histoire de la Baba Yaga, et restez à la fin pour poser vos questions et en découvrir plus sur le théâtre d’ombres et le fonctionnement de ses marionnettes ! Spectacle jeune public | 45 min | à partir de 5 ansLes 28 et 30 juillet 2026 à 14h30 et les 4 et 6 août 2026 à 10h30 Réservation : [https://www.billetreduc.com/spectacle/baba-yaga-la-sorciere-384452](https://www.billetreduc.com/spectacle/baba-yaga-la-sorciere-384452) Théâtre Darius Milhaud 80 allée Darius Milhaud, 75019, Paris. Renseignements et réservations : 01 42 01 92 26 E.mail : [theatre@tdmparis.fr](mailto:theatre@tdmparis.fr)",Paris,80 allée darius milhaud,Île-de-France,2026-07-28 14:30:00,2026-08-06 11:00:00,,https://openagenda.com/semainepetiteenfance/events/baba-yaga-la-sorciere-8454026,"Titre: Baba Yaga la sorcière
Description: Découvrez comment Baba Yaga est devenue Baba Yaga !
Détails: Plongez au cœur du folklore slave et découvrez comment la Baba Yaga est devenue la Baba Yaga dans ce conte original en théâtre d’ombres ! ”Viens-tu ici pour accomplir une tâche, ou pour fuir une tâche ?” C’est ce que demande la sorcière Baba Yaga à la petite Anoushka, qui s’est perdue dans la forêt en cherchant son petit oiseau. En échange de sa bonne conduite, Baba Yaga promet de répondre à trois de ses questions : Pourquoi sa maison a-t-elle des pattes de poulet ? Pourquoi vit-elle toute seule dans la forêt ? Où se trouve son petit oiseau ? Baba Yaga est sans aucun doute la figure la plus connue du folklore slave, bien qu’elle ne soit qu’un personnage secondaire aidant ou mettant des bâtons dans les roues au protagoniste principal. Mais jamais l’héroïne de sa propre histoire. Eh bien cette injustice change aujourd’hui, dans ce conte ! TEASER : [https://www.youtube.com/watch?v=4Gdf1sGc8RM](https://www.youtube.com/watch?v=4Gdf1sGc8RM) Ce spectacle fait partie de notre répertoire des contes du monde en théâtre d’ombres. Une invitation à explorer la richesse des récits traditionnels et des légendes qui ont traversé les âges. À travers des silhouettes délicatement découpées et projetées sur grand écran, chaque conte prend vie, transportant petits et grands dans des voyages imaginaires au cœur de cultures variées. Alors venez découvrir l’histoire de la Baba Yaga, et restez à la fin pour poser vos questions et en découvrir plus sur le théâtre d’ombres et le fonctionnement de ses marionnettes ! Spectacle jeune public | 45 min | à partir de 5 ansLes 28 et 30 juillet 2026 à 14h30 et les 4 et 6 août 2026 à 10h30 Réservation : [https://www.billetreduc.com/spectacle/baba-yaga-la-sorciere-384452](https://www.billetreduc.com/spectacle/baba-yaga-la-sorciere-384452) Théâtre Darius Milhaud 80 allée Darius Milhaud, 75019, Paris. Renseignements et réservations : 01 42 01 92 26 E.mail : [theatre@tdmparis.fr](mailto:theatre@tdmparis.fr)
Lieu: Paris, 80 allée darius milhaud
Date de début: 2026-07-28 14:30:00
Date de fin: 2026-08-06 11:00:00"
72410541,Lieu d'Accueil Enfants Parents à L'Éprouvette,"L’Éprouvette devient, tous les jeudis matins, un lieu d’éveil, de socialisation pour les enfants de 0 à 6 ans, mais aussi une “bulle d’oxygène” pour les parents, grands-parents et futurs parents.","Un lieu d’éveil, de socialisation pour les enfants de 0 à 6 ans : une « Bulle d’Oxygène » pour les Parents, Grands-parents et Futurs Parents. Pour des rencontres avec d’autres familles, pour une parentalité plus sereine grâce aux échanges et aux partages d’expériences. 💡 Libre, Anonyme, Confidentiel, Gratuit et sans Inscription ! Tous les jeudis matins, y compris en période scolaire, de 8h45 à 12h.",Saint-André-des-Eaux,22630 saint andré des eaux,Bretagne,2026-03-26 08:45:00,2026-07-02 12:00:00,,https://openagenda.com/semainepetiteenfance/events/lieu-daccueil-enfants-parents-a-leprouvette,"Titre: Lieu d'Accueil Enfants Parents à L'Éprouvette
Description: L’Éprouvette devient, tous les jeudis matins, un lieu d’éveil, de socialisation pour les enfants de 0 à 6 ans, mais aussi une “bulle d’oxygène” pour les parents, grands-parents et futurs parents.
Détails: Un lieu d’éveil, de socialisation pour les enfants de 0 à 6 ans : une « Bulle d’Oxygène » pour les Parents, Grands-parents et Futurs Parents. Pour des rencontres avec d’autres familles, pour une parentalité plus sereine grâce aux échanges et aux partages d’expériences. 💡 Libre, Anonyme, Confidentiel, Gratuit et sans Inscription ! Tous les jeudis matins, y compris en période scolaire, de 8h45 à 12h.
Lieu: Saint-André-des-Eaux, 22630 saint andré des eaux
Date de début: 2026-03-26 08:45:00
Date de fin: 2026-07-02 12:00:00"
19349399,Baby STREAM club,Nos éducateurs bilingues seront là pour vous offrir des activités éducatives et ludique pour parent et bébé!,,Paris,23 rue Oudinot 75007 Paris,Île-de-France,2025-12-02 10:15:00,2026-06-05 11:00:00,,https://openagenda.com/semainepetiteenfance/events/baby-stream-club,"Titre: Baby STREAM club
Description: Nos éducateurs bilingues seront là pour vous offrir des activités éducatives et ludique pour parent et bébé!
Lieu: Paris, 23 rue Oudinot 75007 Paris
Date de début: 2025-12-02 10:15:00
Date de fin: 2026-06-05 11:00:00"
57745435,Baba Yaga la sorcière,Découvrez comment Baba Yaga est devenue Baba Yaga !,"Plongez au cœur du folklore slave et découvrez comment la Baba Yaga est devenue la Baba Yaga dans ce conte original en théâtre d’ombres ! ”Viens-tu ici pour accomplir une tâche, ou pour fuir une tâche ?” C’est ce que demande la sorcière Baba Yaga à la petite Anoushka, qui s’est perdue dans la forêt en cherchant son petit oiseau. En échange de sa bonne conduite, Baba Yaga promet de répondre à trois de ses questions : Pourquoi sa maison a-t-elle des pattes de poulet ? Pourquoi vit-elle toute seule dans la forêt ? Où se trouve son petit oiseau ? Baba Yaga est sans aucun doute la figure la plus connue du folklore slave, bien qu’elle ne soit qu’un personnage secondaire aidant ou mettant des bâtons dans les roues au protagoniste principal. Mais jamais l’héroïne de sa propre histoire. Eh bien cette injustice change aujourd’hui, dans ce conte ! TEASER : [https://www.youtube.com/watch?v=4Gdf1sGc8RM](https://www.youtube.com/watch?v=4Gdf1sGc8RM) Ce spectacle fait partie de notre répertoire des contes du monde en théâtre d’ombres. Une invitation à explorer la richesse des récits traditionnels et des légendes qui ont traversé les âges. À travers des silhouettes délicatement découpées et projetées sur grand écran, chaque conte prend vie, transportant petits et grands dans des voyages imaginaires au cœur de cultures variées. Alors venez découvrir l’histoire de la Baba Yaga, et restez à la fin pour poser vos questions et en découvrir plus sur le théâtre d’ombres et le fonctionnement de ses marionnettes ! Spectacle jeune public | 45 min | à partir de 5 ans Les 29, 30 avril et 1er mai 2026 à 14h30. Réservation : [https://www.theatredariusmilhaud.fr/spectacles-enfants/baba-yaga-la-sorciere/](https://www.theatredariusmilhaud.fr/spectacles-enfants/baba-yaga-la-sorciere/) Théâtre Darius Milhaud 80 allée Darius Milhaud, 75019, Paris. Renseignements et réservations : 01 42 01 92 26 E.mail : [theatre@tdmparis.fr](mailto:theatre@tdmparis.fr)",Paris,80 allée darius milhaud,Île-de-France,2026-04-29 14:30:00,2026-05-01 15:00:00,,https://openagenda.com/semainepetiteenfance/events/baba-yaga-la-sorciere-2909150,"Titre: Baba Yaga la sorcière
Description: Découvrez comment Baba Yaga est devenue Baba Yaga !
Détails: Plongez au cœur du folklore slave et découvrez comment la Baba Yaga est devenue la Baba Yaga dans ce conte original en théâtre d’ombres ! ”Viens-tu ici pour accomplir une tâche, ou pour fuir une tâche ?” C’est ce que demande la sorcière Baba Yaga à la petite Anoushka, qui s’est perdue dans la forêt en cherchant son petit oiseau. En échange de sa bonne conduite, Baba Yaga promet de répondre à trois de ses questions : Pourquoi sa maison a-t-elle des pattes de poulet ? Pourquoi vit-elle toute seule dans la forêt ? Où se trouve son petit oiseau ? Baba Yaga est sans aucun doute la figure la plus connue du folklore slave, bien qu’elle ne soit qu’un personnage secondaire aidant ou mettant des bâtons dans les roues au protagoniste principal. Mais jamais l’héroïne de sa propre histoire. Eh bien cette injustice change aujourd’hui, dans ce conte ! TEASER : [https://www.youtube.com/watch?v=4Gdf1sGc8RM](https://www.youtube.com/watch?v=4Gdf1sGc8RM) Ce spectacle fait partie de notre répertoire des contes du monde en théâtre d’ombres. Une invitation à explorer la richesse des récits traditionnels et des légendes qui ont traversé les âges. À travers des silhouettes délicatement découpées et projetées sur grand écran, chaque conte prend vie, transportant petits et grands dans des voyages imaginaires au cœur de cultures variées. Alors venez découvrir l’histoire de la Baba Yaga, et restez à la fin pour poser vos questions et en découvrir plus sur le théâtre d’ombres et le fonctionnement de ses marionnettes ! Spectacle jeune public | 45 min | à partir de 5 ans Les 29, 30 avril et 1er mai 2026 à 14h30. Réservation : [https://www.theatredariusmilhaud.fr/spectacles-enfants/baba-yaga-la-sorciere/](https://www.theatredariusmilhaud.fr/spectacles-enfants/baba-yaga-la-sorciere/) Théâtre Darius Milhaud 80 allée Darius Milhaud, 75019, Paris. Renseignements et réservations : 01 42 01 92 26 E.mail : [theatre@tdmparis.fr](mailto:theatre@tdmparis.fr)
Lieu: Paris, 80 allée darius milhaud
Date de début: 2026-04-29 14:30:00
Date de fin: 2026-05-01 15:00:00"
91855651,"Baba Yaga la sorcière, conte en théâtre d'ombres",Plongez au cœur du folklore slave et découvrez comment la Baba Yaga est devenue la Baba Yaga dans ce conte original en théâtre d’ombres !,"”Viens-tu ici pour accomplir une tâche, ou pour fuir une tâche ?” C’est ce que demande la sorcière Baba Yaga à la petite Anushka, qui s’est perdue dans la forêt en cherchant son petit oiseau. En échange de sa bonne conduite, Baba Yaga promet de répondre à trois de ses questions : Pourquoi sa maison a-t-elle des pattes de poulet ? Pourquoi vit-elle toute seule dans la forêt ? Où se trouve son petit oiseau ? Baba Yaga est sans aucun doute la figure la plus connue du folklore slave, bien qu’elle ne soit qu’un personnage secondaire aidant ou mettant des bâtons dans les roues au protagoniste principal. Mais jamais l’héroïne de sa propre histoire. Eh bien cette injustice change aujourd’hui, dans ce conte ! TEASER : [https://www.youtube.com/watch?v=4Gdf1sGc8RM](https://www.youtube.com/watch?v=4Gdf1sGc8RM) Ce spectacle fait partie de notre répertoire des contes du monde en théâtre d’ombres. Une invitation à explorer la richesse des récits traditionnels et des légendes qui ont traversé les âges. À travers des silhouettes délicatement découpées et projetées sur grand écran, chaque conte prend vie, transportant petits et grands dans des voyages imaginaires au cœur de cultures variées. Alors venez découvrir l’histoire de la Baba Yaga, et restez à la fin pour poser vos questions et en découvrir plus sur le théâtre d’ombres et le fonctionnement de ses marionnettes ! Spectacle jeune public | 45 min | à partir de 5 ans [Les 29, 30 avril et 1er mai 2026 à 14h30.](mailto:jp@mondedureve.com) Réservation : [https://www.theatredariusmilhaud.fr/spectacles-enfants/baba-yaga-la-sorciere/](https://www.theatredariusmilhaud.fr/spectacles-enfants/baba-yaga-la-sorciere/) Théâtre Darius Milhaud 80 allée Darius Milhaud, 75019, Paris. Renseignements et réservations : 01 42 01 92 26 E.mail : [theatre@tdmparis.fr](mailto:theatre@tdmparis.fr)",Paris,80 allée darius milhaud,Île-de-France,2026-04-29 14:30:00,2026-05-01 15:00:00,"baba yaga, théâtre d'ombres, marionnettes, jeune public, sortie en famille, contes, slave, karrak",https://openagenda.com/semainepetiteenfance/events/baba-yaga-la-sorciere-conte-en-theatre-dombres-9539203,"Titre: Baba Yaga la sorcière, conte en théâtre d'ombres
Description: Plongez au cœur du folklore slave et découvrez comment la Baba Yaga est devenue la Baba Yaga dans ce conte original en théâtre d’ombres !
Détails: ”Viens-tu ici pour accomplir une tâche, ou pour fuir une tâche ?” C’est ce que demande la sorcière Baba Yaga à la petite Anushka, qui s’est perdue dans la forêt en cherchant son petit oiseau. En échange de sa bonne conduite, Baba Yaga promet de répondre à trois de ses questions : Pourquoi sa maison a-t-elle des pattes de poulet ? Pourquoi vit-elle toute seule dans la forêt ? Où se trouve son petit oiseau ? Baba Yaga est sans aucun doute la figure la plus connue du folklore slave, bien qu’elle ne soit qu’un personnage secondaire aidant ou mettant des bâtons dans les roues au protagoniste principal. Mais jamais l’héroïne de sa propre histoire. Eh bien cette injustice change aujourd’hui, dans ce conte ! TEASER : [https://www.youtube.com/watch?v=4Gdf1sGc8RM](https://www.youtube.com/watch?v=4Gdf1sGc8RM) Ce spectacle fait partie de notre répertoire des contes du monde en théâtre d’ombres. Une invitation à explorer la richesse des récits traditionnels et des légendes qui ont traversé les âges. À travers des silhouettes délicatement découpées et projetées sur grand écran, chaque conte prend vie, transportant petits et grands dans des voyages imaginaires au cœur de cultures variées. Alors venez découvrir l’histoire de la Baba Yaga, et restez à la fin pour poser vos questions et en découvrir plus sur le théâtre d’ombres et le fonctionnement de ses marionnettes ! Spectacle jeune public | 45 min | à partir de 5 ans [Les 29, 30 avril et 1er mai 2026 à 14h30.](mailto:jp@mondedureve.com) Réservation : [https://www.theatredariusmilhaud.fr/spectacles-enfants/baba-yaga-la-sorciere/](https://www.theatredariusmilhaud.fr/spectacles-enfants/baba-yaga-la-sorciere/) Théâtre Darius Milhaud 80 allée Darius Milhaud, 75019, Paris. Renseignements et réservations : 01 42 01 92 26 E.mail : [theatre@tdmparis.fr](mailto:theatre@tdmparis.fr)
Lieu: Paris, 80 allée darius milhaud
Date de début: 2026-04-29 14:30:00
Date de fin: 2026-05-01 15:00:00
Catégories: baba yaga, théâtre d'ombres, marionnettes, jeune public, sortie en famille, contes, slave, karrak"
6790435,"Exposition ""Que font les parents quand les enfants dorment ?""","C’est la nuit. Bien au chaud dans son lit, un petit garçon imagine ce que fait sa maman pendant qu’il dort... Un hommage à la liberté des femmes et au lien indéfectible entre une mère et son fils.","**Du 4 mars au 24 avril 2026** **Avec des illustrations d’Ève Gentilhomme, de l’album** _**La nuit tombe, Maman rêve**_ **(éd. La tête ailleurs)** Cet album, poétique et tendre, évoque de façon subtile les difficultés que rencontrent les mamans qui élèvent seules leurs enfants, mais aussi leurs rêves et leurs désirs. Comment, quand on est maman solo, continuer à être une femme, libre, émancipée, heureuse ? À travers un parcours visuel doux et coloré, explorez l’imaginaire d’un petit garçon qui rêve de la vie nocturne de sa maman. Entre poésie urbaine et tendresse, cette exposition lève le voile sur le quotidien des mamans solo avec une sensibilité rare. Une immersion haute en couleurs dans un monde où les tâches quotidiennes se transforment en aventures étoilées. Entrée libre et gratuite",Chambéry,"32 rue Vieille Monnaie, 73000 Chambéry",Auvergne-Rhône-Alpes,2026-03-04 10:00:00,2026-04-24 18:00:00,,https://openagenda.com/semainepetiteenfance/events/exposition-que-font-les-parents-quand-les-enfants-dorment,"Titre: Exposition ""Que font les parents quand les enfants dorment ?""
Description: C’est la nuit. Bien au chaud dans son lit, un petit garçon imagine ce que fait sa maman pendant qu’il dort... Un hommage à la liberté des femmes et au lien indéfectible entre une mère et son fils.
Détails: **Du 4 mars au 24 avril 2026** **Avec des illustrations d’Ève Gentilhomme, de l’album** _**La nuit tombe, Maman rêve**_ **(éd. La tête ailleurs)** Cet album, poétique et tendre, évoque de façon subtile les difficultés que rencontrent les mamans qui élèvent seules leurs enfants, mais aussi leurs rêves et leurs désirs. Comment, quand on est maman solo, continuer à être une femme, libre, émancipée, heureuse ? À travers un parcours visuel doux et coloré, explorez l’imaginaire d’un petit garçon qui rêve de la vie nocturne de sa maman. Entre poésie urbaine et tendresse, cette exposition lève le voile sur le quotidien des mamans solo avec une sensibilité rare. Une immersion haute en couleurs dans un monde où les tâches quotidiennes se transforment en aventures étoilées. Entrée libre et gratuite
Lieu: Chambéry, 32 rue Vieille Monnaie, 73000 Chambéry
Date de début: 2026-03-04 10:00:00
Date de fin: 2026-04-24 18:00:00"
60869079,La Semaine de la Petite Enfance s'invite à la crèche du 16 au 26/03!,"De l'accueil au départ de l'enfant, parents, enfants et professionnels seront invités à découvrir, ressentir, expérimenter et utiliser leurs 5 sens lors des ateliers proposés durant ces 15 jours.","La semaine débutera par un petit déjeuner des familles; petits et grands pourront découvrir quelques saveurs, un petit déjeuner équilibré et un petit jeu d'équilibriste sera proposé. Chaque jour, des ateliers ouverts aux familles et à destination des enfants, seront proposés et animés par les professionnelles de la crèche. Parcours de motricité à la recherche de son équilibre, marcher dans des empreintes de pas, sautiller sur la marelle à l'entrée de la crèche... Nous invitons à découvrir le thème ""Des Equilibres"" en utilisant plusieurs sens: \- Le corps tout entier: un espace de sommeil se voit transformer en plage de sable. Libre à chacun de marcher dans la semoule en chaussettes ou pieds nus. Drôle de sensation, ça glisse, ça roule sous les pieds. \- Dégustation: et si un cannelé cachait différentes saveurs? Une même forme mais du sucré, du salé, de l'épicé ou du doux. Qui découvrira ce qui s'y cache? Un buffet où chaque enfant sera invité à se servir en toute autonomie. \- Equilibre: comment construire une tour en brique sans qu'elle tombe? Et si on pouvait profiter de cet équilibre pour tout déséquilibrer? Construire, déconstruire et reconstruire seront les maîtres mots de cette action. Chaque famille utilisatrice de la crèche pourra s'inscrire aux ateliers et découvrir avec leur enfant ce qui est proposé durant ces deux semaines.",Saint-Joseph-de-Rivière,"8 place de la Mairie, 38134 Saint-Joseph-de-Rivière",Auvergne-Rhône-Alpes,2026-03-16 08:00:00,2026-04-20 19:00:00,,https://openagenda.com/semainepetiteenfance/events/la-semaine-de-la-petite-enfance-sinvite-a-la-creche-du-16-au-2603,"Titre: La Semaine de la Petite Enfance s'invite à la crèche du 16 au 26/03!
Description: De l'accueil au départ de l'enfant, parents, enfants et professionnels seront invités à découvrir, ressentir, expérimenter et utiliser leurs 5 sens lors des ateliers proposés durant ces 15 jours.
Détails: La semaine débutera par un petit déjeuner des familles; petits et grands pourront découvrir quelques saveurs, un petit déjeuner équilibré et un petit jeu d'équilibriste sera proposé. Chaque jour, des ateliers ouverts aux familles et à destination des enfants, seront proposés et animés par les professionnelles de la crèche. Parcours de motricité à la recherche de son équilibre, marcher dans des empreintes de pas, sautiller sur la marelle à l'entrée de la crèche... Nous invitons à découvrir le thème ""Des Equilibres"" en utilisant plusieurs sens: \- Le corps tout entier: un espace de sommeil se voit transformer en plage de sable. Libre à chacun de marcher dans la semoule en chaussettes ou pieds nus. Drôle de sensation, ça glisse, ça roule sous les pieds. \- Dégustation: et si un cannelé cachait différentes saveurs? Une même forme mais du sucré, du salé, de l'épicé ou du doux. Qui découvrira ce qui s'y cache? Un buffet où chaque enfant sera invité à se servir en toute autonomie. \- Equilibre: comment construire une tour en brique sans qu'elle tombe? Et si on pouvait profiter de cet équilibre pour tout déséquilibrer? Construire, déconstruire et reconstruire seront les maîtres mots de cette action. Chaque famille utilisatrice de la crèche pourra s'inscrire aux ateliers et découvrir avec leur enfant ce qui est proposé durant ces deux semaines.
Lieu: Saint-Joseph-de-Rivière, 8 place de la Mairie, 38134 Saint-Joseph-de-Rivière
Date de début: 2026-03-16 08:00:00
Date de fin: 2026-04-20 19:00:00"
88794085,"Une semaine ""petite enfance"" à la médiathèque",Les bibliothécaires jeunesse proposent une semaine d'animations à découvrir en famille à la médiathèque,"Après des interventions lecture dans les 2 crèches et le Relais Petite enfance de la commune la semaine du 14 mars 2026, du 10 au 18 avril les bibliothécaires proposent toute une semaine d'animations à découvrir en famille à la médiathèque: \-les 10, 14, 15,16 et 18 avril, des séances de lecture (sur le thème des équilibres et autour des livres de Ramadier et Bourgeau) qui invitent à des moments de partage et d'éveil autour du livre avec les tout-petits: tapis de lecture, comptines et kamishibai seront de la partie! Trois séances sont prévues pour le public de la médiathèque, une séance pour les enfants des crèches de la ville et une séance pour les assistantes maternelles du Relais petite enfance. Des petits jeux de manipulation, de construction et de motricité seront proposés en libre accès dans l'espace de la médiathèque. \-le 10 avril, pour les plus grands, la graphothérapeuthe Josiane Gontard animera une rencontre autour de son travail qui a pour but d'aider les enfants et adolescents dont les fonctions graphiques sont perturbées. \-Le samedi 11 avril, un spectacle musical ""Des fourmis dans les nageoires"", par la compagnie La tête en herbe, offert aux enfants de 18 mois à 8 ans et qui incite à écouter, à rêver, à buller au son des instruments... Des créations sonores et visuelles qui entretiennent toujours plus le lien des enfants à la nature. Le spectacle sera suivi de deux ateliers parents-enfants (5-8ans) d'initiation au théâtre d'ombres par les artistes de la compagnie. \-Le 17 avril, le""café poussettes"" qui propose un espace de rencontre pour les parents: des échanges autour d'une sélection bibliographique sur le thème de l'équilibre familial et des interventions d'une psychologue \- La semaine se terminera le samedi 18 avril après-midi sur une initiation ludique au yoga: parent et enfant sont invités à venir ensemble lors de ce joyeux moment de complicité, pour appréhender leur corps, tester leur motricité et trouver l'équilibre de quelques postures amusantes et... relaxantes.",Sorgues,285 avenue d'Avignon,Provence-Alpes-Côte d'Azur,2026-04-10 10:00:00,2026-04-17 17:00:00,,https://openagenda.com/semainepetiteenfance/events/une-semaine-petite-enfance-a-la-mediatheque-3304958,"Titre: Une semaine ""petite enfance"" à la médiathèque
Description: Les bibliothécaires jeunesse proposent une semaine d'animations à découvrir en famille à la médiathèque
Détails: Après des interventions lecture dans les 2 crèches et le Relais Petite enfance de la commune la semaine du 14 mars 2026, du 10 au 18 avril les bibliothécaires proposent toute une semaine d'animations à découvrir en famille à la médiathèque: \-les 10, 14, 15,16 et 18 avril, des séances de lecture (sur le thème des équilibres et autour des livres de Ramadier et Bourgeau) qui invitent à des moments de partage et d'éveil autour du livre avec les tout-petits: tapis de lecture, comptines et kamishibai seront de la partie! Trois séances sont prévues pour le public de la médiathèque, une séance pour les enfants des crèches de la ville et une séance pour les assistantes maternelles du Relais petite enfance. Des petits jeux de manipulation, de construction et de motricité seront proposés en libre accès dans l'espace de la médiathèque. \-le 10 avril, pour les plus grands, la graphothérapeuthe Josiane Gontard animera une rencontre autour de son travail qui a pour but d'aider les enfants et adolescents dont les fonctions graphiques sont perturbées. \-Le samedi 11 avril, un spectacle musical ""Des fourmis dans les nageoires"", par la compagnie La tête en herbe, offert aux enfants de 18 mois à 8 ans et qui incite à écouter, à rêver, à buller au son des instruments... Des créations sonores et visuelles qui entretiennent toujours plus le lien des enfants à la nature. Le spectacle sera suivi de deux ateliers parents-enfants (5-8ans) d'initiation au théâtre d'ombres par les artistes de la compagnie. \-Le 17 avril, le""café poussettes"" qui propose un espace de rencontre pour les parents: des échanges autour d'une sélection bibliographique sur le thème de l'équilibre familial et des interventions d'une psychologue \- La semaine se terminera le samedi 18 avril après-midi sur une initiation ludique au yoga: parent et enfant sont invités à venir ensemble lors de ce joyeux moment de complicité, pour appréhender leur corps, tester leur motricité et trouver l'équilibre de quelques postures amusantes et... relaxantes.
Lieu: Sorgues, 285 avenue d'Avignon
Date de début: 2026-04-10 10:00:00
Date de fin: 2026-04-17 17:00:00"
32293216,Essayons de trouver l'équilibre,Une semaine novatrice pour proposer des ateliers aux familles autour du thème de l’équilibre,Nous allons décliner le thème de l'équilibre durant la semaine de la petite enfance du 16 au 20 Mars pour le plus grand plaisir des enfants accueillis au sein de la structure des Petits Centurions ainsi que de leur famille,Bagnols-en-Forêt,83600 FREJUS,Provence-Alpes-Côte d'Azur,2026-03-16 08:00:00,2026-04-17 14:30:00,,https://openagenda.com/semainepetiteenfance/events/essayons-de-trouver-lequilibre,"Titre: Essayons de trouver l'équilibre
Description: Une semaine novatrice pour proposer des ateliers aux familles autour du thème de l’équilibre
Détails: Nous allons décliner le thème de l'équilibre durant la semaine de la petite enfance du 16 au 20 Mars pour le plus grand plaisir des enfants accueillis au sein de la structure des Petits Centurions ainsi que de leur famille
Lieu: Bagnols-en-Forêt, 83600 FREJUS
Date de début: 2026-03-16 08:00:00
Date de fin: 2026-04-17 14:30:00"
24463695,Matinées Eveil,Des matinée d'éveil motricité et équilibres pour se rencontrer,"A l’invitation du Relais Petite Enfance, les structures petite enfance du territoire et assistantes maternelles se réuniront autour de matinées d’éveil motricité et équilibres sur chaque commune du secteur (Bégrolles-en-Mauges, La Romagne, La Séguinière, Le May-sur-Evre, Saint-Léger-sous-Cholet). L’occasion d’échanger entre professionnelles et de partager un temps de jeux pour tous les enfants.",Bégrolles-en-Mauges,Bégrolles-en-Mauges,Pays de la Loire,2026-03-16 09:00:00,2026-04-17 12:00:00,,https://openagenda.com/semainepetiteenfance/events/matinees-eveil,"Titre: Matinées Eveil
Description: Des matinée d'éveil motricité et équilibres pour se rencontrer
Détails: A l’invitation du Relais Petite Enfance, les structures petite enfance du territoire et assistantes maternelles se réuniront autour de matinées d’éveil motricité et équilibres sur chaque commune du secteur (Bégrolles-en-Mauges, La Romagne, La Séguinière, Le May-sur-Evre, Saint-Léger-sous-Cholet). L’occasion d’échanger entre professionnelles et de partager un temps de jeux pour tous les enfants.
Lieu: Bégrolles-en-Mauges, Bégrolles-en-Mauges
Date de début: 2026-03-16 09:00:00
Date de fin: 2026-04-17 12:00:00"
60359965,"Ateliers Assistantes maternelles, parents et enfants",Ateliers ouverts aux assistantes maternelle et aux enfants qu'elles accueilles ainsi qu'à leurs familles,"**Semaine du 16 au 21 Mars :** Lundi, mardi, jeudi et vendredi : Ateliers reservés aux assistantes maternelles et aux enfants qu'elles accueillent de 9h30 à 11h30. Samedi : Ateliers ouverts aux familles des enfants accueillis chez une assistante maternelles. Sur inscription, de 9h à 12h.",Noisy-le-Grand,19 avenue du Maréchal Joffre 93160 Noisy le grand,Île-de-France,2026-03-16 09:30:00,2026-04-17 11:30:00,,https://openagenda.com/semainepetiteenfance/events/ateliers-assistantes-maternelles-parents-et-enfants,"Titre: Ateliers Assistantes maternelles, parents et enfants
Description: Ateliers ouverts aux assistantes maternelle et aux enfants qu'elles accueilles ainsi qu'à leurs familles
Détails: **Semaine du 16 au 21 Mars :** Lundi, mardi, jeudi et vendredi : Ateliers reservés aux assistantes maternelles et aux enfants qu'elles accueillent de 9h30 à 11h30. Samedi : Ateliers ouverts aux familles des enfants accueillis chez une assistante maternelles. Sur inscription, de 9h à 12h.
Lieu: Noisy-le-Grand, 19 avenue du Maréchal Joffre 93160 Noisy le grand
Date de début: 2026-03-16 09:30:00
Date de fin: 2026-04-17 11:30:00"
61801529,Notre programme pour la semaine de la petite enfance,"Durant cette semaine, l'équipe de la crèche Ti Zabitan a choisi d'explorer le thème des équilibres par les 5 sens.",,Vieux-Habitants,6 rue Germaine Malespine Suedois7119 Vieux-Habitants,Guadeloupe,2026-03-16 09:30:00,2026-04-16 11:30:00,,https://openagenda.com/semainepetiteenfance/events/notre-programme-pour-la-semaine-de-la-petite-enfance,"Titre: Notre programme pour la semaine de la petite enfance
Description: Durant cette semaine, l'équipe de la crèche Ti Zabitan a choisi d'explorer le thème des équilibres par les 5 sens.
Lieu: Vieux-Habitants, 6 rue Germaine Malespine Suedois7119 Vieux-Habitants
Date de début: 2026-03-16 09:30:00
Date de fin: 2026-04-16 11:30:00"
29121735,Ateliers parents/enfants autour des déséquilibres,Ateliers parents/enfants à l'occasion de la semaine nationale de la petite enfance 2026,"À l’occasion de la Semaine Nationale de la Petite Enfance, notre structure proposera une semaine d’activités autour du thème « Des équilibres ». Tout au long de la semaine, les enfants pourront explorer la notion d’équilibre à travers le jeu, le mouvement, les émotions et les relations. Des ateliers variés leur permettront d’expérimenter, de découvrir leur corps et de développer leur confiance. Parmi les temps forts, nous proposerons un atelier yoga des équilibres, favorisant la détente, la concentration et la conscience du corps. Un atelier autour des émotions avec les petits bonhommes d’allumettes permettra aux enfants d’identifier, d’exprimer et de comprendre leurs émotions de manière ludique. Un moment « Ti kozé » sera également organisé avec les parents pour échanger autour de l’équilibre entre la vie familiale et la vie professionnelle. Un parcours moteur parents-enfants offrira un temps de partage et de complicité, tout en stimulant la motricité et la confiance des enfants. Cette semaine sera un moment privilégié pour renforcer les liens entre enfants, parents et professionnels, et rappeler que l’équilibre du jeune enfant se construit chaque jour grâce à la sécurité affective, au jeu et au partenariat avec les familles.",Pointe-à-Pitre,Résidence Ciboneye 97110 Pointe-à-Pitre,Guadeloupe,2026-03-16 08:00:00,2026-04-15 14:00:00,,https://openagenda.com/semainepetiteenfance/events/ateliers-parentsenfants-autour-des-desequilibre,"Titre: Ateliers parents/enfants autour des déséquilibres
Description: Ateliers parents/enfants à l'occasion de la semaine nationale de la petite enfance 2026
Détails: À l’occasion de la Semaine Nationale de la Petite Enfance, notre structure proposera une semaine d’activités autour du thème « Des équilibres ». Tout au long de la semaine, les enfants pourront explorer la notion d’équilibre à travers le jeu, le mouvement, les émotions et les relations. Des ateliers variés leur permettront d’expérimenter, de découvrir leur corps et de développer leur confiance. Parmi les temps forts, nous proposerons un atelier yoga des équilibres, favorisant la détente, la concentration et la conscience du corps. Un atelier autour des émotions avec les petits bonhommes d’allumettes permettra aux enfants d’identifier, d’exprimer et de comprendre leurs émotions de manière ludique. Un moment « Ti kozé » sera également organisé avec les parents pour échanger autour de l’équilibre entre la vie familiale et la vie professionnelle. Un parcours moteur parents-enfants offrira un temps de partage et de complicité, tout en stimulant la motricité et la confiance des enfants. Cette semaine sera un moment privilégié pour renforcer les liens entre enfants, parents et professionnels, et rappeler que l’équilibre du jeune enfant se construit chaque jour grâce à la sécurité affective, au jeu et au partenariat avec les familles.
Lieu: Pointe-à-Pitre, Résidence Ciboneye 97110 Pointe-à-Pitre
Date de début: 2026-03-16 08:00:00
Date de fin: 2026-04-15 14:00:00"
9726101,"Une semaine ""petite enfance"" à la médiathèque","Les bibliothécaires jeunesse proposent toute une semaine d'animations à destination des crèches, du Relais petite enfance mais aussi à découvrir en famille.","Après des interventions lecture dans les 2 crèches et le Relais Petite enfance de la commune la semaine du 14 mars 2026, du 10 au 18 avril les bibliothécaires proposent toute une semaine d'animations à découvrir en famille à la médiathèque: \-les 10, 14, 15,16 et 18 avril, des séances de lecture (sur le thème des équilibres et autour des livres de Ramadier et Bourgeau) qui invitent à des moments de partage et d'éveil autour du livre avec les tout-petits: tapis de lecture, comptines et kamishibai seront de la partie! Trois séances sont prévues pour le public de la médiathèque, une séance pour les enfants des crèches de la ville et une séance pour les assistantes maternelles du Relais petite enfance. Des petits jeux de manipulation, de construction et de motricité seront proposés en libre accès dans l'espace de la médiathèque. \-le 10 avril, pour les plus grands, la graphothérapeuthe Josiane Gontard animera une rencontre autour de son travail qui a pour but d'aider les enfants et adolescents dont les fonctions graphiques sont perturbées. \-Le samedi 11 avril, un spectacle musical ""Des fourmis dans les nageoires"", par la compagnie La tête en herbe, offert aux enfants de 18 mois à 8 ans et qui incite à écouter, à rêver, à buller au son des instruments... Des créations sonores et visuelles qui entretiennent toujours plus le lien des enfants à la nature. Le spectacle sera suivi de deux ateliers parents-enfants (5-8ans) d'initiation au théâtre d'ombres par les artistes de la compagnie. \-Le 17 avril, le""café poussettes"" qui propose un espace de rencontre pour les parents: des échanges autour d'une sélection bibliographique sur le thème de l'équilibre familial et des interventions d'une psychologue. \- La semaine se terminera le samedi 18 avril après-midi sur une initiation ludique au yoga: parent et enfant sont invités à venir ensemble lors de ce joyeux moment de complicité, pour appréhender leur corps, tester leur motricité et trouver l'équilibre de quelques postures amusantes et... relaxantes.",Sorgues,285 avenue d'Avignon,Provence-Alpes-Côte d'Azur,2026-04-10 10:00:00,2026-04-12 16:00:00,,https://openagenda.com/semainepetiteenfance/events/une-semaine-petite-enfance-a-la-mediatheque,"Titre: Une semaine ""petite enfance"" à la médiathèque
Description: Les bibliothécaires jeunesse proposent toute une semaine d'animations à destination des crèches, du Relais petite enfance mais aussi à découvrir en famille.
Détails: Après des interventions lecture dans les 2 crèches et le Relais Petite enfance de la commune la semaine du 14 mars 2026, du 10 au 18 avril les bibliothécaires proposent toute une semaine d'animations à découvrir en famille à la médiathèque: \-les 10, 14, 15,16 et 18 avril, des séances de lecture (sur le thème des équilibres et autour des livres de Ramadier et Bourgeau) qui invitent à des moments de partage et d'éveil autour du livre avec les tout-petits: tapis de lecture, comptines et kamishibai seront de la partie! Trois séances sont prévues pour le public de la médiathèque, une séance pour les enfants des crèches de la ville et une séance pour les assistantes maternelles du Relais petite enfance. Des petits jeux de manipulation, de construction et de motricité seront proposés en libre accès dans l'espace de la médiathèque. \-le 10 avril, pour les plus grands, la graphothérapeuthe Josiane Gontard animera une rencontre autour de son travail qui a pour but d'aider les enfants et adolescents dont les fonctions graphiques sont perturbées. \-Le samedi 11 avril, un spectacle musical ""Des fourmis dans les nageoires"", par la compagnie La tête en herbe, offert aux enfants de 18 mois à 8 ans et qui incite à écouter, à rêver, à buller au son des instruments... Des créations sonores et visuelles qui entretiennent toujours plus le lien des enfants à la nature. Le spectacle sera suivi de deux ateliers parents-enfants (5-8ans) d'initiation au théâtre d'ombres par les artistes de la compagnie. \-Le 17 avril, le""café poussettes"" qui propose un espace de rencontre pour les parents: des échanges autour d'une sélection bibliographique sur le thème de l'équilibre familial et des interventions d'une psychologue. \- La semaine se terminera le samedi 18 avril après-midi sur une initiation ludique au yoga: parent et enfant sont invités à venir ensemble lors de ce joyeux moment de complicité, pour appréhender leur corps, tester leur motricité et trouver l'équilibre de quelques postures amusantes et... relaxantes.
Lieu: Sorgues, 285 avenue d'Avignon
Date de début: 2026-04-10 10:00:00
Date de fin: 2026-04-12 16:00:00"
94642402,Semaine Nationale de la Petite Enfance RPE Intercommunal Mézières sur Seine,"jeux, motricité, lectures, éveil sensoriel... 0-3 ans","Venez partager un moment autour du Thème Des Equilibres, avec votre enfant de 0 à 3 ans. Evênement ouvert à tous, sans inscription. Assistants Maternels, Bibliothècaire, psychomotricienne, éducatrices de jeunes enfants...vous accueillerons pour un moment de partage autour de jeux, motricités, lectures, éveil sensoriel, chamboule-tout, tester son équilibre..attention aux crocodiles...",Mézières-sur-Seine,Rue Maurice Fricotté,Île-de-France,2026-04-11 09:30:00,2026-04-11 12:00:00,,https://openagenda.com/semainepetiteenfance/events/semaine-nationale-de-la-petite-enfance-rpe-intercommunal-mezieres-sur-seine,"Titre: Semaine Nationale de la Petite Enfance RPE Intercommunal Mézières sur Seine
Description: jeux, motricité, lectures, éveil sensoriel... 0-3 ans
Détails: Venez partager un moment autour du Thème Des Equilibres, avec votre enfant de 0 à 3 ans. Evênement ouvert à tous, sans inscription. Assistants Maternels, Bibliothècaire, psychomotricienne, éducatrices de jeunes enfants...vous accueillerons pour un moment de partage autour de jeux, motricités, lectures, éveil sensoriel, chamboule-tout, tester son équilibre..attention aux crocodiles...
Lieu: Mézières-sur-Seine, Rue Maurice Fricotté
Date de début: 2026-04-11 09:30:00
Date de fin: 2026-04-11 12:00:00"
24301738,un monde en couleurs,exposition ludique conçue par Ludovic Meunier autour des formes et des couleurs du 7 mars au 4 avril 2026 inclus,"Une exposition ludique conçue autour des formes et des couleurs par le scénographe Ludovic Meunier. Dans cette exposition interactive les petits pourront grâce à différents modules manipuler, toucher, et traverser un labyrinthe de couleurs. Des espaces de jeux, de lecture, et de motricité seront également proposés pour le jeune public dans le cadre du mois de la petite-enfance.",Saint-Jean-de-Braye,"13, place de La Commune 45800 Saint-Jean de Braye",Centre-Val de Loire,2026-03-10 13:30:00,2026-04-04 17:30:00,,https://openagenda.com/semainepetiteenfance/events/un-monde-en-couleurs,"Titre: un monde en couleurs
Description: exposition ludique conçue par Ludovic Meunier autour des formes et des couleurs du 7 mars au 4 avril 2026 inclus
Détails: Une exposition ludique conçue autour des formes et des couleurs par le scénographe Ludovic Meunier. Dans cette exposition interactive les petits pourront grâce à différents modules manipuler, toucher, et traverser un labyrinthe de couleurs. Des espaces de jeux, de lecture, et de motricité seront également proposés pour le jeune public dans le cadre du mois de la petite-enfance.
Lieu: Saint-Jean-de-Braye, 13, place de La Commune 45800 Saint-Jean de Braye
Date de début: 2026-03-10 13:30:00
Date de fin: 2026-04-04 17:30:00"
43249091,Trop P'tits Party 2026,La Communauté de communes des Collines du Perche Normand organise la « Trop P’tits Party » du 14 mars au 4 avril 2026 sur le territoire intercommunal Secteur Bellême et Val au Perche.,Cet événement dédié à la petite enfance proposera aux familles de nombreuses animations gratuites autour du développement de la confiance en soi et des émotions du jeune enfant. Tout le programme de la Trop P'tits Party disponible sur ce lien = [https://www.perchenormand.fr/app/download/13265376226/Trop-Ptit-Party-2026vdef-sanstraitsdecoupe.pdf?t=1772542628](https://www.perchenormand.fr/app/download/13265376226/Trop-Ptit-Party-2026vdef-sanstraitsdecoupe.pdf?t=1772542628),Val-au-Perche,Rue de la Cave Rouge,Normandie,2026-03-14 10:00:00,2026-04-04 11:30:00,,https://openagenda.com/semainepetiteenfance/events/trop-ptits-party-2026-9893757,"Titre: Trop P'tits Party 2026
Description: La Communauté de communes des Collines du Perche Normand organise la « Trop P’tits Party » du 14 mars au 4 avril 2026 sur le territoire intercommunal Secteur Bellême et Val au Perche.
Détails: Cet événement dédié à la petite enfance proposera aux familles de nombreuses animations gratuites autour du développement de la confiance en soi et des émotions du jeune enfant. Tout le programme de la Trop P'tits Party disponible sur ce lien = [https://www.perchenormand.fr/app/download/13265376226/Trop-Ptit-Party-2026vdef-sanstraitsdecoupe.pdf?t=1772542628](https://www.perchenormand.fr/app/download/13265376226/Trop-Ptit-Party-2026vdef-sanstraitsdecoupe.pdf?t=1772542628)
Lieu: Val-au-Perche, Rue de la Cave Rouge
Date de début: 2026-03-14 10:00:00
Date de fin: 2026-04-04 11:30:00"
33989847,"Ne pas déranger, nous jouons !",séances ludiques et lecture en partenariat avec ASCA et petite-enfance,"Ne pas déranger ! Nous jouons… Mercredi 11, jeudi 19 mars et vendredi 3 avril de 9h à 11h Public : familles avec enfants de moins de 3 ans Gratuit, Séance ludique – lien parental animé par les professionnelles de la Petite Enfance, la Protection Maternelle et Infantile et les bibliothécaires Les familles d’enfants de moins de 3 ans sont invitées à venir partager un temps de jeu, de lecture et d’échanges avec les bibliothécaires et les professionnelles de la Petite-Enfance. Un trio enfants-parents-professionnels dans un cadre ludique et inhabituel qui donne lieu à des envies, émotions, expériences toutes nouvelles.",Saint-Jean-de-Braye,"13, place de La Commune 45800 Saint-Jean de Braye",Centre-Val de Loire,2026-03-19 09:00:00,2026-04-03 11:00:00,,https://openagenda.com/semainepetiteenfance/events/ne-pas-deranger-nous-jouons,"Titre: Ne pas déranger, nous jouons !
Description: séances ludiques et lecture en partenariat avec ASCA et petite-enfance
Détails: Ne pas déranger ! Nous jouons… Mercredi 11, jeudi 19 mars et vendredi 3 avril de 9h à 11h Public : familles avec enfants de moins de 3 ans Gratuit, Séance ludique – lien parental animé par les professionnelles de la Petite Enfance, la Protection Maternelle et Infantile et les bibliothécaires Les familles d’enfants de moins de 3 ans sont invitées à venir partager un temps de jeu, de lecture et d’échanges avec les bibliothécaires et les professionnelles de la Petite-Enfance. Un trio enfants-parents-professionnels dans un cadre ludique et inhabituel qui donne lieu à des envies, émotions, expériences toutes nouvelles.
Lieu: Saint-Jean-de-Braye, 13, place de La Commune 45800 Saint-Jean de Braye
Date de début: 2026-03-19 09:00:00
Date de fin: 2026-04-03 11:00:00"
10258297,rando-poussettes,tous dans le parc des Longues-Allées pour une randonnée ponctuées d'histoires et de chansons,"Rando-poussettes Avec haltes ""sac à histoires"" animées par l'ensemble des acteurs du projet à tour de rôle Mercredi er avril de 10h à 12h Pour toutes les structures Petite-Enfance et les familles ( ouvert aux frères et soeurs). Gratuit et libre d'accès Parc des Longues Allées - rue Mondésir - Avenue Louis-Joseph Soulas Sous réserve de conditions météorologiques favorables.",Saint-Jean-de-Braye,45800 Saint-Jean de Braye rue Mondésir,Centre-Val de Loire,2026-04-01 10:00:00,2026-04-01 12:00:00,,https://openagenda.com/semainepetiteenfance/events/rando-poussettes-2552555,"Titre: rando-poussettes
Description: tous dans le parc des Longues-Allées pour une randonnée ponctuées d'histoires et de chansons
Détails: Rando-poussettes Avec haltes ""sac à histoires"" animées par l'ensemble des acteurs du projet à tour de rôle Mercredi er avril de 10h à 12h Pour toutes les structures Petite-Enfance et les familles ( ouvert aux frères et soeurs). Gratuit et libre d'accès Parc des Longues Allées - rue Mondésir - Avenue Louis-Joseph Soulas Sous réserve de conditions météorologiques favorables.
Lieu: Saint-Jean-de-Braye, 45800 Saint-Jean de Braye rue Mondésir
Date de début: 2026-04-01 10:00:00
Date de fin: 2026-04-01 12:00:00"
13177829,Des équilibres en couleurs,"Une semaine pensée pour accompagner les tout-petits et leurs familles dans la recherche d’un équilibre au quotidien, entre émotions, corps, créativité et relations.","**Dans le cadre de la Semaine Nationale de la Petite Enfance, la Ville de Feignies propose un programme riche et varié autour du thème « Des Équilibres ».** Cette semaine met à l’honneur l’équilibre sous toutes ses formes : **Équilibre alimentaire et artistique** avec un spectacle jeune public et des ateliers créatifs autour des couleurs et de l’art. **Équilibres familiaux** avec un temps d’échange dédié aux parents sur l’arrivée d’un enfant et les nouveaux repères à construire. **Bien-être et harmonie du corps** grâce à des séances de massage bébé, de yoga postnatal et de baby gym pour développer la motricité et la confiance. **Équilibre par la parole** avec la “Cocottes Party”, un moment convivial d’échanges accompagné par une sophrologue.",Feignies,RUE DERKENNE 59750 FEIGNIES,Hauts-de-France,2026-03-02 13:30:00,2026-03-31 12:00:00,,https://openagenda.com/semainepetiteenfance/events/des-equilibres-en-couleurs,"Titre: Des équilibres en couleurs
Description: Une semaine pensée pour accompagner les tout-petits et leurs familles dans la recherche d’un équilibre au quotidien, entre émotions, corps, créativité et relations.
Détails: **Dans le cadre de la Semaine Nationale de la Petite Enfance, la Ville de Feignies propose un programme riche et varié autour du thème « Des Équilibres ».** Cette semaine met à l’honneur l’équilibre sous toutes ses formes : **Équilibre alimentaire et artistique** avec un spectacle jeune public et des ateliers créatifs autour des couleurs et de l’art. **Équilibres familiaux** avec un temps d’échange dédié aux parents sur l’arrivée d’un enfant et les nouveaux repères à construire. **Bien-être et harmonie du corps** grâce à des séances de massage bébé, de yoga postnatal et de baby gym pour développer la motricité et la confiance. **Équilibre par la parole** avec la “Cocottes Party”, un moment convivial d’échanges accompagné par une sophrologue.
Lieu: Feignies, RUE DERKENNE 59750 FEIGNIES
Date de début: 2026-03-02 13:30:00
Date de fin: 2026-03-31 12:00:00"
77144095,Y'a pas d'âge pour s'émerveiller,les seniors et les bibliothécaires racontent des histoires aux tout-petits,"Y’a pas d’âge pour s’émerveiller Mardi 31 mars 2026 à 10h Public : familles avec enfants de moins de 3 ans Gratuit, sur réservation au 02.38.52.40.80 Les séniors de l’Ehpad « les écureuils » viennent à la rencontre des tout petits pour leur raconter des histoires. L’occasion pour les enfants de découvrir la voix et la tendresse des « grands », et pour les séniors de transmettre, d’échanger et de créer du lien. Place à la magie des histoires et au bonheur d’être ensemble.",Saint-Jean-de-Braye,"13, place de La Commune 45800 Saint-Jean de Braye",Centre-Val de Loire,2026-03-31 10:00:00,2026-03-31 11:00:00,,https://openagenda.com/semainepetiteenfance/events/ya-pas-dage-pour-semerveiller,"Titre: Y'a pas d'âge pour s'émerveiller
Description: les seniors et les bibliothécaires racontent des histoires aux tout-petits
Détails: Y’a pas d’âge pour s’émerveiller Mardi 31 mars 2026 à 10h Public : familles avec enfants de moins de 3 ans Gratuit, sur réservation au 02.38.52.40.80 Les séniors de l’Ehpad « les écureuils » viennent à la rencontre des tout petits pour leur raconter des histoires. L’occasion pour les enfants de découvrir la voix et la tendresse des « grands », et pour les séniors de transmettre, d’échanger et de créer du lien. Place à la magie des histoires et au bonheur d’être ensemble.
Lieu: Saint-Jean-de-Braye, 13, place de La Commune 45800 Saint-Jean de Braye
Date de début: 2026-03-31 10:00:00
Date de fin: 2026-03-31 11:00:00"
12614012,"Exposition ""1, 2, 3 explore"" par l'artiste Clouk",Du samedi 14 au dimanche 29 mars 2026 à la Ferme d'en Haut,"Dans le cadre du temps fort de la Semaine Nationale de la Petite Enfance, nous vous proposons de découvrir un espace immersif, exposition, lectures et manipulations. **1,2,3 Explore! Cette exposition est une invitation pour les petits et les adultes qui les accompagnent à expérimenter autour des 5 sens.** Rencontre avec l'univers coloré et acidulé de **Clouk**, illustratrice ! Dispositif artistique créé spécialement pour La Ferme d'en Haut, Clouk nous propose de développer notre imaginaire, de manipuler, tester, s'émerveiller, contempler et s'amuser. À vous de jouer ! **Visite libre le samedi et dimanche de 15h à 19h et sur réservation pour les groupes villeneuvois en semaine au 03 20 61 01 46 ou [lafermedenhaut@villeneuvedascq.fr](mailto:lafermedenhaut@villeneuvedascq.fr)** **Pour les enfants de 2 à 6 ans. Jauge limitée, attente en extérieur possible. Gratuit** Toute une programmation réalisée en partenariat avec la médiathèque, le service petite enfance, l’Atelier 2 et Cric Crac.",Villeneuve-d'Ascq,"268 rue Jules Guesde, 59650",Hauts-de-France,2026-03-14 15:00:00,2026-03-29 19:00:00,,https://openagenda.com/semainepetiteenfance/events/exposition-1-2-3-explore-par-lartiste-clouk,"Titre: Exposition ""1, 2, 3 explore"" par l'artiste Clouk
Description: Du samedi 14 au dimanche 29 mars 2026 à la Ferme d'en Haut
Détails: Dans le cadre du temps fort de la Semaine Nationale de la Petite Enfance, nous vous proposons de découvrir un espace immersif, exposition, lectures et manipulations. **1,2,3 Explore! Cette exposition est une invitation pour les petits et les adultes qui les accompagnent à expérimenter autour des 5 sens.** Rencontre avec l'univers coloré et acidulé de **Clouk**, illustratrice ! Dispositif artistique créé spécialement pour La Ferme d'en Haut, Clouk nous propose de développer notre imaginaire, de manipuler, tester, s'émerveiller, contempler et s'amuser. À vous de jouer ! **Visite libre le samedi et dimanche de 15h à 19h et sur réservation pour les groupes villeneuvois en semaine au 03 20 61 01 46 ou [lafermedenhaut@villeneuvedascq.fr](mailto:lafermedenhaut@villeneuvedascq.fr)** **Pour les enfants de 2 à 6 ans. Jauge limitée, attente en extérieur possible. Gratuit** Toute une programmation réalisée en partenariat avec la médiathèque, le service petite enfance, l’Atelier 2 et Cric Crac.
Lieu: Villeneuve-d'Ascq, 268 rue Jules Guesde, 59650
Date de début: 2026-03-14 15:00:00
Date de fin: 2026-03-29 19:00:00"
27594363,Village des Mômes,"Le village des mômes est de retour, en équilibre ou en déséquilibre venez découvrir et ressentir de nouvelles sensations.","Un espace ludique en libre accès pour découvrir encore et encore... différents univers autour du jeu sous toutes ses formes. Des professionnels de la petite enfance et la ludothèque itinérante vous accueillent dans le village des Mômes, installé à Magnac-Laval. Pour les enfants de 0 à 5 ans.",Magnac-Laval,24 av François Mitterrand 87190 MAGNAC-LAVAL,Nouvelle-Aquitaine,2026-03-25 09:30:00,2026-03-29 12:30:00,,https://openagenda.com/semainepetiteenfance/events/village-des-momes-992790,"Titre: Village des Mômes
Description: Le village des mômes est de retour, en équilibre ou en déséquilibre venez découvrir et ressentir de nouvelles sensations.
Détails: Un espace ludique en libre accès pour découvrir encore et encore... différents univers autour du jeu sous toutes ses formes. Des professionnels de la petite enfance et la ludothèque itinérante vous accueillent dans le village des Mômes, installé à Magnac-Laval. Pour les enfants de 0 à 5 ans.
Lieu: Magnac-Laval, 24 av François Mitterrand 87190 MAGNAC-LAVAL
Date de début: 2026-03-25 09:30:00
Date de fin: 2026-03-29 12:30:00"
73982832,Requiem de Mozart: Le Chœur CRESCENDO et l'ensemble DODEKA en concert,"L’église Saint-Louis de Fourchambault accueillera le 11 octobre 2026 une interprétation exceptionnelle du Requiem de Mozart par le Chœur Crescendo, l'Ensemble à cordes DODEKA et quatre Solistes.","Mozart en majesté : le Requiem résonnera à l’église Saint Louis de Fourchambault Le 11 octobre 2026, l’église Saint-Louis de Fourchambault accueillera une interprétation exceptionnelle du Requiem de Mozart, portée par le chœur Crescendo de Nevers. Accompagné par l’ensemble à cordes DODEKA (douze instrumentistes à cordes réunis autour d’un arrangement intimiste mais puissant) et quatre solistes , ce concert promet une immersion émouvante dans l’une des œuvres les plus emblématiques du répertoire sacré. Composé par Mozart en 1791 peu avant sa mort, le Requiem est une œuvre majeure du répertoire classique, reconnue pour sa beauté et sa profondeur . Elle est remplie d'une lumière intérieure, d'un éclat qui transcende le temps et les frontières. Pour un chœur non professionnel, le Requiem constitue un défi technique autant qu’artistique. Aborder cette œuvre de Mozart est un bonheur pour chaque chanteur, car dans sa conception elle est non seulement un chef-d'œuvre musical, mais aussi une combinaison d’éléments émotionnels, spirituels et humains Pour le Choeur Crescendo, cette interprétation est une occasion de partager avec le public la beauté universelle de cette œuvre.",Fourchambault,"6 Rue Louis Richard, 58600 Fourchambault",Bourgogne-Franche-Comté,2026-10-11 16:00:00,2026-10-11 17:15:00,"Chant choral, Chœur CRESCENDO, Ensemble DODEKA, Requiem de Mozart",https://openagenda.com/choeur-crescendo-nevers/events/requiem-de-mozart-le-choeur-crescendo-et-lensemble-dodeka-en-concert,"Titre: Requiem de Mozart: Le Chœur CRESCENDO et l'ensemble DODEKA en concert
Description: L’église Saint-Louis de Fourchambault accueillera le 11 octobre 2026 une interprétation exceptionnelle du Requiem de Mozart par le Chœur Crescendo, l'Ensemble à cordes DODEKA et quatre Solistes.
Détails: Mozart en majesté : le Requiem résonnera à l’église Saint Louis de Fourchambault Le 11 octobre 2026, l’église Saint-Louis de Fourchambault accueillera une interprétation exceptionnelle du Requiem de Mozart, portée par le chœur Crescendo de Nevers. Accompagné par l’ensemble à cordes DODEKA (douze instrumentistes à cordes réunis autour d’un arrangement intimiste mais puissant) et quatre solistes , ce concert promet une immersion émouvante dans l’une des œuvres les plus emblématiques du répertoire sacré. Composé par Mozart en 1791 peu avant sa mort, le Requiem est une œuvre majeure du répertoire classique, reconnue pour sa beauté et sa profondeur . Elle est remplie d'une lumière intérieure, d'un éclat qui transcende le temps et les frontières. Pour un chœur non professionnel, le Requiem constitue un défi technique autant qu’artistique. Aborder cette œuvre de Mozart est un bonheur pour chaque chanteur, car dans sa conception elle est non seulement un chef-d'œuvre musical, mais aussi une combinaison d’éléments émotionnels, spirituels et humains Pour le Choeur Crescendo, cette interprétation est une occasion de partager avec le public la beauté universelle de cette œuvre.
Lieu: Fourchambault, 6 Rue Louis Richard, 58600 Fourchambault
Date de début: 2026-10-11 16:00:00
Date de fin: 2026-10-11 17:15:00
Catégories: Chant choral, Chœur CRESCENDO, Ensemble DODEKA, Requiem de Mozart"
44169244,Le Chœur Varenne de Paris en Concert,"Le Chœur Varenne, propose un voyage musical de la Renaissance à nos jours, réunissant des compositeurs aux univers variés tels que Puccini, Fauré, Mendelssohn, Victoria ou encore Gjeilo.","Le Chœur Varenne de Paris perpétue chaque année une tradition chère à ses choristes : un week-end de villégiature printanière dans une ville de France, mêlant découverte du patrimoine et partage musical. Pour cette nouvelle édition, le Chœur fait escale à Nevers et se produira dans le cadre remarquable de l’Église Saint-Étienne, lieu chargé d’histoire. Le programme propose un voyage musical de la Renaissance à nos jours, réunissant des compositeurs aux univers variés tels que Puccini, Fauré, Mendelssohn, Victoria ou encore Gjeilo. Le Chœur sera dirigé par Oussama Mhanna, chef de chœur libanais basé à Paris, avec Nicolas Dross au piano.",Nevers,"8 Rue du Charnier, 58000 Nevers",Bourgogne-Franche-Comté,2026-05-30 20:45:00,2026-05-30 22:15:00,CHANT,https://openagenda.com/choeur-crescendo-nevers/events/le-choeur-varenne-de-paris-en-concert,"Titre: Le Chœur Varenne de Paris en Concert
Description: Le Chœur Varenne, propose un voyage musical de la Renaissance à nos jours, réunissant des compositeurs aux univers variés tels que Puccini, Fauré, Mendelssohn, Victoria ou encore Gjeilo.
Détails: Le Chœur Varenne de Paris perpétue chaque année une tradition chère à ses choristes : un week-end de villégiature printanière dans une ville de France, mêlant découverte du patrimoine et partage musical. Pour cette nouvelle édition, le Chœur fait escale à Nevers et se produira dans le cadre remarquable de l’Église Saint-Étienne, lieu chargé d’histoire. Le programme propose un voyage musical de la Renaissance à nos jours, réunissant des compositeurs aux univers variés tels que Puccini, Fauré, Mendelssohn, Victoria ou encore Gjeilo. Le Chœur sera dirigé par Oussama Mhanna, chef de chœur libanais basé à Paris, avec Nicolas Dross au piano.
Lieu: Nevers, 8 Rue du Charnier, 58000 Nevers
Date de début: 2026-05-30 20:45:00
Date de fin: 2026-05-30 22:15:00
Catégories: CHANT"
86283266,MUSIQUE AU TEMPS DES CARAVELLES - Chansons du Cancionero del Palacio 1500,"Un programme festif, rythmé et dansant entre Moyen Age et Renaissance ponctué d’extraits du récit d’Amerigo Vespucci (d’où Amérique) en voyage vers les Indes à la suite de Christophe Colomb…","Le Cancionero del Palacio est un foisonnant manuscrit qui offre au chœur un choix de chants abordant une grande variété de thèmes profanes ou sacrés, à écouter dans le décor des rares et belles sonorités des instruments anciens d’Obsidienne qui accompagnent le Chœur Crescendo de Nevers dirigé par Sophie Arnoult. Un programme festif, rythmé et dansant entre Moyen Age et Renaissance ponctué d’extraits du récit d’Amerigo Vespucci (d’où Amérique) en voyage vers les Indes à la suite de Christophe Colomb…",Nevers,"Place des Reines de Pologne, 58000 Nevers",Bourgogne-Franche-Comté,2025-05-11 17:00:00,2025-05-11 18:30:00,"CHANTS, INSTRUMENTS, MOYEN-ÂGE",https://openagenda.com/choeur-crescendo-nevers/events/musique-au-temps-des-caravelles-chansons-du-cancionero-del-palacio-1500,"Titre: MUSIQUE AU TEMPS DES CARAVELLES - Chansons du Cancionero del Palacio 1500
Description: Un programme festif, rythmé et dansant entre Moyen Age et Renaissance ponctué d’extraits du récit d’Amerigo Vespucci (d’où Amérique) en voyage vers les Indes à la suite de Christophe Colomb…
Détails: Le Cancionero del Palacio est un foisonnant manuscrit qui offre au chœur un choix de chants abordant une grande variété de thèmes profanes ou sacrés, à écouter dans le décor des rares et belles sonorités des instruments anciens d’Obsidienne qui accompagnent le Chœur Crescendo de Nevers dirigé par Sophie Arnoult. Un programme festif, rythmé et dansant entre Moyen Age et Renaissance ponctué d’extraits du récit d’Amerigo Vespucci (d’où Amérique) en voyage vers les Indes à la suite de Christophe Colomb…
Lieu: Nevers, Place des Reines de Pologne, 58000 Nevers
Date de début: 2025-05-11 17:00:00
Date de fin: 2025-05-11 18:30:00
Catégories: CHANTS, INSTRUMENTS, MOYEN-ÂGE"
16013351,"MISATANGO ""Messe à Bueno Aires"" de Martin Palmeri","La Misa Buenos Aires appelée MisaTango du compositeur argentin Martin Palmeri mêle sur les mouvements d'une messe en latin classique,les harmoniques et les rythmes syncopés du tango.","Créée en 1996 par le compositeur argentin Martín Palmeri, La Misa Buenos Aires appelée MisaTango est un mélange original de musique sacrée et de tango. L’œuvre est composée sur les mêmes mouvements qu’une messe en latin classique, à laquelle se mêlent les harmoniques et les rythmes syncopés du tango. Le compositeur joue sur les jeux de contrastes sonores entre les masses vocales et la soliste. Il emploie l’instrument emblématique du tango, le bandonéon.Vous entendrez à Nevers une version avec Alice Delachaume (soprano), Emmanuel Kiswa (piano), François Perrin (contrebasse), Sébastien Innocenti (bandonéon) et chœur mixte.",Nevers,30 rue Saint Benin 58000 NEVERS,Bourgogne-Franche-Comté,2024-10-05 20:00:00,2024-10-05 21:15:00,Concert-Chant Choral,https://openagenda.com/choeur-crescendo-nevers/events/7240425,"Titre: MISATANGO ""Messe à Bueno Aires"" de Martin Palmeri
Description: La Misa Buenos Aires appelée MisaTango du compositeur argentin Martin Palmeri mêle sur les mouvements d'une messe en latin classique,les harmoniques et les rythmes syncopés du tango.
Détails: Créée en 1996 par le compositeur argentin Martín Palmeri, La Misa Buenos Aires appelée MisaTango est un mélange original de musique sacrée et de tango. L’œuvre est composée sur les mêmes mouvements qu’une messe en latin classique, à laquelle se mêlent les harmoniques et les rythmes syncopés du tango. Le compositeur joue sur les jeux de contrastes sonores entre les masses vocales et la soliste. Il emploie l’instrument emblématique du tango, le bandonéon.Vous entendrez à Nevers une version avec Alice Delachaume (soprano), Emmanuel Kiswa (piano), François Perrin (contrebasse), Sébastien Innocenti (bandonéon) et chœur mixte.
Lieu: Nevers, 30 rue Saint Benin 58000 NEVERS
Date de début: 2024-10-05 20:00:00
Date de fin: 2024-10-05 21:15:00
Catégories: Concert-Chant Choral"
20465618,"La Librairie de Monsieur Jean ""Conte musical de Julien Joubert""","« Une librairie, un nouveau libraire, la pluie, une jeune fille, des livres, une histoire... Une belle rencontre autour de la poésie pour réviser vos classiques. »","« Une librairie, un nouveau libraire, la pluie, une jeune fille, des livres, une histoire... Une belle rencontre autour de la poésie pour réviser vos classiques. » Ce conte musical est interprété par le chœur CRESCENDO sous la direction de Sophie ARNOULT, accompagné au piano par Emmanuel KISWA professeur au Conservatoire de Musique et d’Art dramatique de Nevers et de Philippe DUFOUR narrateur.",Nevers,"Place des Reines de Pologne, 58000 Nevers",Bourgogne-Franche-Comté,2023-04-02 17:00:00,2023-04-02 18:30:00,Concert - Chant Choral,https://openagenda.com/choeur-crescendo-nevers/events/la-librairie-de-monsieur-jean-conte-musical-de-julien-joubert,"Titre: La Librairie de Monsieur Jean ""Conte musical de Julien Joubert""
Description: « Une librairie, un nouveau libraire, la pluie, une jeune fille, des livres, une histoire... Une belle rencontre autour de la poésie pour réviser vos classiques. »
Détails: « Une librairie, un nouveau libraire, la pluie, une jeune fille, des livres, une histoire... Une belle rencontre autour de la poésie pour réviser vos classiques. » Ce conte musical est interprété par le chœur CRESCENDO sous la direction de Sophie ARNOULT, accompagné au piano par Emmanuel KISWA professeur au Conservatoire de Musique et d’Art dramatique de Nevers et de Philippe DUFOUR narrateur.
Lieu: Nevers, Place des Reines de Pologne, 58000 Nevers
Date de début: 2023-04-02 17:00:00
Date de fin: 2023-04-02 18:30:00
Catégories: Concert - Chant Choral"
86135098,« La librairie de Monsieur Jean » Comédie musicale de Julien Joubert,"« Une librairie, un nouveau libraire, la pluie, une jeune fille, des livres, une histoire... Une belle rencontre autour de la poésie pour réviser vos classiques. »","La librairie de Monsieur Jean » Comédie musicale de Julien Joubert ------------------------------------------------------------------ « Une librairie, un nouveau libraire, la pluie, une jeune fille, des livres, une histoire... Une belle rencontre autour de la poésie pour réviser vos classiques. » Ce conte musical est interprété par le chœur CRESCENDO sous la direction de Sophie ARNOULT, accompagné au piano par Emmanuel KISWA professeur au Conservatoire de Musique et d’Art dramatique de Nevers et de Philippe DUFOUR narrateur.",Nevers,"Place des Reines de Pologne, 58000 Nevers",Bourgogne-Franche-Comté,2023-04-02 17:00:00,2023-04-02 18:30:00,Concert-Chant choral-Crescendo-Nevers,https://openagenda.com/choeur-crescendo-nevers/events/la-librairie-de-monsieur-jean-comedie-musicale-de-julien-joubert,"Titre: « La librairie de Monsieur Jean » Comédie musicale de Julien Joubert
Description: « Une librairie, un nouveau libraire, la pluie, une jeune fille, des livres, une histoire... Une belle rencontre autour de la poésie pour réviser vos classiques. »
Détails: La librairie de Monsieur Jean » Comédie musicale de Julien Joubert ------------------------------------------------------------------ « Une librairie, un nouveau libraire, la pluie, une jeune fille, des livres, une histoire... Une belle rencontre autour de la poésie pour réviser vos classiques. » Ce conte musical est interprété par le chœur CRESCENDO sous la direction de Sophie ARNOULT, accompagné au piano par Emmanuel KISWA professeur au Conservatoire de Musique et d’Art dramatique de Nevers et de Philippe DUFOUR narrateur.
Lieu: Nevers, Place des Reines de Pologne, 58000 Nevers
Date de début: 2023-04-02 17:00:00
Date de fin: 2023-04-02 18:30:00
Catégories: Concert-Chant choral-Crescendo-Nevers"
42378483,CONCERT DE CHANT CHORAL,"Le Chœur Crescendo sous la direction de son Chef Sophie Arnoult, retrouve son public en lui proposant pour débuter la nouvelle année, un éventail de son répertoire de musique sacrée ou profane",,Nevers,29 rue Claude Parent 58000 Nevers,Bourgogne-Franche-Comté,2023-01-14 18:00:00,2023-01-14 19:00:00,"Concert, CRESCENDO NEVERS, Chant choral",https://openagenda.com/choeur-crescendo-nevers/events/concert-de-chant-choral-6493518,"Titre: CONCERT DE CHANT CHORAL
Description: Le Chœur Crescendo sous la direction de son Chef Sophie Arnoult, retrouve son public en lui proposant pour débuter la nouvelle année, un éventail de son répertoire de musique sacrée ou profane
Lieu: Nevers, 29 rue Claude Parent 58000 Nevers
Date de début: 2023-01-14 18:00:00
Date de fin: 2023-01-14 19:00:00
Catégories: Concert, CRESCENDO NEVERS, Chant choral"
90796728,Visite guidée de la préfecture de la région Centre-Val de Loire et du Loiret,"Des visites guidées des salons, de la galerie des glaces, de l'escalier (classé Monument Historique), du bureau du préfet, du Centre Opérationnel Départemental (COD) et des jardins.","Des visites guidées des salons, de la galerie des glaces, de l'escalier (classé Monument Historique), du bureau du préfet, du Centre Opérationnel Départemental (COD) et des jardins, sont organisées sur des créneaux d'1 heure avec préinscription par téléphone. Point de rendez-vous à l'accueil de la préfecture pour la visite-guidée : Préfecture de la région Centre-Val de Loire et du Loiret 181 rue de Bourgogne 45000 Orléans. Conditions d’accès : Gratuit, accueil d'un groupe de 20 personnes chaque heure. Préinscription obligatoire par téléphone au 02 38 81 40 39 (le nombre de places est limité). Merci de vous présenter 15 minutes avant le début de la visite. Prévoyez une pièce d'identité. Pour des raisons de sécurité, ne prenez pas de sac/bagage volumineux. Accessibilité : Pour faciliter votre visite à la préfecture, merci de signaler si vous avez un handicap moteur lors de l'inscription.",Orléans,181 rue de Bourgogne 45000 Orléans,Centre-Val de Loire,2026-09-19 09:00:00,2026-09-19 18:00:00,,https://openagenda.com/jep-2026-centre-val-de-loire/events/visite-guidee-de-la-prefecture-de-la-region-centre-val-de-loire-et-du-loiret,"Titre: Visite guidée de la préfecture de la région Centre-Val de Loire et du Loiret
Description: Des visites guidées des salons, de la galerie des glaces, de l'escalier (classé Monument Historique), du bureau du préfet, du Centre Opérationnel Départemental (COD) et des jardins.
Détails: Des visites guidées des salons, de la galerie des glaces, de l'escalier (classé Monument Historique), du bureau du préfet, du Centre Opérationnel Départemental (COD) et des jardins, sont organisées sur des créneaux d'1 heure avec préinscription par téléphone. Point de rendez-vous à l'accueil de la préfecture pour la visite-guidée : Préfecture de la région Centre-Val de Loire et du Loiret 181 rue de Bourgogne 45000 Orléans. Conditions d’accès : Gratuit, accueil d'un groupe de 20 personnes chaque heure. Préinscription obligatoire par téléphone au 02 38 81 40 39 (le nombre de places est limité). Merci de vous présenter 15 minutes avant le début de la visite. Prévoyez une pièce d'identité. Pour des raisons de sécurité, ne prenez pas de sac/bagage volumineux. Accessibilité : Pour faciliter votre visite à la préfecture, merci de signaler si vous avez un handicap moteur lors de l'inscription.
Lieu: Orléans, 181 rue de Bourgogne 45000 Orléans
Date de début: 2026-09-19 09:00:00
Date de fin: 2026-09-19 18:00:00"
39126687,Visite d'une Chapelle templière entièrement restaurée,"Visite libre de la Chapelle templière qui a été entièrement restaurée entre 2020 et 2025 par son propriétaire M. Parrilla, avec la participation de la mission Bern et des donateurs particuliers.","Visite libre de la Chapelle templière qui a été entièrement restaurée entre 2020 et 2025 par son propriétaire M. Parrilla, avec la participation de la mission Bern et des donateurs particuliers. Pour mieux apprécier cette réalisation, une exposition photos ""histoire d'une restauration"" a été réalisée.",Brécy,Route des Templiers 18220 Brécy,Centre-Val de Loire,2026-09-19 10:00:00,2026-09-20 18:00:00,,https://openagenda.com/jep-2026-centre-val-de-loire/events/journees-europeennes-du-patrimoine-1369534,"Titre: Visite d'une Chapelle templière entièrement restaurée
Description: Visite libre de la Chapelle templière qui a été entièrement restaurée entre 2020 et 2025 par son propriétaire M. Parrilla, avec la participation de la mission Bern et des donateurs particuliers.
Détails: Visite libre de la Chapelle templière qui a été entièrement restaurée entre 2020 et 2025 par son propriétaire M. Parrilla, avec la participation de la mission Bern et des donateurs particuliers. Pour mieux apprécier cette réalisation, une exposition photos ""histoire d'une restauration"" a été réalisée.
Lieu: Brécy, Route des Templiers 18220 Brécy
Date de début: 2026-09-19 10:00:00
Date de fin: 2026-09-20 18:00:00"
84379955,Visite commentée de l'église abbatiale,"Visite du monument avec la présence d'un guide : historique de l'abbaye, description architecturale","Visite du monument avec la présence d'un guide : historique de l'abbaye, description architecturale Jeu-quizz historique à l'intention des enfants. Petit marché de produits du terroir. Vente des publications de l'Association de Sauvegarde du Patrimoine de Méobecq (ASPM).",Méobecq,"9 Rue du Portail, 36500 Méobecq, France",Centre-Val de Loire,2026-09-19 10:00:00,2026-09-20 18:00:00,,https://openagenda.com/jep-2026-centre-val-de-loire/events/visite-commentee-eglise-abbatiale-de-meobecq,"Titre: Visite commentée de l'église abbatiale
Description: Visite du monument avec la présence d'un guide : historique de l'abbaye, description architecturale
Détails: Visite du monument avec la présence d'un guide : historique de l'abbaye, description architecturale Jeu-quizz historique à l'intention des enfants. Petit marché de produits du terroir. Vente des publications de l'Association de Sauvegarde du Patrimoine de Méobecq (ASPM).
Lieu: Méobecq, 9 Rue du Portail, 36500 Méobecq, France
Date de début: 2026-09-19 10:00:00
Date de fin: 2026-09-20 18:00:00"
82513668,Visite du palais Jacques Cœur,"Découvrez la « gran’t maison » de Jacques Cœur : son histoire, son architecture, chef-d'œuvre du gothique flamboyant civil.","**Découvrez la « gran’t maison » de Jacques Cœur** : son histoire, son architecture, chef-d’oeuvre du gothique flamboyant civil. Un décor somptueux qui affiche la réussite et l’influence de son propriétaire ! _**Dernier accès au monument 45 min avant la fermeture.**_",Bourges,"Rue Jacques Coeur, 18000 Bourges, France",Centre-Val de Loire,2026-09-19 10:00:00,2026-09-20 17:45:00,,https://openagenda.com/jep-2026-centre-val-de-loire/events/visite-du-palais-jacques-coeur,"Titre: Visite du palais Jacques Cœur
Description: Découvrez la « gran’t maison » de Jacques Cœur : son histoire, son architecture, chef-d'œuvre du gothique flamboyant civil.
Détails: **Découvrez la « gran’t maison » de Jacques Cœur** : son histoire, son architecture, chef-d’oeuvre du gothique flamboyant civil. Un décor somptueux qui affiche la réussite et l’influence de son propriétaire ! _**Dernier accès au monument 45 min avant la fermeture.**_
Lieu: Bourges, Rue Jacques Coeur, 18000 Bourges, France
Date de début: 2026-09-19 10:00:00
Date de fin: 2026-09-20 17:45:00"
8547257,Dans les coulisses des Archives,Qu'est-ce qu'un document d'archives ? D’où provient-il ? Pourquoi et comment le conserve-t-on ? Quel est le travail de l'archiviste ?,"Qu'est-ce qu'un document d'archives ? D’où provient-il ? Pourquoi et comment le conserve-t-on ? Quel est le travail de l'archiviste ? Une visite du bâtiment des Archives départementales vous permettra de répondre à ces questions. Vous aurez alors l’opportunité de visiter des espaces habituellement fermés au public de manière privilégiée, accompagnée d’une présentation du fonctionnement et du rôle d'un service d'archives. Vous pourrez ainsi découvrir des kilomètres de rayonnages, la richesse des fonds ainsi que des documents incontournables. [https://archives28.fr/dans-les-coulisses-des-archives-departementales-deure-et-loir](https://archives28.fr/ateliers-culturels-et-educatifs/journees-du-patrimoine-16-et-17-septembre-2023/dans-les-coulisses-des-archives-departementales-deure-et-loir)",Mainvilliers,"3, rue Philarète-Chasles 28300 Mainvilliers",Centre-Val de Loire,2026-09-19 10:00:00,2026-09-20 17:30:00,,https://openagenda.com/jep-2026-centre-val-de-loire/events/detras-de-las-escenas-del-archivo-1623872,"Titre: Dans les coulisses des Archives
Description: Qu'est-ce qu'un document d'archives ? D’où provient-il ? Pourquoi et comment le conserve-t-on ? Quel est le travail de l'archiviste ?
Détails: Qu'est-ce qu'un document d'archives ? D’où provient-il ? Pourquoi et comment le conserve-t-on ? Quel est le travail de l'archiviste ? Une visite du bâtiment des Archives départementales vous permettra de répondre à ces questions. Vous aurez alors l’opportunité de visiter des espaces habituellement fermés au public de manière privilégiée, accompagnée d’une présentation du fonctionnement et du rôle d'un service d'archives. Vous pourrez ainsi découvrir des kilomètres de rayonnages, la richesse des fonds ainsi que des documents incontournables. [https://archives28.fr/dans-les-coulisses-des-archives-departementales-deure-et-loir](https://archives28.fr/ateliers-culturels-et-educatifs/journees-du-patrimoine-16-et-17-septembre-2023/dans-les-coulisses-des-archives-departementales-deure-et-loir)
Lieu: Mainvilliers, 3, rue Philarète-Chasles 28300 Mainvilliers
Date de début: 2026-09-19 10:00:00
Date de fin: 2026-09-20 17:30:00"
49520751,Visite guidée de la tour de l’horloge,"Ouverture exceptionnelle de l’ancien beffroi de la ville, construit à la fin du XVᵉ siècle sur une porte fortifiée du XIIIᵉ.","Ouverture exceptionnelle de l’ancien beffroi de la ville, construit à la fin du XVᵉ siècle sur une porte fortifiée du XIIIᵉ.",Amboise,"14 Rue Nationale, 37400 Amboise, France",Centre-Val de Loire,2026-09-19 10:00:00,2026-09-20 17:30:00,,https://openagenda.com/jep-2026-centre-val-de-loire/events/visite-guidee-de-la-tour-de-lhorloge-4784405,"Titre: Visite guidée de la tour de l’horloge
Description: Ouverture exceptionnelle de l’ancien beffroi de la ville, construit à la fin du XVᵉ siècle sur une porte fortifiée du XIIIᵉ.
Lieu: Amboise, 14 Rue Nationale, 37400 Amboise, France
Date de début: 2026-09-19 10:00:00
Date de fin: 2026-09-20 17:30:00"
54815173,Loger à Chambord à la Renaissance,"Replongez au temps de François Ier en parcourant un logis Renaissance jusque dans ses espaces les plus privés (pièces d’entresol, escalier de service, escalier de fond-en-comble).","Replongez au temps de François Ier en parcourant un logis Renaissance jusque dans ses espaces les plus privés (pièces d’entresol, escalier de service, escalier de fond-en-comble). Votre guide vous mènera également sous les combles du château, autrefois habitables.",Chambord,"Domaine national de Chambord, 41250 Chambord, France",Centre-Val de Loire,2026-09-19 10:00:00,2026-09-20 16:30:00,,https://openagenda.com/jep-2026-centre-val-de-loire/events/alojarse-en-chambord-al-renacimiento,"Titre: Loger à Chambord à la Renaissance
Description: Replongez au temps de François Ier en parcourant un logis Renaissance jusque dans ses espaces les plus privés (pièces d’entresol, escalier de service, escalier de fond-en-comble).
Détails: Replongez au temps de François Ier en parcourant un logis Renaissance jusque dans ses espaces les plus privés (pièces d’entresol, escalier de service, escalier de fond-en-comble). Votre guide vous mènera également sous les combles du château, autrefois habitables.
Lieu: Chambord, Domaine national de Chambord, 41250 Chambord, France
Date de début: 2026-09-19 10:00:00
Date de fin: 2026-09-20 16:30:00"
40453097,"Visite guidée spéciale ""L'histoire des restaurations au château royal d'Amboise""","Découvrez les restaurations que le château d'Amboise a connues au fil des siècles lors d'une visite guidée menée par Camille, guide conférencière au château.","Découvrez les restaurations que le château d'Amboise a connues au fil des siècles lors d'une visite guidée menée par Camille, guide conférencière au château. Inclus dans le billet d'entrée au château d'Amboise et sur réservation.",Amboise,"5 Montée de l'Emir Abd el Kader, 37400 Amboise, France",Centre-Val de Loire,2026-09-19 10:00:00,2026-09-20 11:00:00,,https://openagenda.com/jep-2026-centre-val-de-loire/events/visite-guidee-speciale-lhistoire-des-restaurations-au-chateau-royal-damboise,"Titre: Visite guidée spéciale ""L'histoire des restaurations au château royal d'Amboise""
Description: Découvrez les restaurations que le château d'Amboise a connues au fil des siècles lors d'une visite guidée menée par Camille, guide conférencière au château.
Détails: Découvrez les restaurations que le château d'Amboise a connues au fil des siècles lors d'une visite guidée menée par Camille, guide conférencière au château. Inclus dans le billet d'entrée au château d'Amboise et sur réservation.
Lieu: Amboise, 5 Montée de l'Emir Abd el Kader, 37400 Amboise, France
Date de début: 2026-09-19 10:00:00
Date de fin: 2026-09-20 11:00:00"
23839479,Visite guidée du Château du Gué-Péan,Ravivez votre âme d'enfant : venez en famille ou entre amis découvrir le Château du Gué-Péan à l’occasion des Journées du Patrimoine.,"Ravivez votre âme d'enfant : venez en famille ou entre amis découvrir le Château du Gué-Péan à l’occasion des Journées du Patrimoine. Toujours habité et meublé, ce château des XVIᵉ et XVIIᵉ siècles s’inscrit à la fois dans l’histoire et dans un cadre naturel préservé, empreint d’une élégance discrète. Parcourez la grande tour à impériale, la chapelle, la galerie à l’italienne, la bibliothèque et les salons de réception en enfilade, autant d’espaces réimaginés qui témoignent de la richesse vivante du lieu. Tout comme l'actuel propriétaire, architecte concepteur du parc du Futuroscope, ayez un véritable coup de coeur pour la beauté du Gué-Péan. Bienvenue et bonne visite !",Monthou-sur-Cher,Le Gué Péan 41400 Monthou-sur-Cher,Centre-Val de Loire,2026-09-19 10:30:00,2026-09-20 18:00:00,,https://openagenda.com/jep-2026-centre-val-de-loire/events/visite-guidee-du-chateau-du-gue-pean-mh-habite-et-meuble,"Titre: Visite guidée du Château du Gué-Péan
Description: Ravivez votre âme d'enfant : venez en famille ou entre amis découvrir le Château du Gué-Péan à l’occasion des Journées du Patrimoine.
Détails: Ravivez votre âme d'enfant : venez en famille ou entre amis découvrir le Château du Gué-Péan à l’occasion des Journées du Patrimoine. Toujours habité et meublé, ce château des XVIᵉ et XVIIᵉ siècles s’inscrit à la fois dans l’histoire et dans un cadre naturel préservé, empreint d’une élégance discrète. Parcourez la grande tour à impériale, la chapelle, la galerie à l’italienne, la bibliothèque et les salons de réception en enfilade, autant d’espaces réimaginés qui témoignent de la richesse vivante du lieu. Tout comme l'actuel propriétaire, architecte concepteur du parc du Futuroscope, ayez un véritable coup de coeur pour la beauté du Gué-Péan. Bienvenue et bonne visite !
Lieu: Monthou-sur-Cher, Le Gué Péan 41400 Monthou-sur-Cher
Date de début: 2026-09-19 10:30:00
Date de fin: 2026-09-20 18:00:00"
59718469,Visite guidée du couvent des Ursulines,Visites guidées sur l’histoire mouvementée d’un couvent depuis le XVIIᵉ siècle jusqu’à nos jours.,Visites guidées sur l’histoire mouvementée d’un couvent depuis le XVIIᵉ siècle jusqu’à nos jours. La visite peut se conclure sur une exposition retraçant l’histoire d’artefacts abîmés par les événements du passé. Départ toutes les 30 minutes entre 14h et 17h.,Beaugency,"13, rue Porte-Tavers 45190 Beaugency",Centre-Val de Loire,2026-09-19 14:00:00,2026-09-20 17:00:00,,https://openagenda.com/jep-2026-centre-val-de-loire/events/visite-guidee-du-couvent-des-ursulines-1346174,"Titre: Visite guidée du couvent des Ursulines
Description: Visites guidées sur l’histoire mouvementée d’un couvent depuis le XVIIᵉ siècle jusqu’à nos jours.
Détails: Visites guidées sur l’histoire mouvementée d’un couvent depuis le XVIIᵉ siècle jusqu’à nos jours. La visite peut se conclure sur une exposition retraçant l’histoire d’artefacts abîmés par les événements du passé. Départ toutes les 30 minutes entre 14h et 17h.
Lieu: Beaugency, 13, rue Porte-Tavers 45190 Beaugency
Date de début: 2026-09-19 14:00:00
Date de fin: 2026-09-20 17:00:00"
11471097,Visites commentées du château de Rochambeau,Est proposée une visite commentée reprenant d'une façon plus détaillée la construction de l'édifice et l'histoire de la famille sur les lieux depuis 500 ans.,"Est proposée une visite commentée reprenant, d'une façon plus détaillée, la construction de l'édifice et l'histoire de la famille sur les lieux depuis 500 ans. Plus particulièrement celle d'un des membres : Jean-Baptiste de Rochambeau (1725-1807), militaire sous Louis XV et Louis XVI, ce qui lui a permis de beaucoup voyager.",Thoré-la-Rochette,"1 Hameau de Rochambeau, 41100 Thoré-la-Rochette",Centre-Val de Loire,2026-09-19 15:00:00,2026-09-20 17:30:00,,https://openagenda.com/jep-2026-centre-val-de-loire/events/visites-commentees-du-chateau-de-rochambeau,"Titre: Visites commentées du château de Rochambeau
Description: Est proposée une visite commentée reprenant d'une façon plus détaillée la construction de l'édifice et l'histoire de la famille sur les lieux depuis 500 ans.
Détails: Est proposée une visite commentée reprenant, d'une façon plus détaillée, la construction de l'édifice et l'histoire de la famille sur les lieux depuis 500 ans. Plus particulièrement celle d'un des membres : Jean-Baptiste de Rochambeau (1725-1807), militaire sous Louis XV et Louis XVI, ce qui lui a permis de beaucoup voyager.
Lieu: Thoré-la-Rochette, 1 Hameau de Rochambeau, 41100 Thoré-la-Rochette
Date de début: 2026-09-19 15:00:00
Date de fin: 2026-09-20 17:30:00"
58992767,Initiation à la pratique de la boule de Fort pour les scolaires,"Venez à notre rencontre, vous pourrez vous initier à la pratique de boules de fort en poussant quelques boules et nous vous raconterons l'histoire de notre jeu.","La boule de fort n’est pas tout à fait ronde, mais méplate, avec un côté légèrement plus « fort » que l’autre, et elle pèse environ 1,300 kg ! Quant au terrain, il n’est pas plat, mais incurvé et mesure approximativement 20 à 25 mètres de long sur 6 mètres de large. Il faut donc beaucoup de concentration et d’habileté pour maîtriser la trajectoire de la boule de fort.",Chinon,19 avenue François-Mitterrand 37500 Chinon,Centre-Val de Loire,2026-09-18 08:30:00,2026-09-18 17:30:00,,https://openagenda.com/jep-2026-centre-val-de-loire/events/iniciacion-a-la-practica-de-la-bola-de-fort-1324324,"Titre: Initiation à la pratique de la boule de Fort pour les scolaires
Description: Venez à notre rencontre, vous pourrez vous initier à la pratique de boules de fort en poussant quelques boules et nous vous raconterons l'histoire de notre jeu.
Détails: La boule de fort n’est pas tout à fait ronde, mais méplate, avec un côté légèrement plus « fort » que l’autre, et elle pèse environ 1,300 kg ! Quant au terrain, il n’est pas plat, mais incurvé et mesure approximativement 20 à 25 mètres de long sur 6 mètres de large. Il faut donc beaucoup de concentration et d’habileté pour maîtriser la trajectoire de la boule de fort.
Lieu: Chinon, 19 avenue François-Mitterrand 37500 Chinon
Date de début: 2026-09-18 08:30:00
Date de fin: 2026-09-18 17:30:00"
74389249,De la pierre au carton : 520 ans d’histoire vivante,Pour célébrer l’anniversaire de l’écroulement de la tour de Beurre de la cathédrale de Bourges (1506-2026).,"Pour célébrer l’anniversaire de l’écroulement de la tour de Beurre de la cathédrale de Bourges (1506-2026), participez à la construction monumentale en carton sous la direction de l’artiste Olivier Grossetête à la renommée internationale... LA CONSTRUCTION EN TROIS ÉTAPES : • Les ateliers de pré-construction au quai d’Auron, du lundi 14 au vendredi 18 septembre de 9h à 12h30 et de 14h à 17h30 / mardi 15 septembre de 9h à 12h30 et de 17h à 20h30 sur inscription. • La construction le samedi 19 septembre, place Etienne Dolet de 10h à 18h : montage de la tour suivi d’une danse participative à 18h30 avec la chorégraphe Marie Philiponeau. • La dé-construction le dimanche 20 septembre, place Etienne Dolet à 15h : un moment festif et participatif pour dire au revoir à cette structure éphémère. Organisé par le Centre des monuments nationaux en partenariat avec la Ville de Bourges, Bourges 2028, la Direction régionale des affaires culturelles du Centre Val de Loire et la Région Centre Val de Loire.",Bourges,"Place Etienne Dolet, 18000 Bourges, France",Centre-Val de Loire,2026-09-18 09:00:00,2026-09-20 17:00:00,,https://openagenda.com/jep-2026-centre-val-de-loire/events/de-la-pierre-au-carton-520-ans-dhistoire-vivante,"Titre: De la pierre au carton : 520 ans d’histoire vivante
Description: Pour célébrer l’anniversaire de l’écroulement de la tour de Beurre de la cathédrale de Bourges (1506-2026).
Détails: Pour célébrer l’anniversaire de l’écroulement de la tour de Beurre de la cathédrale de Bourges (1506-2026), participez à la construction monumentale en carton sous la direction de l’artiste Olivier Grossetête à la renommée internationale... LA CONSTRUCTION EN TROIS ÉTAPES : • Les ateliers de pré-construction au quai d’Auron, du lundi 14 au vendredi 18 septembre de 9h à 12h30 et de 14h à 17h30 / mardi 15 septembre de 9h à 12h30 et de 17h à 20h30 sur inscription. • La construction le samedi 19 septembre, place Etienne Dolet de 10h à 18h : montage de la tour suivi d’une danse participative à 18h30 avec la chorégraphe Marie Philiponeau. • La dé-construction le dimanche 20 septembre, place Etienne Dolet à 15h : un moment festif et participatif pour dire au revoir à cette structure éphémère. Organisé par le Centre des monuments nationaux en partenariat avec la Ville de Bourges, Bourges 2028, la Direction régionale des affaires culturelles du Centre Val de Loire et la Région Centre Val de Loire.
Lieu: Bourges, Place Etienne Dolet, 18000 Bourges, France
Date de début: 2026-09-18 09:00:00
Date de fin: 2026-09-20 17:00:00"
36670010,Visite guidée par un magistrat,Visite réservée aux lycéens en première ou terminale.,"Visite réservée aux lycéens en première ou terminale. Visite guidée par un magistrat, présentation de l'activité de la CRC, des métiers des juridictions financières, des parties du bâtiment classé à l'inventaire supplémentaire des monuments historiques et présentant un intérêt au plan culturel et architectural.",Orléans,15 rue d'Escures 45000 Orléans,Centre-Val de Loire,2026-09-18 09:00:00,2026-09-18 17:00:00,,https://openagenda.com/jep-2026-centre-val-de-loire/events/visite-guidee-par-un-magistrat-3297371,"Titre: Visite guidée par un magistrat
Description: Visite réservée aux lycéens en première ou terminale.
Détails: Visite réservée aux lycéens en première ou terminale. Visite guidée par un magistrat, présentation de l'activité de la CRC, des métiers des juridictions financières, des parties du bâtiment classé à l'inventaire supplémentaire des monuments historiques et présentant un intérêt au plan culturel et architectural.
Lieu: Orléans, 15 rue d'Escures 45000 Orléans
Date de début: 2026-09-18 09:00:00
Date de fin: 2026-09-18 17:00:00"
34827144,Visite et exposition commentée,"Le vendredi 18 septembre 2026, à la veille des journées européennes du patrimoine, le conseil départemental de Loir-et-Cher ouvrira les portes de l’hôtel du département au public scolaire.","Le vendredi 18 septembre 2026, à la veille des journées européennes du patrimoine, le conseil départemental de Loir-et-Cher ouvrira les portes de l’hôtel du département au public scolaire qui pourra bénéficier d’une visite commentée de l'ancien couvent. Dans le cadre de l’opération « Lever les yeux », cette visite sera complétée d’une animation de l’exposition « Architecture en pan de bois ». Cette exposition abordera l’urbanisme, la technique constructive et l’usage relatifs à ce bâti qui composait l’essentiel de nos paysages urbains jusqu’au XVIe-XVIIe siècles. **Trois formules seront proposées pour répondre aux envies des enseignants :** * Une animation de l’exposition seule (env. 1h) * Une visite commentée de l’hôtel du département seule (env. 0h30) * Une visite commentée de l’hôtel du département et une animation de l’exposition (env. 1h30) **Ces deux activités seront ouvertes de 9h à 12h30 et de 14h à 15h30** Réservations auprès du CAUE : [angelique.goblet@caue41.fr](mailto:angelique.goblet@caue41.fr)",Blois,"1 place de la République, 41000 Blois",Centre-Val de Loire,2026-09-18 09:00:00,2026-09-18 16:00:00,,https://openagenda.com/jep-2026-centre-val-de-loire/events/visite-et-exposition-commentee,"Titre: Visite et exposition commentée
Description: Le vendredi 18 septembre 2026, à la veille des journées européennes du patrimoine, le conseil départemental de Loir-et-Cher ouvrira les portes de l’hôtel du département au public scolaire.
Détails: Le vendredi 18 septembre 2026, à la veille des journées européennes du patrimoine, le conseil départemental de Loir-et-Cher ouvrira les portes de l’hôtel du département au public scolaire qui pourra bénéficier d’une visite commentée de l'ancien couvent. Dans le cadre de l’opération « Lever les yeux », cette visite sera complétée d’une animation de l’exposition « Architecture en pan de bois ». Cette exposition abordera l’urbanisme, la technique constructive et l’usage relatifs à ce bâti qui composait l’essentiel de nos paysages urbains jusqu’au XVIe-XVIIe siècles. **Trois formules seront proposées pour répondre aux envies des enseignants :** * Une animation de l’exposition seule (env. 1h) * Une visite commentée de l’hôtel du département seule (env. 0h30) * Une visite commentée de l’hôtel du département et une animation de l’exposition (env. 1h30) **Ces deux activités seront ouvertes de 9h à 12h30 et de 14h à 15h30** Réservations auprès du CAUE : [angelique.goblet@caue41.fr](mailto:angelique.goblet@caue41.fr)
Lieu: Blois, 1 place de la République, 41000 Blois
Date de début: 2026-09-18 09:00:00
Date de fin: 2026-09-18 16:00:00"
46759527,Réplique de l'avion Blériot XI,"Dans le cadre de l'opération ""Levez les yeux"", le capitaine Jean-Louis Benoît, ingénieur aéronautique, présente sa réplique à l'identique de l'avion Blériot XI au public scolaire.","Dans le cadre de l'opération ""Levez les yeux"", le capitaine Jean-Louis Benoît, ingénieur aéronautique, présente sa réplique à l'identique de l'avion Blériot XI au public scolaire.",Vendôme,Parc Ronsard 41100 Vendôme,Centre-Val de Loire,2026-09-18 09:00:00,2026-09-18 16:00:00,,https://openagenda.com/jep-2026-centre-val-de-loire/events/replique-de-lavion-bleriot-xi-818669,"Titre: Réplique de l'avion Blériot XI
Description: Dans le cadre de l'opération ""Levez les yeux"", le capitaine Jean-Louis Benoît, ingénieur aéronautique, présente sa réplique à l'identique de l'avion Blériot XI au public scolaire.
Lieu: Vendôme, Parc Ronsard 41100 Vendôme
Date de début: 2026-09-18 09:00:00
Date de fin: 2026-09-18 16:00:00"
8578918,Visite commentée de la salle de l'Institut,"L'Institut, c'est le cœur battant du conservatoire. Cette salle aux allures de Versailles accueille de nombreux concerts toute l'année, mais elle a aussi d'autres facettes... Laissez-vous surprendre…","L'Institut, c'est le coeur battant du conservatoire. Cette salle aux allures de Versailles accueille de nombreux concerts toute l'année, mais elle a aussi d'autres facettes... Laissez-vous surprendre en compagnie de l'un de ses plus grands connaisseurs : son régisseur, incollable sur son histoire et ses secrets ! Matinée réservée aux scolaires et à leurs établissements.",Orléans,Place Sainte-Croix 45000 Orléans,Centre-Val de Loire,2026-09-18 09:15:00,2026-09-18 11:00:00,,https://openagenda.com/jep-2026-centre-val-de-loire/events/visite-commentee-de-la-salle-de-linstitut-8470632,"Titre: Visite commentée de la salle de l'Institut
Description: L'Institut, c'est le cœur battant du conservatoire. Cette salle aux allures de Versailles accueille de nombreux concerts toute l'année, mais elle a aussi d'autres facettes... Laissez-vous surprendre…
Détails: L'Institut, c'est le coeur battant du conservatoire. Cette salle aux allures de Versailles accueille de nombreux concerts toute l'année, mais elle a aussi d'autres facettes... Laissez-vous surprendre en compagnie de l'un de ses plus grands connaisseurs : son régisseur, incollable sur son histoire et ses secrets ! Matinée réservée aux scolaires et à leurs établissements.
Lieu: Orléans, Place Sainte-Croix 45000 Orléans
Date de début: 2026-09-18 09:15:00
Date de fin: 2026-09-18 11:00:00"
54126240,Découverte de l'Atelier Calder,"Venez découvrir l'ancien atelier du sculpteur américain Alexander Calder, situé au cœur de la Vallée de l'Indre.","Venez découvrir l'ancien atelier du sculpteur américain Alexander Calder, situé au cœur de la Vallée de l'Indre. Ce bâtiment emblématique, entièrement imaginé et conçu par Calder au début des années 60, est conservé dans le respect de son histoire. Ce lieu d'inspiration pour Calder était aussi un lieu de travail et de vie, où l'artiste a pu créer ses œuvres monumentales, les stabiles, aujourd'hui présentes dans les plus grandes collections. Depuis 1989, l'Atelier Calder apporte son soutien à la création contemporaine en accueillant des artistes en résidence, pour des périodes de trois mois. Ces journées du patrimoine seront l'occasion de revenir en image sur l'histoire architecturale de ce lieu exceptionnel, labellisé ""Architecture contemporaine remarquable"". Les visites du vendredi 18 septembre sont réservées au public scolaire.",Saché,"12 Route du Carroi, 37190 Saché, France",Centre-Val de Loire,2026-09-18 10:00:00,2026-09-19 18:30:00,,https://openagenda.com/jep-2026-centre-val-de-loire/events/visita-guiada-427415,"Titre: Découverte de l'Atelier Calder
Description: Venez découvrir l'ancien atelier du sculpteur américain Alexander Calder, situé au cœur de la Vallée de l'Indre.
Détails: Venez découvrir l'ancien atelier du sculpteur américain Alexander Calder, situé au cœur de la Vallée de l'Indre. Ce bâtiment emblématique, entièrement imaginé et conçu par Calder au début des années 60, est conservé dans le respect de son histoire. Ce lieu d'inspiration pour Calder était aussi un lieu de travail et de vie, où l'artiste a pu créer ses œuvres monumentales, les stabiles, aujourd'hui présentes dans les plus grandes collections. Depuis 1989, l'Atelier Calder apporte son soutien à la création contemporaine en accueillant des artistes en résidence, pour des périodes de trois mois. Ces journées du patrimoine seront l'occasion de revenir en image sur l'histoire architecturale de ce lieu exceptionnel, labellisé ""Architecture contemporaine remarquable"". Les visites du vendredi 18 septembre sont réservées au public scolaire.
Lieu: Saché, 12 Route du Carroi, 37190 Saché, France
Date de début: 2026-09-18 10:00:00
Date de fin: 2026-09-19 18:30:00"
42659743,Train touristique du Bas-Berry,"Le Train touristique du Bas-Berry, animé par l'association SABA, préserve avec les communes traversées le patrimoine bâti et technique de l'ancienne voie ferrée.","Les bénévoles présentent au public scolaire le site de la gare d'Ecueillé et l'histoire du Chemin de fer du Blanc à Argent, l'atelier d'entretien du matériel et la collection de véhicules historiques le vendredi 18 septembre. Le Train touristique du Bas-Berry, animé par l'association SABA, préserve avec les communes traversées le patrimoine bâti et technique de l'ancienne voie ferrée à écartement étroit du Chemin de fer du Blanc à Argent. Les gares sont toutes inscrites à l'Inventaire des Monuments Historiques et une partie du matériel roulant ancien est même classée. Cet ensemble exceptionnel s'étend sur 39 km entre Valençay, ville célèbre par son magnifique château, et le village d'Argy et son autre château classé. C'est un témoin vivant du patrimoine technique ferroviaire de la fin du XIXème siècle qui fait l'objet depuis 30 ans d'une remise en état et d'une valorisation touristique. La circulation à bord du Train du Bas-Berry permet de faire un voyage hors du temps présent à bord de matériels anciens historiques circulant au départ d'Écueillé vers Argy et Valençay.",Écueillé,96 bis avenue de la Gare 36240 Écueillé,Centre-Val de Loire,2026-09-18 10:00:00,2026-09-18 18:30:00,,https://openagenda.com/jep-2026-centre-val-de-loire/events/tren-turistico-de-bas-berry-9627842,"Titre: Train touristique du Bas-Berry
Description: Le Train touristique du Bas-Berry, animé par l'association SABA, préserve avec les communes traversées le patrimoine bâti et technique de l'ancienne voie ferrée.
Détails: Les bénévoles présentent au public scolaire le site de la gare d'Ecueillé et l'histoire du Chemin de fer du Blanc à Argent, l'atelier d'entretien du matériel et la collection de véhicules historiques le vendredi 18 septembre. Le Train touristique du Bas-Berry, animé par l'association SABA, préserve avec les communes traversées le patrimoine bâti et technique de l'ancienne voie ferrée à écartement étroit du Chemin de fer du Blanc à Argent. Les gares sont toutes inscrites à l'Inventaire des Monuments Historiques et une partie du matériel roulant ancien est même classée. Cet ensemble exceptionnel s'étend sur 39 km entre Valençay, ville célèbre par son magnifique château, et le village d'Argy et son autre château classé. C'est un témoin vivant du patrimoine technique ferroviaire de la fin du XIXème siècle qui fait l'objet depuis 30 ans d'une remise en état et d'une valorisation touristique. La circulation à bord du Train du Bas-Berry permet de faire un voyage hors du temps présent à bord de matériels anciens historiques circulant au départ d'Écueillé vers Argy et Valençay.
Lieu: Écueillé, 96 bis avenue de la Gare 36240 Écueillé
Date de début: 2026-09-18 10:00:00
Date de fin: 2026-09-18 18:30:00"
29075875,"Atelier ""Pas touche à mon épi""","Dans le cadre des Journées du patrimoine, le Département propose aux élèves de Thiron-Gardais un atelier sur les épis de faîtage, pour découvrir leur rôle ornemental et protecteur sur les toitures.","Dans le cadre des Journées européennes du patrimoine, le service de Valorisation du patrimoine du Conseil départemental propose aux élèves de l'école primaire de Thiron-Gardais un atelier consacré aux épis de faîtage. Éléments ornementaux par excellence des toitures, ces pièces sont parfois invisibles au regard de ceux qui ne lèvent pas les yeux. Animé par une médiatrice, cet atelier a pour objectif de faire découvrir aux élèves, de la Grande Section au CM2, ces objets d'art parfois insolites, mais ô combien importants pour la protection de la charpente et de la toiture des bâtiments.",Thiron-Gardais,"2 Avenue de la Gare, 28480 Thiron-Gardais",Centre-Val de Loire,2026-09-18 10:00:00,2026-09-18 16:30:00,,https://openagenda.com/jep-2026-centre-val-de-loire/events/atelier-pas-touche-a-mon-epi,"Titre: Atelier ""Pas touche à mon épi""
Description: Dans le cadre des Journées du patrimoine, le Département propose aux élèves de Thiron-Gardais un atelier sur les épis de faîtage, pour découvrir leur rôle ornemental et protecteur sur les toitures.
Détails: Dans le cadre des Journées européennes du patrimoine, le service de Valorisation du patrimoine du Conseil départemental propose aux élèves de l'école primaire de Thiron-Gardais un atelier consacré aux épis de faîtage. Éléments ornementaux par excellence des toitures, ces pièces sont parfois invisibles au regard de ceux qui ne lèvent pas les yeux. Animé par une médiatrice, cet atelier a pour objectif de faire découvrir aux élèves, de la Grande Section au CM2, ces objets d'art parfois insolites, mais ô combien importants pour la protection de la charpente et de la toiture des bâtiments.
Lieu: Thiron-Gardais, 2 Avenue de la Gare, 28480 Thiron-Gardais
Date de début: 2026-09-18 10:00:00
Date de fin: 2026-09-18 16:30:00"
54963608,Visite guidée du Château de Fontenay,"Visite commentée de 1 heure environ. Lieu de rendez-vous pour les visites : à l'extérieur, devant le portail en bois du château. Il ne sera pas possible de rejoindre une visite guidée qui a débuté.","Visite commentée de 1 heure environ. Lieu de rendez-vous pour les visites : à l'extérieur, devant le portail en bois du château. Il ne sera pas possible de rejoindre une visite guidée qui a débuté. La journée du vendredi est réservée aux scolaires et à leurs établissements.",Lignières-de-Touraine,5 Fontenay 37130 Lignières-de-Touraine,Centre-Val de Loire,2026-09-18 10:30:00,2026-09-20 17:30:00,,https://openagenda.com/jep-2026-centre-val-de-loire/events/visite-guidee-du-chateau-de-fontenay,"Titre: Visite guidée du Château de Fontenay
Description: Visite commentée de 1 heure environ. Lieu de rendez-vous pour les visites : à l'extérieur, devant le portail en bois du château. Il ne sera pas possible de rejoindre une visite guidée qui a débuté.
Détails: Visite commentée de 1 heure environ. Lieu de rendez-vous pour les visites : à l'extérieur, devant le portail en bois du château. Il ne sera pas possible de rejoindre une visite guidée qui a débuté. La journée du vendredi est réservée aux scolaires et à leurs établissements.
Lieu: Lignières-de-Touraine, 5 Fontenay 37130 Lignières-de-Touraine
Date de début: 2026-09-18 10:30:00
Date de fin: 2026-09-20 17:30:00"
49646678,"Exposition photos : églises d'Eure-et-Loir, elles animent nos paysages","A l’occasion des journées du patrimoine 2026, l’église de Saint-Jean-de-Rebervilliers a le plaisir d’accueillir une exposition de photos.","A l’occasion des journées du patrimoine 2026, l’église de Saint-Jean-de-Rebervilliers a le plaisir d’accueillir une exposition de photos intitulée « **Églises d’Eure-et-Loir, elles animent nos paysage**s » par Francis Malbète, auteur photographe. L’accès est libre et vous pourrez y découvrir des clichés « noir et blanc » qui mettent en scène des églises d’Eure-et-Loir dans leur environnement, principalement rural. Le vendredi est réservé aux scolaires.",Saint-Jean-de-Rebervilliers,Rue de l'Église 28170 Saint-Jean-de-Rebervilliers,Centre-Val de Loire,2026-09-18 11:00:00,2026-09-20 18:00:00,,https://openagenda.com/jep-2026-centre-val-de-loire/events/exposition-photos-eglises-deure-et-loir-elles-animent-nos-paysages,"Titre: Exposition photos : églises d'Eure-et-Loir, elles animent nos paysages
Description: A l’occasion des journées du patrimoine 2026, l’église de Saint-Jean-de-Rebervilliers a le plaisir d’accueillir une exposition de photos.
Détails: A l’occasion des journées du patrimoine 2026, l’église de Saint-Jean-de-Rebervilliers a le plaisir d’accueillir une exposition de photos intitulée « **Églises d’Eure-et-Loir, elles animent nos paysage**s » par Francis Malbète, auteur photographe. L’accès est libre et vous pourrez y découvrir des clichés « noir et blanc » qui mettent en scène des églises d’Eure-et-Loir dans leur environnement, principalement rural. Le vendredi est réservé aux scolaires.
Lieu: Saint-Jean-de-Rebervilliers, Rue de l'Église 28170 Saint-Jean-de-Rebervilliers
Date de début: 2026-09-18 11:00:00
Date de fin: 2026-09-20 18:00:00"
78864915,Visite de la Grange pyramidale du Pays-Fort,"Témoins de l'architecture paysanne du Pays-Fort, les Granges pyramidales prennent place au cœur de la campagne et donnent à voir une forme atypique.","Témoins de l'architecture paysanne du Pays-Fort, les Granges pyramidales prennent place au cœur de la campagne et donnent à voir une forme atypique. Celle de Vailly-sur-Sauldre, emblème du Pays Fort, a été démontée de son emplacement original et remontée sur un site verdoyant accueillant notre bureau d'information touristique. Vous y découvrirez une collection de matériel agricole d'hier et d'aujourd'hui. La journée du vendredi est destinée aux scolaires, merci de réserver pour vous assurer de la disponibilité sur le créneau souhaité.",Vailly-sur-Sauldre,2 route de Concressault 18260 Vailly-sur-Sauldre,Centre-Val de Loire,2026-09-18 13:15:00,2026-09-19 17:45:00,,https://openagenda.com/jep-2026-centre-val-de-loire/events/visite-de-la-grange-pyramidale-du-pays-fort,"Titre: Visite de la Grange pyramidale du Pays-Fort
Description: Témoins de l'architecture paysanne du Pays-Fort, les Granges pyramidales prennent place au cœur de la campagne et donnent à voir une forme atypique.
Détails: Témoins de l'architecture paysanne du Pays-Fort, les Granges pyramidales prennent place au cœur de la campagne et donnent à voir une forme atypique. Celle de Vailly-sur-Sauldre, emblème du Pays Fort, a été démontée de son emplacement original et remontée sur un site verdoyant accueillant notre bureau d'information touristique. Vous y découvrirez une collection de matériel agricole d'hier et d'aujourd'hui. La journée du vendredi est destinée aux scolaires, merci de réserver pour vous assurer de la disponibilité sur le créneau souhaité.
Lieu: Vailly-sur-Sauldre, 2 route de Concressault 18260 Vailly-sur-Sauldre
Date de début: 2026-09-18 13:15:00
Date de fin: 2026-09-19 17:45:00"
88379830,Les Enfants du Patrimoine,"Le vendredi 18 septembre après-midi, des classes sont accueillies pour un parcours découverte autour des métiers du spectacle vivant.","L’Atelier à spectacle sensibilise tous ses publics à sa prochaine transformation. Le vendredi 18 septembre après-midi, des classes sont accueillies pour un parcours découverte autour des métiers du spectacle vivant.",Vernouillet,"51A rue de Torçay, 28500 Vernouillet",Centre-Val de Loire,2026-09-18 14:00:00,2026-09-18 19:00:00,,https://openagenda.com/jep-2026-centre-val-de-loire/events/les-enfants-du-patrimoine-5757028,"Titre: Les Enfants du Patrimoine
Description: Le vendredi 18 septembre après-midi, des classes sont accueillies pour un parcours découverte autour des métiers du spectacle vivant.
Détails: L’Atelier à spectacle sensibilise tous ses publics à sa prochaine transformation. Le vendredi 18 septembre après-midi, des classes sont accueillies pour un parcours découverte autour des métiers du spectacle vivant.
Lieu: Vernouillet, 51A rue de Torçay, 28500 Vernouillet
Date de début: 2026-09-18 14:00:00
Date de fin: 2026-09-18 19:00:00"
59888016,Les Enfants du Patrimoine,"À la veille des Journées du patrimoine, le CAUE d’Eure-et-Loir et le Département invitent une classe de collégiens à découvrir, par un jeu de piste, le patrimoine autour de leur établissement.","À la veille des Journées européennes du patrimoine, le CAUE d'Eure-et-Loir et le service Valorisation du patrimoine du Conseil départemental proposent à une classe de collégiens et à leur enseignant de découvrir, de manière ludique et grâce à un jeu de piste, la richesse du patrimoine culturel aux abords de leur établissement. Au fil du jeu, les élèves seront invités à observer, analyser et s'interroger sur les éléments du patrimoine qui les entourent au quotidien.",Chartres,"23 Bd Adelphe Chasles, 28000 Chartres",Centre-Val de Loire,2026-09-18 14:00:00,2026-09-18 17:00:00,,https://openagenda.com/jep-2026-centre-val-de-loire/events/les-enfants-du-patrimoine-16705,"Titre: Les Enfants du Patrimoine
Description: À la veille des Journées du patrimoine, le CAUE d’Eure-et-Loir et le Département invitent une classe de collégiens à découvrir, par un jeu de piste, le patrimoine autour de leur établissement.
Détails: À la veille des Journées européennes du patrimoine, le CAUE d'Eure-et-Loir et le service Valorisation du patrimoine du Conseil départemental proposent à une classe de collégiens et à leur enseignant de découvrir, de manière ludique et grâce à un jeu de piste, la richesse du patrimoine culturel aux abords de leur établissement. Au fil du jeu, les élèves seront invités à observer, analyser et s'interroger sur les éléments du patrimoine qui les entourent au quotidien.
Lieu: Chartres, 23 Bd Adelphe Chasles, 28000 Chartres
Date de début: 2026-09-18 14:00:00
Date de fin: 2026-09-18 17:00:00"
97963051,Visites guidées scolaires de la résidence Ciclic Animation (sur inscription),"Visites guidées des espaces de travail de la résidence de cinéma d'animation de Ciclic Centre-Val de Loire, et rencontre avec les équipes de films présentes.","Visites guidées des espaces de travail de la résidence de cinéma d'animation de Ciclic Centre-Val de Loire, et rencontre avec les équipes de films présentes. Réservé aux scolaires du cycle 3 au lycée, uniquement sur demande d'inscription en envoyant un mail à [resa-ciclicanimation@ciclic.fr](mailto:resa-ciclicanimation@ciclic.fr)",Vendôme,"3 allée de Yorktown, 41100 Vendôme",Centre-Val de Loire,2026-09-18 14:00:00,2026-09-18 17:00:00,,https://openagenda.com/jep-2026-centre-val-de-loire/events/visites-guidees-scolaires-de-la-residence-ciclic-animation-sur-inscription,"Titre: Visites guidées scolaires de la résidence Ciclic Animation (sur inscription)
Description: Visites guidées des espaces de travail de la résidence de cinéma d'animation de Ciclic Centre-Val de Loire, et rencontre avec les équipes de films présentes.
Détails: Visites guidées des espaces de travail de la résidence de cinéma d'animation de Ciclic Centre-Val de Loire, et rencontre avec les équipes de films présentes. Réservé aux scolaires du cycle 3 au lycée, uniquement sur demande d'inscription en envoyant un mail à [resa-ciclicanimation@ciclic.fr](mailto:resa-ciclicanimation@ciclic.fr)
Lieu: Vendôme, 3 allée de Yorktown, 41100 Vendôme
Date de début: 2026-09-18 14:00:00
Date de fin: 2026-09-18 17:00:00"
41695740,Sensibilisation à l'architecture à destination des scolaires,Animation organisée conjointement par la municipalité et les enseignantes.,Animation organisée conjointement par la municipalité et les enseignantes.,Le Subdray,2 Place de l'Eglise 18570 Le Subdray,Centre-Val de Loire,2026-09-18 14:00:00,2026-09-18 16:00:00,,https://openagenda.com/jep-2026-centre-val-de-loire/events/sensibilisation-a-larchitecture-a-destination-des-scolaires,"Titre: Sensibilisation à l'architecture à destination des scolaires
Description: Animation organisée conjointement par la municipalité et les enseignantes.
Lieu: Le Subdray, 2 Place de l'Eglise 18570 Le Subdray
Date de début: 2026-09-18 14:00:00
Date de fin: 2026-09-18 16:00:00"
46209840,Conférence internationale IEEE ARM 2026 à l’Université Évry Paris-Saclay,"L’Université Évry Paris-Saclay accueillera IEEE ARM 2026 du 21 au 23 juillet 2026, conférence internationale dédiée à la robotique, la mécatronique et aux systèmes intelligents.","L’Université Évry Paris-Saclay accueillera du 21 au 23 juillet 2026 la **conférence internationale IEEE International Conference on Advanced Robotics and Mechatronics** (IEEE ARM 2026), événement de référence dans les domaines de la robotique avancée, de la mécatronique et des systèmes intelligents. Conférence phare des comités techniques _IEEE-SMC TC on Bio-mechatronics and Bio-robotics Systems_ et _IEEE-RAS TC on Neuro-Robotics Systems_, IEEE ARM est également reconnue comme conférence officielle de niveau A par la _Chinese Association of Automation_. IEEE ARM 2026 réunira chercheurs, enseignants, ingénieurs et industriels du monde entier afin de présenter les avancées les plus récentes en : * robotique avancée * mécatronique * automatisation * capteurs et systèmes intelligents * neuro-robotique et bio-robotique Cette édition offrira un cadre privilégié pour partager des résultats scientifiques, développer des collaborations internationales et échanger sur les perspectives futures de la recherche et de l’innovation dans ces domaines stratégiques. Les articles acceptés et présentés lors de la conférence seront publiés dans les actes officiels de la conférence et soumis à la bibliothèque numérique IEEE Xplore®.",Évry-Courcouronnes,"23 Bd François Mitterrand, 91000 Évry-Courcouronnes",Île-de-France,2026-07-21 09:00:00,2026-07-23 17:00:00,Conférence,https://openagenda.com/evry-senart-innovation/events/conference-internationale-ieee-sur-la-robotique-avancee-et-la-mecatronique-ieee-arm,"Titre: Conférence internationale IEEE ARM 2026 à l’Université Évry Paris-Saclay
Description: L’Université Évry Paris-Saclay accueillera IEEE ARM 2026 du 21 au 23 juillet 2026, conférence internationale dédiée à la robotique, la mécatronique et aux systèmes intelligents.
Détails: L’Université Évry Paris-Saclay accueillera du 21 au 23 juillet 2026 la **conférence internationale IEEE International Conference on Advanced Robotics and Mechatronics** (IEEE ARM 2026), événement de référence dans les domaines de la robotique avancée, de la mécatronique et des systèmes intelligents. Conférence phare des comités techniques _IEEE-SMC TC on Bio-mechatronics and Bio-robotics Systems_ et _IEEE-RAS TC on Neuro-Robotics Systems_, IEEE ARM est également reconnue comme conférence officielle de niveau A par la _Chinese Association of Automation_. IEEE ARM 2026 réunira chercheurs, enseignants, ingénieurs et industriels du monde entier afin de présenter les avancées les plus récentes en : * robotique avancée * mécatronique * automatisation * capteurs et systèmes intelligents * neuro-robotique et bio-robotique Cette édition offrira un cadre privilégié pour partager des résultats scientifiques, développer des collaborations internationales et échanger sur les perspectives futures de la recherche et de l’innovation dans ces domaines stratégiques. Les articles acceptés et présentés lors de la conférence seront publiés dans les actes officiels de la conférence et soumis à la bibliothèque numérique IEEE Xplore®.
Lieu: Évry-Courcouronnes, 23 Bd François Mitterrand, 91000 Évry-Courcouronnes
Date de début: 2026-07-21 09:00:00
Date de fin: 2026-07-23 17:00:00
Catégories: Conférence"
90633209,Journées Portes Ouvertes de la FDME,Participez aux Journées Portes Ouvertes pour découvrir l'offre de formation de la Faculté Des Métiers de l'Essonne.,"Les Journées Portes Ouvertes de la FDME sont accessibles à tous, pour découvrir l'offre de formation, échanger avec les équipes et les apprentis, et observer le travail dans les ateliers. * Sur les 4 sites : Bondoufle, Évry, Massy, Paray-Vieille-Poste * Sans inscription préalable, en accès libre et gratuit, venez nous rencontrer au cœur même de votre futur lieu de formation. Collégiens, lycéens, étudiants, salariés ou demandeurs d’emploi, vous êtes les bienvenus. Lors de votre visite, prenez le temps de découvrir la diversité de la FDME : une centaine de formations en alternance, allant du CAP au BAC +5, sans oublier de nombreuses possibilités pour les demandeurs d’emploi et des parcours en reconversion professionnelle et/ou en utilisation de votre CPF et des informations sur l’accès à l’alternance. ### VENIR À UNE JPO C’EST : \- Visiter des plateaux techniques pour découvrir les sites et leurs équipements \- Échanger avec les équipes pédagogiques et les apprentis pour se renseigner sur les différents parcours de formation \- S’informer aussi sur la reconversion ou la montée en compétence avec la Formation Continue, en tant que salarié ou demandeur d’emploi \- Approfondir des projets d’orientation avec le Service d’Accès à l’Alternance composé de professionnels spécialisés dans l’orientation et l’accueil notamment de jeunes en situation de handicap. ### À CHAQUE SITE SA SPÉCIALITÉ \- Sur Bondoufle – 3 rue de Villeroy – retrouvez la filière industrie et toute la chaîne de compétences : conception, fabrication et maintenance \- Sur Évry-Courcouronnes – 3 chemin de la grange feu Louis – les visiteurs pourront s’informer sur les secteurs de l’assistanat-gestion, l’automobile, la boulangerie-pâtisserie, la coiffure-esthétique, la cuisine et le service en salle, l’électrotechnique et l’énergétique, le tourisme-hôtellerie, le commerce et la vente \- Sur Massy – 1 rue Galvani – retrouvez des métiers tertiaires post-BAC: assistanat, commerce, comptabilité-gestion, immobilier et informatique \- Sur Paray-Vielle-Poste – Campus Paris-Orly by FDME – rue Hélène Boucher (OrlyTech, Bât. 531) – Site dédié aux métiers de l’accueil et de l’exploitation aéroportuaires",Évry-Courcouronnes,3 Chemin la Grange Feu Louis,Île-de-France,2026-09-10 16:00:00,2026-09-10 19:00:00,Portes ouvertes,https://openagenda.com/evry-senart-innovation/events/journees-portes-ouvertes-fdme,"Titre: Journées Portes Ouvertes de la FDME
Description: Participez aux Journées Portes Ouvertes pour découvrir l'offre de formation de la Faculté Des Métiers de l'Essonne.
Détails: Les Journées Portes Ouvertes de la FDME sont accessibles à tous, pour découvrir l'offre de formation, échanger avec les équipes et les apprentis, et observer le travail dans les ateliers. * Sur les 4 sites : Bondoufle, Évry, Massy, Paray-Vieille-Poste * Sans inscription préalable, en accès libre et gratuit, venez nous rencontrer au cœur même de votre futur lieu de formation. Collégiens, lycéens, étudiants, salariés ou demandeurs d’emploi, vous êtes les bienvenus. Lors de votre visite, prenez le temps de découvrir la diversité de la FDME : une centaine de formations en alternance, allant du CAP au BAC +5, sans oublier de nombreuses possibilités pour les demandeurs d’emploi et des parcours en reconversion professionnelle et/ou en utilisation de votre CPF et des informations sur l’accès à l’alternance. ### VENIR À UNE JPO C’EST : \- Visiter des plateaux techniques pour découvrir les sites et leurs équipements \- Échanger avec les équipes pédagogiques et les apprentis pour se renseigner sur les différents parcours de formation \- S’informer aussi sur la reconversion ou la montée en compétence avec la Formation Continue, en tant que salarié ou demandeur d’emploi \- Approfondir des projets d’orientation avec le Service d’Accès à l’Alternance composé de professionnels spécialisés dans l’orientation et l’accueil notamment de jeunes en situation de handicap. ### À CHAQUE SITE SA SPÉCIALITÉ \- Sur Bondoufle – 3 rue de Villeroy – retrouvez la filière industrie et toute la chaîne de compétences : conception, fabrication et maintenance \- Sur Évry-Courcouronnes – 3 chemin de la grange feu Louis – les visiteurs pourront s’informer sur les secteurs de l’assistanat-gestion, l’automobile, la boulangerie-pâtisserie, la coiffure-esthétique, la cuisine et le service en salle, l’électrotechnique et l’énergétique, le tourisme-hôtellerie, le commerce et la vente \- Sur Massy – 1 rue Galvani – retrouvez des métiers tertiaires post-BAC: assistanat, commerce, comptabilité-gestion, immobilier et informatique \- Sur Paray-Vielle-Poste – Campus Paris-Orly by FDME – rue Hélène Boucher (OrlyTech, Bât. 531) – Site dédié aux métiers de l’accueil et de l’exploitation aéroportuaires
Lieu: Évry-Courcouronnes, 3 Chemin la Grange Feu Louis
Date de début: 2026-09-10 16:00:00
Date de fin: 2026-09-10 19:00:00
Catégories: Portes ouvertes"
52021518,Conférence Thérapies Innovantes et Combinatoires,"Genopole, l’Université Évry Paris-Saclay et le LBEPS vous invitent à la 5e édition de la conférence sur les thérapies innovantes et combinatoires.","L’innovation thérapeutique est un enjeu de santé publique. Elle doit répondre à l’urgence de traiter la pluralité des pathologies humaines mais aussi de prendre en compte les spécificités des populations touchées. Les maladies neuromusculaires illustrent cette complexité par la variété des tissus touchés, des causes et de l’âge d’apparition des symptômes, bien qu’elles affectent toutes la fonction motrice. Concevoir des traitements adaptés à chacune représente un défi scientifique, technologique et économique. Les progrès des connaissances sur ces pathologies hétérogènes ouvrent des perspectives fondées sur des approches pharmacologiques, cellulaires, génétiques et physiothérapeutiques dont la mise en œuvre croisée et/ou combinée pourrait s’avérer très prometteuse. Cette journée d’échanges scientifiques fera le point sur ces avancées et discutera de l’évolution des stratégies thérapeutiques avec des spécialistes de la recherche pré-clinique et clinique, et des biotechs du secteur. Elle soulèvera les questions du potentiel et du déploiement des approches combinatoires. ### Au programme * Session 1 : Maladies neurodégénératives * Session 2 : Neuropathies et maladies de la jonction neuromusculaire * Session 3 : Myopathies * Table ronde : Quelles sont les avancées concernant le potentiel des thérapies combinatoires ? Comment parvenir à les mettre en œuvre ?",Évry-Courcouronnes,2 rue André Lalande 91000 Évry-Courcouronnes,Île-de-France,2026-07-02 10:00:00,2026-07-02 17:00:00,Conférence,https://openagenda.com/evry-senart-innovation/events/conference-therapies-innovantes-et-combinatoires,"Titre: Conférence Thérapies Innovantes et Combinatoires
Description: Genopole, l’Université Évry Paris-Saclay et le LBEPS vous invitent à la 5e édition de la conférence sur les thérapies innovantes et combinatoires.
Détails: L’innovation thérapeutique est un enjeu de santé publique. Elle doit répondre à l’urgence de traiter la pluralité des pathologies humaines mais aussi de prendre en compte les spécificités des populations touchées. Les maladies neuromusculaires illustrent cette complexité par la variété des tissus touchés, des causes et de l’âge d’apparition des symptômes, bien qu’elles affectent toutes la fonction motrice. Concevoir des traitements adaptés à chacune représente un défi scientifique, technologique et économique. Les progrès des connaissances sur ces pathologies hétérogènes ouvrent des perspectives fondées sur des approches pharmacologiques, cellulaires, génétiques et physiothérapeutiques dont la mise en œuvre croisée et/ou combinée pourrait s’avérer très prometteuse. Cette journée d’échanges scientifiques fera le point sur ces avancées et discutera de l’évolution des stratégies thérapeutiques avec des spécialistes de la recherche pré-clinique et clinique, et des biotechs du secteur. Elle soulèvera les questions du potentiel et du déploiement des approches combinatoires. ### Au programme * Session 1 : Maladies neurodégénératives * Session 2 : Neuropathies et maladies de la jonction neuromusculaire * Session 3 : Myopathies * Table ronde : Quelles sont les avancées concernant le potentiel des thérapies combinatoires ? Comment parvenir à les mettre en œuvre ?
Lieu: Évry-Courcouronnes, 2 rue André Lalande 91000 Évry-Courcouronnes
Date de début: 2026-07-02 10:00:00
Date de fin: 2026-07-02 17:00:00
Catégories: Conférence"
86977658,FAIM 2026 : conférence internationale de référence sur l’Industrie 5.0,"Du 21 au 25 juin 2026, le territoire du Grand Paris Sud accueillera un événement scientifique d’envergure mondiale : la conférence FAIM 2026 (Flexible Automation and Intelligent Manufacturing).","Organisée chaque année sur un continent différent, la conférence internationale FAIM est un rendez-vous majeur pour les chercheurs, ingénieurs et industriels du monde entier engagés dans la transformation digitale de l’industrie. ### Un événement au cœur de l’Industrie 5.0 FAIM est reconnue pour sa contribution à l’avancement de la recherche, des technologies et des pratiques en matière de fabrication intelligente, d’automatisation flexible et d’intégration des systèmes de production. Les sujets abordés lors de cette conférence s’articulent autour de la robotique avancée, l’intelligence artificielle, la fabrication additive, l’internet des objets, les réalités augmentée et virtuelle, le jumeau numérique, ainsi que l’ingénierie mécanique et électrique, en vue de la transformation digitale des entreprises. Ces technologies sont au cœur des enjeux de l’Industrie 5.0, où la dimension humaine, la durabilité et l’agilité industrielle prennent une place essentielle. ### Un forum mondial pour la recherche et l’industrie FAIM 2026 proposera une programmation riche : sessions scientifiques (plus de 250 articles scientifiques attendus), ateliers thématiques, tutoriels techniques, visites d’entreprises, opportunités de réseautage pour les universitaires et les professionnels. Ce sera l’occasion pour les participants de partager leurs travaux, de créer des synergies et de découvrir les dernières innovations en fabrication intelligente. ### Une organisation portée par les forces vives du territoire La sélection de l’Icam site de Grand Paris Sud comme hôte officiel de FAIM 2026 est le fruit d’un partenariat stratégique entre plusieurs acteurs académiques et institutionnels du territoire : • **Icam site de Grand Paris Sud**, école d’ingénieurs internationale centrée sur l’humain et l’innovation • **Université Évry Paris-Saclay**, établissement pluridisciplinaire reconnu pour la qualité de ses formations et de sa recherche **• Université Paris-Est Créteil (UPEC)**, établissement multidisciplinaire majeur du Grand-Est Parisien **• Evry-Sénart Sciences et Innovation (ESSI)**, association qui fédère les acteurs de l’enseignement supérieur et de la recherche du territoire Grand Paris Sud **•** Avec le soutien actif de l’**Agglomération Grand Paris Sud** ### Vous souhaitez y participer en tant que visiteur pour découvrir ces travaux, écouter des conférenciers de renommée ou rencontrer des entreprises innovantes ? ### **La billetterie est ouverte avec des pass à la journée, 2 jours ou 3 jours.** [**Billetterie**](https://www.eventbrite.fr/e/faim-2026-tickets-1980623384861?aff=oddtdtcreator&utm_source=eventbrite&utm_medium=email&utm_campaign=post_publish&utm_content=shortLinkNewEmail)",Lieusaint,"Carré Sénart 34 Points de Vue, 77127 Lieusaint",Île-de-France,2026-06-21 13:00:00,2026-06-25 13:00:00,Conférence,https://openagenda.com/evry-senart-innovation/events/webinaire-accelerez-vos-projets-industriels-avec-lia-la-rse-et-lingenierie-pluridisciplinaire,"Titre: FAIM 2026 : conférence internationale de référence sur l’Industrie 5.0
Description: Du 21 au 25 juin 2026, le territoire du Grand Paris Sud accueillera un événement scientifique d’envergure mondiale : la conférence FAIM 2026 (Flexible Automation and Intelligent Manufacturing).
Détails: Organisée chaque année sur un continent différent, la conférence internationale FAIM est un rendez-vous majeur pour les chercheurs, ingénieurs et industriels du monde entier engagés dans la transformation digitale de l’industrie. ### Un événement au cœur de l’Industrie 5.0 FAIM est reconnue pour sa contribution à l’avancement de la recherche, des technologies et des pratiques en matière de fabrication intelligente, d’automatisation flexible et d’intégration des systèmes de production. Les sujets abordés lors de cette conférence s’articulent autour de la robotique avancée, l’intelligence artificielle, la fabrication additive, l’internet des objets, les réalités augmentée et virtuelle, le jumeau numérique, ainsi que l’ingénierie mécanique et électrique, en vue de la transformation digitale des entreprises. Ces technologies sont au cœur des enjeux de l’Industrie 5.0, où la dimension humaine, la durabilité et l’agilité industrielle prennent une place essentielle. ### Un forum mondial pour la recherche et l’industrie FAIM 2026 proposera une programmation riche : sessions scientifiques (plus de 250 articles scientifiques attendus), ateliers thématiques, tutoriels techniques, visites d’entreprises, opportunités de réseautage pour les universitaires et les professionnels. Ce sera l’occasion pour les participants de partager leurs travaux, de créer des synergies et de découvrir les dernières innovations en fabrication intelligente. ### Une organisation portée par les forces vives du territoire La sélection de l’Icam site de Grand Paris Sud comme hôte officiel de FAIM 2026 est le fruit d’un partenariat stratégique entre plusieurs acteurs académiques et institutionnels du territoire : • **Icam site de Grand Paris Sud**, école d’ingénieurs internationale centrée sur l’humain et l’innovation • **Université Évry Paris-Saclay**, établissement pluridisciplinaire reconnu pour la qualité de ses formations et de sa recherche **• Université Paris-Est Créteil (UPEC)**, établissement multidisciplinaire majeur du Grand-Est Parisien **• Evry-Sénart Sciences et Innovation (ESSI)**, association qui fédère les acteurs de l’enseignement supérieur et de la recherche du territoire Grand Paris Sud **•** Avec le soutien actif de l’**Agglomération Grand Paris Sud** ### Vous souhaitez y participer en tant que visiteur pour découvrir ces travaux, écouter des conférenciers de renommée ou rencontrer des entreprises innovantes ? ### **La billetterie est ouverte avec des pass à la journée, 2 jours ou 3 jours.** [**Billetterie**](https://www.eventbrite.fr/e/faim-2026-tickets-1980623384861?aff=oddtdtcreator&utm_source=eventbrite&utm_medium=email&utm_campaign=post_publish&utm_content=shortLinkNewEmail)
Lieu: Lieusaint, Carré Sénart 34 Points de Vue, 77127 Lieusaint
Date de début: 2026-06-21 13:00:00
Date de fin: 2026-06-25 13:00:00
Catégories: Conférence"
14144628,"Séminaire ESSI - IA & entreprises : stratégies, cas d’usage et ateliers pratiques","Vendredi 12 juin, de 8h30 à 10h30, participez à une matinée dédiée aux applications concrètes de l’intelligence artificielle en entreprise.","### IA & entreprises : découvrez des solutions concrètes pour transformer vos activités Dirigeants, responsables innovation, RH, production ou communication : ESSI et ses partenaires vous invitent à une matinée dédiée aux usages concrets de l’intelligence artificielle en entreprise et dans l’industrie. À travers une conférence introductive, des démonstrations et des ateliers interactifs, découvrez comment l’IA peut accompagner la transformation des organisations : automatisation, contrôle qualité, robotique, production de contenus, formation immersive ou encore optimisation des processus. Cette rencontre sera également l’occasion d’échanger avec des experts académiques et industriels et d’identifier des solutions directement mobilisables dans votre structure. ### Programme * 8h30 – 8h40 | Accueil café * 8h40 – 8h50 | Mots de bienvenue Vincent BOUHIER, Président de ESSI Patrick RAKOTOSON, Président de la CCI Essonne Medhy ZEGHOUF, Vice-président de l'Agglomération Grand Paris Sud en en charge de l'enseignement supérieur, de la recherche et de l'innovation * 8h50 – 9h25 | Conférence introductive sur l’Intelligence Artificielle Hedi TABIA, Professeur à l'Université Évry Paris-Saclay * 9h30 – 10h30 | Ateliers & démonstrations de cas d’usage IA _Mécatronique intelligente (Université Évry Paris-Saclay)_ _Production augmentée de contenus grâce à l’IA (IMT-BS)_ _Collaboration homme-robot dans l’industrie 5.0 (IUT Sénart-Fontainebleau)_ _Formation immersive à la gestion du stress en situations critiques (Université Évry Paris-Saclay)_ _Chatbot RAG auto-hébergé : architecture, contraintes et trajectoire (ensIIE)_ _Contrôle qualité assisté par IA (Icam site de Grand Paris Sud)_ * 10h30 | Temps d’échanges & café de clôture",Évry-Courcouronnes,"23 boulevard de France 91000, Évry-Courcouronnes",Île-de-France,2026-06-12 08:30:00,2026-06-12 10:30:00,Séminaire,https://openagenda.com/evry-senart-innovation/events/ia-and-entreprises-decouvrez-des-solutions-concretes-pour-transformer-vos-activites,"Titre: Séminaire ESSI - IA & entreprises : stratégies, cas d’usage et ateliers pratiques
Description: Vendredi 12 juin, de 8h30 à 10h30, participez à une matinée dédiée aux applications concrètes de l’intelligence artificielle en entreprise.
Détails: ### IA & entreprises : découvrez des solutions concrètes pour transformer vos activités Dirigeants, responsables innovation, RH, production ou communication : ESSI et ses partenaires vous invitent à une matinée dédiée aux usages concrets de l’intelligence artificielle en entreprise et dans l’industrie. À travers une conférence introductive, des démonstrations et des ateliers interactifs, découvrez comment l’IA peut accompagner la transformation des organisations : automatisation, contrôle qualité, robotique, production de contenus, formation immersive ou encore optimisation des processus. Cette rencontre sera également l’occasion d’échanger avec des experts académiques et industriels et d’identifier des solutions directement mobilisables dans votre structure. ### Programme * 8h30 – 8h40 | Accueil café * 8h40 – 8h50 | Mots de bienvenue Vincent BOUHIER, Président de ESSI Patrick RAKOTOSON, Président de la CCI Essonne Medhy ZEGHOUF, Vice-président de l'Agglomération Grand Paris Sud en en charge de l'enseignement supérieur, de la recherche et de l'innovation * 8h50 – 9h25 | Conférence introductive sur l’Intelligence Artificielle Hedi TABIA, Professeur à l'Université Évry Paris-Saclay * 9h30 – 10h30 | Ateliers & démonstrations de cas d’usage IA _Mécatronique intelligente (Université Évry Paris-Saclay)_ _Production augmentée de contenus grâce à l’IA (IMT-BS)_ _Collaboration homme-robot dans l’industrie 5.0 (IUT Sénart-Fontainebleau)_ _Formation immersive à la gestion du stress en situations critiques (Université Évry Paris-Saclay)_ _Chatbot RAG auto-hébergé : architecture, contraintes et trajectoire (ensIIE)_ _Contrôle qualité assisté par IA (Icam site de Grand Paris Sud)_ * 10h30 | Temps d’échanges & café de clôture
Lieu: Évry-Courcouronnes, 23 boulevard de France 91000, Évry-Courcouronnes
Date de début: 2026-06-12 08:30:00
Date de fin: 2026-06-12 10:30:00
Catégories: Séminaire"
54365457,D4Gen Hackathon 2026,48h intense d’innovation pour trouver des solutions digitales utiles aux sciences du vivant !,"Vous portez un projet innovant en biotechnologie et vous cherchez à lever un verrou technologique ? **Le D4Gen Hackathon, organisé par Genopole les 5, 6 et 7 juin 2026, est l’opportunité idéale pour faire évoluer votre idée en 3 jours !** Constituez une équipe pluridisciplinaire et venez relever le défi dans un cadre stimulant, avec mentorat, ressources technologiques et prix à la clé. Avec jusqu’à 10 000€ à gagner et des sujets de recherche pointus, le D4Gen Hackathon offre une plateforme idéale pour explorer des solutions innovantes. Que vous souhaitiez proposer un challenge, rejoindre une équipe, devenir mentor ou mécène, cet événement est une opportunité unique de contribuer à l’innovation tout en bénéficiant d’un environnement propice à la créativité et au réseautage. ### Pourquoi participer ? \- 3 jours pour innover : Un week-end intensif (5-7 juin) pour prototyper, tester et faire sauter les verrous de votre projet. \- Collaboration avec des talents issus de formations d’excellence en numérique et bioinformatique. \- Accompagnement expert : Bénéficiez de mentors, outils technologiques et ressources dédiées. \- Réseautage : Échangez avec des chercheurs, entrepreneurs et industriels du secteur. \- Visibilité et récompenses : Présentez votre projet devant un jury d’experts et la possibilité de revoir un prix de 2 500 € à 10 000 € pour les 3 meilleures équipes \- Soutien de Genopole avant, pendant et après l’événement. Ne manquez pas cette occasion de faire avancer la recherche et l’innovation. ### Comment ça marche ? \- Formez une équipe (3 à 5 personnes) avec un porteur de projet (vous !) et des compétences complémentaires (bio-informatique, biologie, ingénierie, business…). \- Inscription obligatoire : Déposez votre candidature avant le 29 mai 2026 sur notre plateforme \- 3 jours de hackathon (5-7 juin) : Travaillez en équipe pour lever vos verrous technologiques avec l’appui des mentors. \- Pitch final : Présentez vos résultats devant un jury et tentez de remporter jusqu’à 10 000 € !",Évry-Courcouronnes,"20 rue Henri Desbruères, 91000 Evry-Courcouronnes",Île-de-France,2026-06-05 09:00:00,2026-06-07 17:00:00,Hackathon,https://openagenda.com/evry-senart-innovation/events/d4gen-hackathon-2026-48h-pour-transformer-votre-projet-biotech-et-gagner-jusqua-10-000-euro,"Titre: D4Gen Hackathon 2026
Description: 48h intense d’innovation pour trouver des solutions digitales utiles aux sciences du vivant !
Détails: Vous portez un projet innovant en biotechnologie et vous cherchez à lever un verrou technologique ? **Le D4Gen Hackathon, organisé par Genopole les 5, 6 et 7 juin 2026, est l’opportunité idéale pour faire évoluer votre idée en 3 jours !** Constituez une équipe pluridisciplinaire et venez relever le défi dans un cadre stimulant, avec mentorat, ressources technologiques et prix à la clé. Avec jusqu’à 10 000€ à gagner et des sujets de recherche pointus, le D4Gen Hackathon offre une plateforme idéale pour explorer des solutions innovantes. Que vous souhaitiez proposer un challenge, rejoindre une équipe, devenir mentor ou mécène, cet événement est une opportunité unique de contribuer à l’innovation tout en bénéficiant d’un environnement propice à la créativité et au réseautage. ### Pourquoi participer ? \- 3 jours pour innover : Un week-end intensif (5-7 juin) pour prototyper, tester et faire sauter les verrous de votre projet. \- Collaboration avec des talents issus de formations d’excellence en numérique et bioinformatique. \- Accompagnement expert : Bénéficiez de mentors, outils technologiques et ressources dédiées. \- Réseautage : Échangez avec des chercheurs, entrepreneurs et industriels du secteur. \- Visibilité et récompenses : Présentez votre projet devant un jury d’experts et la possibilité de revoir un prix de 2 500 € à 10 000 € pour les 3 meilleures équipes \- Soutien de Genopole avant, pendant et après l’événement. Ne manquez pas cette occasion de faire avancer la recherche et l’innovation. ### Comment ça marche ? \- Formez une équipe (3 à 5 personnes) avec un porteur de projet (vous !) et des compétences complémentaires (bio-informatique, biologie, ingénierie, business…). \- Inscription obligatoire : Déposez votre candidature avant le 29 mai 2026 sur notre plateforme \- 3 jours de hackathon (5-7 juin) : Travaillez en équipe pour lever vos verrous technologiques avec l’appui des mentors. \- Pitch final : Présentez vos résultats devant un jury et tentez de remporter jusqu’à 10 000 € !
Lieu: Évry-Courcouronnes, 20 rue Henri Desbruères, 91000 Evry-Courcouronnes
Date de début: 2026-06-05 09:00:00
Date de fin: 2026-06-07 17:00:00
Catégories: Hackathon"
90868390,Forum de Printemps d'IMT-BS,Une opportunité unique pour les entreprises de rencontrer des profils motivés et sécuriser leurs recrutements avant l’été.,"Vous recherchez des étudiants engagés et formés aux enjeux business, tech et digitaux ? Venez rencontrer les étudiants d'Institut Mines-Télécom Business School, prêts à contribuer à vos projets d’aujourd’hui et de demain. ### Pourquoi participer au Forum de Printemps d'IMT-BS? \> Recrutez les profils adaptés à vos besoins \> Présentez votre entreprise, vos métiers et vos parcours \> Échangez avec des étudiants en recherche de stage, d'alternance ou d'un 1er emploi ### Quelle cible d'étudiantes et étudiants allez-vous rencontrer ? 200+ étudiants disponibles : Bachelor, Programme Grande École, année de césure, alumni 2025. Avec des expertises dans les domaines suivants : * Marketing & Communication * Stratégie & Entrepreneuriat * Systèmes d'information * Business & Conseil * Data & Digital * Finance ### Un nouveau format \> Un cadre premium dans les locaux Étoile abritant l'IMT Starter \> Organisé le jour du lancement des oraux d’admission - affluence renforcée sur le campus \> Un temps de parole 🎤 qui vous est dédié (conférence, table ronde…) sur la thématique de votre choix pour faire rayonner votre marque employeur ✨",Évry-Courcouronnes,9 rue Charles Fourier 91000 Evry-Courcouronnes,Île-de-France,2026-06-18 13:00:00,2026-06-18 17:00:00,Forum de recrutement,https://openagenda.com/evry-senart-innovation/events/forum-de-printemps-imt-bs,"Titre: Forum de Printemps d'IMT-BS
Description: Une opportunité unique pour les entreprises de rencontrer des profils motivés et sécuriser leurs recrutements avant l’été.
Détails: Vous recherchez des étudiants engagés et formés aux enjeux business, tech et digitaux ? Venez rencontrer les étudiants d'Institut Mines-Télécom Business School, prêts à contribuer à vos projets d’aujourd’hui et de demain. ### Pourquoi participer au Forum de Printemps d'IMT-BS? \> Recrutez les profils adaptés à vos besoins \> Présentez votre entreprise, vos métiers et vos parcours \> Échangez avec des étudiants en recherche de stage, d'alternance ou d'un 1er emploi ### Quelle cible d'étudiantes et étudiants allez-vous rencontrer ? 200+ étudiants disponibles : Bachelor, Programme Grande École, année de césure, alumni 2025. Avec des expertises dans les domaines suivants : * Marketing & Communication * Stratégie & Entrepreneuriat * Systèmes d'information * Business & Conseil * Data & Digital * Finance ### Un nouveau format \> Un cadre premium dans les locaux Étoile abritant l'IMT Starter \> Organisé le jour du lancement des oraux d’admission - affluence renforcée sur le campus \> Un temps de parole 🎤 qui vous est dédié (conférence, table ronde…) sur la thématique de votre choix pour faire rayonner votre marque employeur ✨
Lieu: Évry-Courcouronnes, 9 rue Charles Fourier 91000 Evry-Courcouronnes
Date de début: 2026-06-18 13:00:00
Date de fin: 2026-06-18 17:00:00
Catégories: Forum de recrutement"
89534299,Job Dating de l’IRFASE,Le mercredi 10 juin 2026 de 14h à 17h se tiendra le job dating de l’IRFASE.,"Un événement incontournable pour les personnes et les professionnel·les en quête de nouvelles opportunités. Cet après-midi dynamique offre l’occasion unique de rencontrer en face-à-face des employeurs potentiels et de tisser des liens avec des professionnel·les expérimenté·es. Que vous soyez à la recherche d’un stage, d’un contrat d’alternance, ou d’un emploi, rejoignez l'IRFASE pour une journée riche en rencontres et en découvertes, où chaque conversation pourrait être le début d’une nouvelle aventure professionnelle passionnante.",Évry-Courcouronnes,"5 Place des Terrasses de l'Agora, 91000 Évry-Courcouronnes, France",Île-de-France,2026-06-10 14:00:00,2026-06-10 17:00:00,Job dating,https://openagenda.com/evry-senart-innovation/events/job-dating-de-lirfase,"Titre: Job Dating de l’IRFASE
Description: Le mercredi 10 juin 2026 de 14h à 17h se tiendra le job dating de l’IRFASE.
Détails: Un événement incontournable pour les personnes et les professionnel·les en quête de nouvelles opportunités. Cet après-midi dynamique offre l’occasion unique de rencontrer en face-à-face des employeurs potentiels et de tisser des liens avec des professionnel·les expérimenté·es. Que vous soyez à la recherche d’un stage, d’un contrat d’alternance, ou d’un emploi, rejoignez l'IRFASE pour une journée riche en rencontres et en découvertes, où chaque conversation pourrait être le début d’une nouvelle aventure professionnelle passionnante.
Lieu: Évry-Courcouronnes, 5 Place des Terrasses de l'Agora, 91000 Évry-Courcouronnes, France
Date de début: 2026-06-10 14:00:00
Date de fin: 2026-06-10 17:00:00
Catégories: Job dating"
12060442,Challenge cybersécurité 404 CTF,"Télécom SudParis et la Direction Générale de la Sécurité Extérieure (DGSE), en partenariat avec OVHcloud et VivaTechnology, organisent la cinquième édition du 404 CTF.","Du 16 mai au 7 juin 2026 en ligne, Télécom SudParis et la Direction Générale de la Sécurité Extérieure (DGSE), en partenariat avec OVHcloud et VivaTechnology, organisent la cinquième édition du 404 CTF, la plus grande compétition de cybersécurité en France. Après le succès des éditions précédentes, cette nouvelle édition met à l’honneur les grands ingénieurs et scientifiques français.Après le succès des éditions précédentes, cette nouvelle édition met à l’honneur les grands ingénieurs et scientifiques français. Pendant trois semaines, confrontez-vous à des challenges conçus par le club de cybersécurité HackademINT de Télécom SudParis. Quel que soit votre niveau, relevez le défi ! Accessible à toutes et tous, la compétition propose une immersion ludique dans les grands domaines de la cybersécurité, tout en valorisant les talents de demain. **Ouverture des inscriptions : jeudi 30 avril 2026 à 20h** Les meilleurs participants seront récompensés lors du salon Viva Technology, qui se tient cette année du 17 au 20 juin. Cette compétition s’inscrit dans le cadre des actions menées conjointement par la DGSE et Télécom SudParis pour promouvoir les talents et les enjeux liés à la souveraineté numérique.",Évry-Courcouronnes,"9 rue Charles Fourier, 91000 Evry-Courcouronnes",Île-de-France,2026-05-16 09:00:00,2026-06-07 18:00:00,Challenge,https://openagenda.com/evry-senart-innovation/events/challenge-cybersecurite-404-ctf-6651901,"Titre: Challenge cybersécurité 404 CTF
Description: Télécom SudParis et la Direction Générale de la Sécurité Extérieure (DGSE), en partenariat avec OVHcloud et VivaTechnology, organisent la cinquième édition du 404 CTF.
Détails: Du 16 mai au 7 juin 2026 en ligne, Télécom SudParis et la Direction Générale de la Sécurité Extérieure (DGSE), en partenariat avec OVHcloud et VivaTechnology, organisent la cinquième édition du 404 CTF, la plus grande compétition de cybersécurité en France. Après le succès des éditions précédentes, cette nouvelle édition met à l’honneur les grands ingénieurs et scientifiques français.Après le succès des éditions précédentes, cette nouvelle édition met à l’honneur les grands ingénieurs et scientifiques français. Pendant trois semaines, confrontez-vous à des challenges conçus par le club de cybersécurité HackademINT de Télécom SudParis. Quel que soit votre niveau, relevez le défi ! Accessible à toutes et tous, la compétition propose une immersion ludique dans les grands domaines de la cybersécurité, tout en valorisant les talents de demain. **Ouverture des inscriptions : jeudi 30 avril 2026 à 20h** Les meilleurs participants seront récompensés lors du salon Viva Technology, qui se tient cette année du 17 au 20 juin. Cette compétition s’inscrit dans le cadre des actions menées conjointement par la DGSE et Télécom SudParis pour promouvoir les talents et les enjeux liés à la souveraineté numérique.
Lieu: Évry-Courcouronnes, 9 rue Charles Fourier, 91000 Evry-Courcouronnes
Date de début: 2026-05-16 09:00:00
Date de fin: 2026-06-07 18:00:00
Catégories: Challenge"
94878348,Journée Nationale de la Bioproduction de Biomédicaments,"Genopole et GenoTher, premier biocluster européen dédié à la thérapie du gène, participent à la 3e édition de la Journée Nationale de la Bioproduction de Biomédicaments – JNBB.","Cette journée réunira acteurs académiques, industriels et institutionnels autour d’interventions inspirantes sur l’évolution des compétences, les parcours de formation, les défis de la bioproduction et les perspectives offertes par l’intelligence artificielle. Elle se prolongera l’après-midi par des visites au cœur de l’écosystème de Genopole, à la découverte de ses infrastructures, de ses acteurs de formation et de ses lieux d’innovation. ### Programme * À partir de 9:30 – Accueil café * 10:00 – Discours d’accueil et d’introduction de la journée Genopole * 10:15 – Présentation de GenoTher GenoTher * 10:30 – Présentation des formations du Groupe IMT – organisme de formation pour les industries Pharmaceutiques Cosmétiques et Biotechnologiques Rym Martin – Groupe IMT * 11:00 – Quels techniciens pour quels besoins ? Panorama des formations en biologie appliquée Isabelle Bouvier – Académie de Versailles, relations BTS de biologie appliquée – entreprises Pauline Rocroy – Lycée du Parc des Loges * 11:30 – Évolution des besoins en compétences dans le secteur de la bioproduction Témoignage parcours et actions de formation continue Cécile Denis – Yposkesi, SK Pharmteco * 12:30 – Challenges de la bioproduction et enjeux de l’utilisation de l’intelligence artificielle Whitelab Genomics * 13:00 – Pause déjeuner Profitez de ce moment pour faire du networking autour d’un cocktail déjeunatoire * 14:00 – 17:00 Visites Visites des sites suivants : \- La pépinière d’entreprises Genopole \- Le centre de formation d’Évry du Groupe IMT \- Généthon (15:30)",Évry-Courcouronnes,20 rue Henri Auguste Desbruères,Île-de-France,2026-06-04 09:30:00,2026-06-04 17:00:00,Rencontre,https://openagenda.com/evry-senart-innovation/events/journee-nationale-de-la-bioproduction-de-biomedicaments-884898,"Titre: Journée Nationale de la Bioproduction de Biomédicaments
Description: Genopole et GenoTher, premier biocluster européen dédié à la thérapie du gène, participent à la 3e édition de la Journée Nationale de la Bioproduction de Biomédicaments – JNBB.
Détails: Cette journée réunira acteurs académiques, industriels et institutionnels autour d’interventions inspirantes sur l’évolution des compétences, les parcours de formation, les défis de la bioproduction et les perspectives offertes par l’intelligence artificielle. Elle se prolongera l’après-midi par des visites au cœur de l’écosystème de Genopole, à la découverte de ses infrastructures, de ses acteurs de formation et de ses lieux d’innovation. ### Programme * À partir de 9:30 – Accueil café * 10:00 – Discours d’accueil et d’introduction de la journée Genopole * 10:15 – Présentation de GenoTher GenoTher * 10:30 – Présentation des formations du Groupe IMT – organisme de formation pour les industries Pharmaceutiques Cosmétiques et Biotechnologiques Rym Martin – Groupe IMT * 11:00 – Quels techniciens pour quels besoins ? Panorama des formations en biologie appliquée Isabelle Bouvier – Académie de Versailles, relations BTS de biologie appliquée – entreprises Pauline Rocroy – Lycée du Parc des Loges * 11:30 – Évolution des besoins en compétences dans le secteur de la bioproduction Témoignage parcours et actions de formation continue Cécile Denis – Yposkesi, SK Pharmteco * 12:30 – Challenges de la bioproduction et enjeux de l’utilisation de l’intelligence artificielle Whitelab Genomics * 13:00 – Pause déjeuner Profitez de ce moment pour faire du networking autour d’un cocktail déjeunatoire * 14:00 – 17:00 Visites Visites des sites suivants : \- La pépinière d’entreprises Genopole \- Le centre de formation d’Évry du Groupe IMT \- Généthon (15:30)
Lieu: Évry-Courcouronnes, 20 rue Henri Auguste Desbruères
Date de début: 2026-06-04 09:30:00
Date de fin: 2026-06-04 17:00:00
Catégories: Rencontre"
95253851,L’impact de l’IA sur la transformation des métiers : quelles formations pour anticiper les besoins ?,L'ensIIE invite ses partenaires à une demi-journée de rencontres autour d'un thème fort d'actualité.,"### Partners Day de l'ensIIE L’intelligence artificielle bouleverse notre manière de travailler, d’apprendre, de produire, de communiquer et de décider. L’IA s’impose désormais dans tous les secteurs : industrie, cybersécurité, santé, finance, éducation, ressources humaines, ingénierie, défense ou encore création de contenu Mais cette révolution soulève également des questions majeures : \- Comment sécuriser des systèmes capables de raisonner, générer du contenu et prendre des décisions ? \- Comment former les futurs ingénieurs et professionnels à des technologies qui évoluent plus vite que les programmes académiques ? \- Quels métiers vont émerger ? Lesquels vont se transformer ? Et quelles compétences humaines resteront essentielles dans un monde augmenté par l’IA ? ### Programme * 10h00 | Conférence d'ouverture Insaf ALLANI, Senior Cybersecurity Consultant chez DELOITTE, décryptera pour vous : ""La sécurité de l’IA : comprendre les risques et sécuriser les systèmes intelligents"". Une vision indispensable pour protéger vos actifs à l'ère de l'autonomie. * 11h15 | Table ronde : L’impact de l’IA sur la transformation des métiers : quelles formations pour anticiper les besoins ? Un débat pour confronter les regards de la recherche, de l’industrie et de la nouvelle génération avec : \- Jean-Christophe WEILL (Expert IA au CEA) \- Anne-Laure LIGOZAT (Spécialiste de l'impact environnemental de l'IA) \-Thierry VALLAUD (Responsable Connaissance Clients ProBTP) \- Alain ABOUKINANE (Architecte de Souveraineté Cognitive) \- Insaf ALLANI (Deloitte) \- Une étudiante ingénieur(e) de l'ensIIE. * 12h00 | Buffet",Évry-Courcouronnes,"1 place de la Résistance, 91000 Évry-Courcouronnes",Île-de-France,2026-06-04 10:00:00,2026-06-04 12:00:00,Partners day,https://openagenda.com/evry-senart-innovation/events/partners-day,"Titre: L’impact de l’IA sur la transformation des métiers : quelles formations pour anticiper les besoins ?
Description: L'ensIIE invite ses partenaires à une demi-journée de rencontres autour d'un thème fort d'actualité.
Détails: ### Partners Day de l'ensIIE L’intelligence artificielle bouleverse notre manière de travailler, d’apprendre, de produire, de communiquer et de décider. L’IA s’impose désormais dans tous les secteurs : industrie, cybersécurité, santé, finance, éducation, ressources humaines, ingénierie, défense ou encore création de contenu Mais cette révolution soulève également des questions majeures : \- Comment sécuriser des systèmes capables de raisonner, générer du contenu et prendre des décisions ? \- Comment former les futurs ingénieurs et professionnels à des technologies qui évoluent plus vite que les programmes académiques ? \- Quels métiers vont émerger ? Lesquels vont se transformer ? Et quelles compétences humaines resteront essentielles dans un monde augmenté par l’IA ? ### Programme * 10h00 | Conférence d'ouverture Insaf ALLANI, Senior Cybersecurity Consultant chez DELOITTE, décryptera pour vous : ""La sécurité de l’IA : comprendre les risques et sécuriser les systèmes intelligents"". Une vision indispensable pour protéger vos actifs à l'ère de l'autonomie. * 11h15 | Table ronde : L’impact de l’IA sur la transformation des métiers : quelles formations pour anticiper les besoins ? Un débat pour confronter les regards de la recherche, de l’industrie et de la nouvelle génération avec : \- Jean-Christophe WEILL (Expert IA au CEA) \- Anne-Laure LIGOZAT (Spécialiste de l'impact environnemental de l'IA) \-Thierry VALLAUD (Responsable Connaissance Clients ProBTP) \- Alain ABOUKINANE (Architecte de Souveraineté Cognitive) \- Insaf ALLANI (Deloitte) \- Une étudiante ingénieur(e) de l'ensIIE. * 12h00 | Buffet
Lieu: Évry-Courcouronnes, 1 place de la Résistance, 91000 Évry-Courcouronnes
Date de début: 2026-06-04 10:00:00
Date de fin: 2026-06-04 12:00:00
Catégories: Partners day"
44890549,Matinales du Management : Kaamelott ou apprendre à manager dans l’ère digitale,"Les Matinales du Management d'IMT-BS invitent chercheurs, professionnels et étudiants à croiser leurs regards sur des sujets au cœur des transformations actuelles.","Et si la série culte Kaamelott était bien plus qu’une comédie décalée ? Et si elle offrait une clé pour comprendre les défis du management en 2026, dans un monde marqué par l’innovation permanente et la transformation digitale accélérée ? Cette conférence propose de voir Kaamelott comme un miroir déformant, utile pour appréhender l’expérience sensible et quotidienne du manager dans le contexte de transformation permanente où le digital est au cœur de l’environnement de travail. Le Roi Arthur, manager des Chevaliers de la Table Ronde, doit piloter l’action collective dans un contexte aussi troublé que celui de la transformation digitale et IA actuelle. A quelles situations managériales nous renvoie le « miroir » Kaamelott et comment ce que nous y voyons peut nous aider à réfléchir au management d’équipe aujourd’hui ? À travers les aventures du Roi Arthur et de ses Chevaliers, cette conférence explore les postures managériales, les conflits d’autorité, et les valeurs qui structurent l’action collective en période de transformation profonde. Elle met aussi en évidence des fondamentaux du management à ne pas négliger. ### Intervenante **Aurélie Dudezert** est Professeure en management à Institut Mines-Télécom Business School et responsable du IS Lab. Spécialiste des transformations organisationnelles liées aux technologies collaboratives, ses recherches portent notamment sur le travail hybride et le rôle des émotions dans les usages numériques. Agrégée des Universités et habilitée à diriger les recherches, elle publie régulièrement dans des revues scientifiques internationales et intervient comme experte auprès de grandes organisations. Elle co-dirige l’Observatoire du New Normal et contribue activement aux réflexions sur les enjeux du numérique pour le travail et l’enseignement supérieur. ### Qu'est-ce que sont les Matinales du Management ? Comment le management s’adapte-t-il aux mutations technologiques, environnementales et sociétales ? Pour répondre à cette question, IMT-BS vous propose Les Matinales du Management, un cycle de rencontres ouvertes et stimulantes autour des grands enjeux contemporains. À travers un format court, dynamique et expert, ces matinales invitent chercheurs, professionnels et étudiants à croiser leurs regards sur des sujets au cœur des transformations actuelles.",Évry-Courcouronnes,9 rue Charles Fourier 91000 Evry-Courcouronnes,Île-de-France,2026-06-03 08:30:00,2026-06-03 10:30:00,Conférence,https://openagenda.com/evry-senart-innovation/events/kaamelott-ou-apprendre-a-manager-dans-lere-digitale,"Titre: Matinales du Management : Kaamelott ou apprendre à manager dans l’ère digitale
Description: Les Matinales du Management d'IMT-BS invitent chercheurs, professionnels et étudiants à croiser leurs regards sur des sujets au cœur des transformations actuelles.
Détails: Et si la série culte Kaamelott était bien plus qu’une comédie décalée ? Et si elle offrait une clé pour comprendre les défis du management en 2026, dans un monde marqué par l’innovation permanente et la transformation digitale accélérée ? Cette conférence propose de voir Kaamelott comme un miroir déformant, utile pour appréhender l’expérience sensible et quotidienne du manager dans le contexte de transformation permanente où le digital est au cœur de l’environnement de travail. Le Roi Arthur, manager des Chevaliers de la Table Ronde, doit piloter l’action collective dans un contexte aussi troublé que celui de la transformation digitale et IA actuelle. A quelles situations managériales nous renvoie le « miroir » Kaamelott et comment ce que nous y voyons peut nous aider à réfléchir au management d’équipe aujourd’hui ? À travers les aventures du Roi Arthur et de ses Chevaliers, cette conférence explore les postures managériales, les conflits d’autorité, et les valeurs qui structurent l’action collective en période de transformation profonde. Elle met aussi en évidence des fondamentaux du management à ne pas négliger. ### Intervenante **Aurélie Dudezert** est Professeure en management à Institut Mines-Télécom Business School et responsable du IS Lab. Spécialiste des transformations organisationnelles liées aux technologies collaboratives, ses recherches portent notamment sur le travail hybride et le rôle des émotions dans les usages numériques. Agrégée des Universités et habilitée à diriger les recherches, elle publie régulièrement dans des revues scientifiques internationales et intervient comme experte auprès de grandes organisations. Elle co-dirige l’Observatoire du New Normal et contribue activement aux réflexions sur les enjeux du numérique pour le travail et l’enseignement supérieur. ### Qu'est-ce que sont les Matinales du Management ? Comment le management s’adapte-t-il aux mutations technologiques, environnementales et sociétales ? Pour répondre à cette question, IMT-BS vous propose Les Matinales du Management, un cycle de rencontres ouvertes et stimulantes autour des grands enjeux contemporains. À travers un format court, dynamique et expert, ces matinales invitent chercheurs, professionnels et étudiants à croiser leurs regards sur des sujets au cœur des transformations actuelles.
Lieu: Évry-Courcouronnes, 9 rue Charles Fourier 91000 Evry-Courcouronnes
Date de début: 2026-06-03 08:30:00
Date de fin: 2026-06-03 10:30:00
Catégories: Conférence"
86433321,"Sécurité économique : nouveaux risques, nouveaux enjeux","Le Medef Essonne, en partenariat avec la CCI Essonne, IMT-BS & Télécom SudParis, vous donne rendez-vous pour une rencontre autour de la sécurité économique.","Vol de données stratégiques, espionnage économique, cybermenaces, dépendances technologiques… Les risques qui pèsent sur nos entreprises n’ont jamais été aussi élevés. Dans ce contexte, comment protéger nos technologies, nos innovations et notre souveraineté économique ? Le Medef Essonne, en partenariat avec la CCI Essonne, Institut Mines-Télécom Business School & Télécom SudParis, vous donne rendez-vous pour une rencontre exceptionnelle autour d’un enjeu devenu central pour les entreprises et les territoires : \- Sécurité économique : nouveaux risques, nouveaux enjeux \- Protection des technologies scientifiques et stratégiques de la Nation Avec la participation exceptionnelle de : \- la DGSI - Direction Générale de la Sécurité Intérieure \- l’ANSSI - Agence nationale de la sécurité des systèmes d'information \- la Direction générale des douanes et droits indirects (DGDDI) Introduction par Monsieur Rémi BOURDU, Sous-Préfet de Palaiseau et Référent départemental Sécurité économique. Une occasion rare d’échanger avec des acteurs clés de la sécurité économique nationale pour mieux comprendre les menaces actuelles et anticiper les défis de demain.",Évry-Courcouronnes,9 rue Charles Fourier 91000 Evry-Courcouronnes,Île-de-France,2026-06-02 17:30:00,2026-06-02 19:30:00,Rencontre,https://openagenda.com/evry-senart-innovation/events/rencontre-securite-economique-nouveaux-risques-nouveaux-enjeux,"Titre: Sécurité économique : nouveaux risques, nouveaux enjeux
Description: Le Medef Essonne, en partenariat avec la CCI Essonne, IMT-BS & Télécom SudParis, vous donne rendez-vous pour une rencontre autour de la sécurité économique.
Détails: Vol de données stratégiques, espionnage économique, cybermenaces, dépendances technologiques… Les risques qui pèsent sur nos entreprises n’ont jamais été aussi élevés. Dans ce contexte, comment protéger nos technologies, nos innovations et notre souveraineté économique ? Le Medef Essonne, en partenariat avec la CCI Essonne, Institut Mines-Télécom Business School & Télécom SudParis, vous donne rendez-vous pour une rencontre exceptionnelle autour d’un enjeu devenu central pour les entreprises et les territoires : \- Sécurité économique : nouveaux risques, nouveaux enjeux \- Protection des technologies scientifiques et stratégiques de la Nation Avec la participation exceptionnelle de : \- la DGSI - Direction Générale de la Sécurité Intérieure \- l’ANSSI - Agence nationale de la sécurité des systèmes d'information \- la Direction générale des douanes et droits indirects (DGDDI) Introduction par Monsieur Rémi BOURDU, Sous-Préfet de Palaiseau et Référent départemental Sécurité économique. Une occasion rare d’échanger avec des acteurs clés de la sécurité économique nationale pour mieux comprendre les menaces actuelles et anticiper les défis de demain.
Lieu: Évry-Courcouronnes, 9 rue Charles Fourier 91000 Evry-Courcouronnes
Date de début: 2026-06-02 17:30:00
Date de fin: 2026-06-02 19:30:00
Catégories: Rencontre"
75113569,Colloque ÉvryBio 2026,Un évènement conçu et porté par les talents des L3 Science de la Vie de l'Université Evry Paris-Saclay,"Vous aurez le plaisir de découvrir les sujets scientifiques vulgarisés par les équipes étudiantes, sur des thématiques actuelles, innovantes et au coeur des enjeux de la recherche. ### Programme \- 9h : Discours d'ouverture \- 9h30 - 10h30 : * La régénérescence rétinienne, un espoir médical. * Lien entre prématuré et microbiote intestinal : Rôle de Clostridium Innocuum. * HNF4A: un sauveur pour le cancer du pancréas ? \- Pause de 30min \- 11h - 12h20 : * Le plastique peut-il nous rendre moins intelligent ? * Merci pour le sucre, voici une carie ! Signé, les bactéries. * Gratter ou ne pas se gratter pour combattre les infections ? Telle est la question ! * Acouphène et sommeil: quand le silence... devient bruyant. \- Pause déjeuner \- 14h - 15h20 : * Le chewing-gum, votre nouvel allié contre la grippe ! * Quand ton sang va MAL. * Cavéole et invadosome, un duo de choc ! Comprendre l'invasion tumorale pour freiner le cancer. * Quand performer coûte trop cher ! \- Pause de 30min \- 15h50 - 17h10 : * Le superpouvoir caché des huîtres contre le réchauffement climatique. * Le midbody ou la poubelle cellulaire ? Du déchet au messager. * Microcristaux intelligents : la contraception du futur. * Les microplastiques : Une menace invisible pour notre santé respiratoire. \- 17h30 - 18h : Remise des prix Assistez aux présentations thématiques et échangez avec les équipes sur leurs sujets ainsi que sur leurs posters !",Évry-Courcouronnes,"23 boulevard de France 91000, Évry-Courcouronnes",Île-de-France,2026-05-20 08:30:00,2026-05-20 18:00:00,Colloque,https://openagenda.com/evry-senart-innovation/events/colloque-evrybio-2026,"Titre: Colloque ÉvryBio 2026
Description: Un évènement conçu et porté par les talents des L3 Science de la Vie de l'Université Evry Paris-Saclay
Détails: Vous aurez le plaisir de découvrir les sujets scientifiques vulgarisés par les équipes étudiantes, sur des thématiques actuelles, innovantes et au coeur des enjeux de la recherche. ### Programme \- 9h : Discours d'ouverture \- 9h30 - 10h30 : * La régénérescence rétinienne, un espoir médical. * Lien entre prématuré et microbiote intestinal : Rôle de Clostridium Innocuum. * HNF4A: un sauveur pour le cancer du pancréas ? \- Pause de 30min \- 11h - 12h20 : * Le plastique peut-il nous rendre moins intelligent ? * Merci pour le sucre, voici une carie ! Signé, les bactéries. * Gratter ou ne pas se gratter pour combattre les infections ? Telle est la question ! * Acouphène et sommeil: quand le silence... devient bruyant. \- Pause déjeuner \- 14h - 15h20 : * Le chewing-gum, votre nouvel allié contre la grippe ! * Quand ton sang va MAL. * Cavéole et invadosome, un duo de choc ! Comprendre l'invasion tumorale pour freiner le cancer. * Quand performer coûte trop cher ! \- Pause de 30min \- 15h50 - 17h10 : * Le superpouvoir caché des huîtres contre le réchauffement climatique. * Le midbody ou la poubelle cellulaire ? Du déchet au messager. * Microcristaux intelligents : la contraception du futur. * Les microplastiques : Une menace invisible pour notre santé respiratoire. \- 17h30 - 18h : Remise des prix Assistez aux présentations thématiques et échangez avec les équipes sur leurs sujets ainsi que sur leurs posters !
Lieu: Évry-Courcouronnes, 23 boulevard de France 91000, Évry-Courcouronnes
Date de début: 2026-05-20 08:30:00
Date de fin: 2026-05-20 18:00:00
Catégories: Colloque"
54626121,Scèn’Art Festival - Édition 2026,"Le Scèn’Art Festival 2026 se tiendra le mardi 19 mai à Lieusaint : une journée festive mêlant arts, innovation, projets étudiants et animations sur le campus de l’IUT Sénart-Fontainebleau.","### Créativité, innovation et vie étudiante à l’honneur Ouvert aux étudiants, futurs étudiants et partenaires, cet événement s’impose comme un rendez-vous incontournable de la vie étudiante et culturelle de l’IUT Sénart-Fontainebleau. ### Un événement soutenu par des acteurs engagés L’ensemble des départements pédagogiques, ainsi que les étudiants et personnels de l’IUT Sénart-Fontainebleau, participent activement à cette journée en proposant diverses démonstrations et animations. ### Un projet porté par les étudiants L’édition 2026 du Scèn’Art Festival est organisée par les étudiants de 3ème année du BUT Techniques de Commercialisation (TC), parcours Stratégie de marque et événementiel. Ce projet pédagogique leur permet de mettre en pratique leurs compétences en : \- gestion de projet \- communication événementielle \- stratégie de marque \- coordination logistique Le festival s’affirme ainsi comme un véritable terrain d’apprentissage.",Lieusaint,36-37 rue Georges Charpak 77567 Lieusaint,Île-de-France,2026-05-19 14:00:00,2026-05-19 20:00:00,Festival,https://openagenda.com/evry-senart-innovation/events/scenart-festival-edition-2026,"Titre: Scèn’Art Festival - Édition 2026
Description: Le Scèn’Art Festival 2026 se tiendra le mardi 19 mai à Lieusaint : une journée festive mêlant arts, innovation, projets étudiants et animations sur le campus de l’IUT Sénart-Fontainebleau.
Détails: ### Créativité, innovation et vie étudiante à l’honneur Ouvert aux étudiants, futurs étudiants et partenaires, cet événement s’impose comme un rendez-vous incontournable de la vie étudiante et culturelle de l’IUT Sénart-Fontainebleau. ### Un événement soutenu par des acteurs engagés L’ensemble des départements pédagogiques, ainsi que les étudiants et personnels de l’IUT Sénart-Fontainebleau, participent activement à cette journée en proposant diverses démonstrations et animations. ### Un projet porté par les étudiants L’édition 2026 du Scèn’Art Festival est organisée par les étudiants de 3ème année du BUT Techniques de Commercialisation (TC), parcours Stratégie de marque et événementiel. Ce projet pédagogique leur permet de mettre en pratique leurs compétences en : \- gestion de projet \- communication événementielle \- stratégie de marque \- coordination logistique Le festival s’affirme ainsi comme un véritable terrain d’apprentissage.
Lieu: Lieusaint, 36-37 rue Georges Charpak 77567 Lieusaint
Date de début: 2026-05-19 14:00:00
Date de fin: 2026-05-19 20:00:00
Catégories: Festival"
76466645,Forum de recrutement - CFA EVE,"À l’occasion de la 20ᵉ édition de son Forum de Recrutement, le CFA EVE vous donne rendez-vous pour un événement gratuit dédié à la mise en relation entre entreprises et futurs talents.","Le 7 mai prochain, aux arènes d’Évry-Courcouronnes, venez rencontrer des candidats présélectionnés, du pré-bac au bac+6, dans un cadre exceptionnel. Un moment privilégié pour recruter, échanger et anticiper vos besoins en compétences. De nombreux recruteurs renouvellent leur participation, depuis plusieurs années, témoignant de la qualité des profils rencontrés et de la richesse des échanges. Inscrivez-vous !",Évry-Courcouronnes,Évry-Courcouronnes,Île-de-France,2026-05-07 09:00:00,2026-05-07 16:30:00,Forum de recrutement,https://openagenda.com/evry-senart-innovation/events/forum-de-recrutement-cfa-eve,"Titre: Forum de recrutement - CFA EVE
Description: À l’occasion de la 20ᵉ édition de son Forum de Recrutement, le CFA EVE vous donne rendez-vous pour un événement gratuit dédié à la mise en relation entre entreprises et futurs talents.
Détails: Le 7 mai prochain, aux arènes d’Évry-Courcouronnes, venez rencontrer des candidats présélectionnés, du pré-bac au bac+6, dans un cadre exceptionnel. Un moment privilégié pour recruter, échanger et anticiper vos besoins en compétences. De nombreux recruteurs renouvellent leur participation, depuis plusieurs années, témoignant de la qualité des profils rencontrés et de la richesse des échanges. Inscrivez-vous !
Lieu: Évry-Courcouronnes, Évry-Courcouronnes
Date de début: 2026-05-07 09:00:00
Date de fin: 2026-05-07 16:30:00
Catégories: Forum de recrutement"
85984870,Colloque « Le travail de la transition »,"Colloque organisé par l'Icam sur le thème « Le travail de la transition : de la personne à l’organisation. Les leviers matériels, moraux et spirituels de la transition écologique ».","Sylvain Lavelle et Louise Geisler-Roblin, enseignants-chercheurs à **l’Icam, site de Grand Paris Sud,** organisent du 15 au 24 avril 2026 un colloque sur le thème « _Le travail de la transition : de la personne à l’organisation. Les leviers matériels, moraux et spirituels de la transition écologique_ ». Le colloque se déroulera sur trois lieux différents : à la Sorbonne (Paris), puis à l’Icam Grand Paris Sud, puis dans le petit village de Saint-Martin-Sainte-Catherine dans la Creuse. Vous êtes plus que bienvenus – en présentiel ou à distance – pendant toute la durée de ce colloque, et en particulier les journées qui se dérouleront à Grand Paris Sud les 17 et 18 avril !",Lieusaint,"Carré Sénart 34 Points de Vue, 77127 Lieusaint",Île-de-France,2026-04-15 08:00:00,2026-04-24 20:00:00,Colloque,https://openagenda.com/evry-senart-innovation/events/colloque-le-travail-de-la-transition,"Titre: Colloque « Le travail de la transition »
Description: Colloque organisé par l'Icam sur le thème « Le travail de la transition : de la personne à l’organisation. Les leviers matériels, moraux et spirituels de la transition écologique ».
Détails: Sylvain Lavelle et Louise Geisler-Roblin, enseignants-chercheurs à **l’Icam, site de Grand Paris Sud,** organisent du 15 au 24 avril 2026 un colloque sur le thème « _Le travail de la transition : de la personne à l’organisation. Les leviers matériels, moraux et spirituels de la transition écologique_ ». Le colloque se déroulera sur trois lieux différents : à la Sorbonne (Paris), puis à l’Icam Grand Paris Sud, puis dans le petit village de Saint-Martin-Sainte-Catherine dans la Creuse. Vous êtes plus que bienvenus – en présentiel ou à distance – pendant toute la durée de ce colloque, et en particulier les journées qui se dérouleront à Grand Paris Sud les 17 et 18 avril !
Lieu: Lieusaint, Carré Sénart 34 Points de Vue, 77127 Lieusaint
Date de début: 2026-04-15 08:00:00
Date de fin: 2026-04-24 20:00:00
Catégories: Colloque"
33931467,Les mercredis de l'apprentissage de la FDME,Participez aux « mercredis de l’apprentissage » pour une visite sur mesure de la Faculté Des Métiers de l'Essonne,"### Plus qu’une Porte Ouverte, une visite sur mesure Les « mercredis de l’apprentissage » sont des formules personnalisées selon votre projet : \- Sur inscription préalable - Inscription obligatoire via le formulaire ci-dessous \- Public intéressé par une formation diplômante en apprentissage \- Présentation et découverte de l'établissement dans l’amphithéâtre \- Visite encadrée des ateliers et échanges avec l’équipe pédagogique de la filière Horaire fixe : à 14h pour des visites individuelles ### Les mercredis, c’est pour qui ? \- Vous avez entre 14\* et 29 ans ? (\* L’apprentissage est accessible à partir de 15 ans, sous réserve d’avoir terminé sa classe de 3ème) \- L’apprentissage vous intéresse mais vous vous posez encore des questions ? \- Vous ne connaissez pas encore ce mode de formation ? \- Vous avez déjà une idée de votre projet et vous souhaitez le confirmer ? \- Vous avez raté la dernière « Portes Ouvertes » ? Les Mercredis de l’Apprentissage à la FDME, c’est l’occasion de découvrir l'établissement (les équipements, le fonctionnement, …), la diversité d'offre de formation et ses 4 sites (Bondoufle, Évry, Massy et Paray-Vieille-Poste). C’est aussi un moment d’échange autour des spécificités de la formation en alternance, de rencontre avec des spécialistes de l’orientation, des formateurs et des chargés de développement qui pourront répondre à vos questions et vous feront partager leur expérience sur de nombreux métiers de l’artisanat, l’industrie et le tertiaire.",Évry-Courcouronnes,3 Chemin la Grange Feu Louis,Île-de-France,2026-04-15 14:00:00,2026-04-15 16:00:00,Portes ouvertes,https://openagenda.com/evry-senart-innovation/events/les-mercredis-de-lapprentissage-fdme,"Titre: Les mercredis de l'apprentissage de la FDME
Description: Participez aux « mercredis de l’apprentissage » pour une visite sur mesure de la Faculté Des Métiers de l'Essonne
Détails: ### Plus qu’une Porte Ouverte, une visite sur mesure Les « mercredis de l’apprentissage » sont des formules personnalisées selon votre projet : \- Sur inscription préalable - Inscription obligatoire via le formulaire ci-dessous \- Public intéressé par une formation diplômante en apprentissage \- Présentation et découverte de l'établissement dans l’amphithéâtre \- Visite encadrée des ateliers et échanges avec l’équipe pédagogique de la filière Horaire fixe : à 14h pour des visites individuelles ### Les mercredis, c’est pour qui ? \- Vous avez entre 14\* et 29 ans ? (\* L’apprentissage est accessible à partir de 15 ans, sous réserve d’avoir terminé sa classe de 3ème) \- L’apprentissage vous intéresse mais vous vous posez encore des questions ? \- Vous ne connaissez pas encore ce mode de formation ? \- Vous avez déjà une idée de votre projet et vous souhaitez le confirmer ? \- Vous avez raté la dernière « Portes Ouvertes » ? Les Mercredis de l’Apprentissage à la FDME, c’est l’occasion de découvrir l'établissement (les équipements, le fonctionnement, …), la diversité d'offre de formation et ses 4 sites (Bondoufle, Évry, Massy et Paray-Vieille-Poste). C’est aussi un moment d’échange autour des spécificités de la formation en alternance, de rencontre avec des spécialistes de l’orientation, des formateurs et des chargés de développement qui pourront répondre à vos questions et vous feront partager leur expérience sur de nombreux métiers de l’artisanat, l’industrie et le tertiaire.
Lieu: Évry-Courcouronnes, 3 Chemin la Grange Feu Louis
Date de début: 2026-04-15 14:00:00
Date de fin: 2026-04-15 16:00:00
Catégories: Portes ouvertes"
73233483,JobDating ensIIE & CFA EVE – Rencontrez vos futurs talents en informatique,"Le CFA EVE et l’ensIIE organisent un Job Dating dédié aux entreprises à la recherche d’alternants en informatique, développement logiciel, cybersécurité, data science et ingénierie numérique.","### Participez au Job Dating ensIIE & CFA EVE et rencontrez vos futurs talents en informatique ! Le CFA EVE, en partenariat avec l’ensIIE, organise un Job Dating dédié aux entreprises souhaitant recruter des alternants dans les domaines de l’informatique, du développement logiciel, de la cybersécurité, de la data science et de l’ingénierie numérique. ### Pourquoi participer ? Cet événement est une occasion privilégiée pour les entreprises de : * Rencontrer des étudiants motivés à la recherche d’une alternance pour la rentrée 2026 * Présenter leur entreprise et leurs opportunités d’alternance directement aux candidats * Échanger avec de futurs ingénieurs formés aux technologies et aux enjeux du numérique * Optimiser leur recrutement en réalisant des entretiens sur place Les entreprises participantes sont invitées à réserver leur stand dès maintenant afin de rencontrer les talents qui contribueront aux innovations de demain. **Contact** Adeline PUJOL, Chargée de relations entreprises – CFA EVE [a.pujol@cfa-eve.fr](mailto:a.pujol@cfa-eve.fr) 06 24 14 04 02",Évry-Courcouronnes,"1 place de la Résistance, 91000 Évry-Courcouronnes",Île-de-France,2026-04-02 10:00:00,2026-04-02 17:00:00,Job dating,https://openagenda.com/evry-senart-innovation/events/jobdating-ensiie-and-cfa-eve-rencontrez-vos-futurs-talents-en-informatique,"Titre: JobDating ensIIE & CFA EVE – Rencontrez vos futurs talents en informatique
Description: Le CFA EVE et l’ensIIE organisent un Job Dating dédié aux entreprises à la recherche d’alternants en informatique, développement logiciel, cybersécurité, data science et ingénierie numérique.
Détails: ### Participez au Job Dating ensIIE & CFA EVE et rencontrez vos futurs talents en informatique ! Le CFA EVE, en partenariat avec l’ensIIE, organise un Job Dating dédié aux entreprises souhaitant recruter des alternants dans les domaines de l’informatique, du développement logiciel, de la cybersécurité, de la data science et de l’ingénierie numérique. ### Pourquoi participer ? Cet événement est une occasion privilégiée pour les entreprises de : * Rencontrer des étudiants motivés à la recherche d’une alternance pour la rentrée 2026 * Présenter leur entreprise et leurs opportunités d’alternance directement aux candidats * Échanger avec de futurs ingénieurs formés aux technologies et aux enjeux du numérique * Optimiser leur recrutement en réalisant des entretiens sur place Les entreprises participantes sont invitées à réserver leur stand dès maintenant afin de rencontrer les talents qui contribueront aux innovations de demain. **Contact** Adeline PUJOL, Chargée de relations entreprises – CFA EVE [a.pujol@cfa-eve.fr](mailto:a.pujol@cfa-eve.fr) 06 24 14 04 02
Lieu: Évry-Courcouronnes, 1 place de la Résistance, 91000 Évry-Courcouronnes
Date de début: 2026-04-02 10:00:00
Date de fin: 2026-04-02 17:00:00
Catégories: Job dating"
15625947,Conférence MiCLOUD 2026 : La souveraineté numérique,"L’association MiNET de Télécom SudParis et IMT-BS organise l’édition 2026 de sa conférence annuelle MiCLOUD, événement dédié aux grands enjeux du numérique.","L’association MiNET, acteur engagé de la vie étudiante de Télécom SudParis et d’Institut Mines-Télécom Business School, organise l’édition 2026 de sa conférence annuelle MiCLOUD, événement dédié aux grands enjeux du numérique. Elle propose cette année une réflexion approfondie autour d’un thème stratégique : **la souveraineté numérique**. Dans un contexte marqué par les tensions géopolitiques, la dépendance aux infrastructures étrangères et les défis croissants en matière de cybersécurité et de régulation, la maîtrise des technologies et des données constitue un enjeu majeur pour les acteurs publics et privés. ### Au programme du jeudi 19 mars 2026 La conférence MiCloud se déroulera en deux parties, suivie d'une table ronde et d’un afterwork. 14h30 - 15h30 : Intervention d’un expert académique sur les grands enjeux : dépendance technologique, infrastructures cloud, données stratégiques et cadre réglementaire. 15h45 - 16h45 : Retours d’expérience de professionnels issus de l’industrie, de la cybersécurité, de l’intelligence artificielle et de l’open source. 17h00 : Table ronde permettant d’approfondir les échanges et de répondre aux questions du public. 17h30 - 20h00 : Afterwork - L’occasion de continuer les discussions dans un cadre convivial et de développer votre réseau. ### Pourquoi participer ? Cette conférence est l’occasion de mieux comprendre les enjeux liés à la maîtrise des technologies numériques, d’identifier les défis actuels en matière de cybersécurité et de régulation, et d’échanger avec des experts du secteur. Elle permet également aux étudiants de confronter leurs connaissances aux réalités professionnelles et d’élargir leur réseau. Organisée par MiNET, l’association en charge de l’administration du réseau informatique des logements de la Maisel et du foyer étudiant, cette conférence s’inscrit dans la volonté de proposer des événements à forte valeur ajoutée pour la communauté étudiante et académique.",Évry-Courcouronnes,9 rue Charles Fourier 91000 Évry-Courcouronnes,Île-de-France,2026-03-19 14:30:00,2026-03-19 17:30:00,Conférence,https://openagenda.com/evry-senart-innovation/events/telecom-sudparis-conference-micloud-2026-la-souverainete-numerique,"Titre: Conférence MiCLOUD 2026 : La souveraineté numérique
Description: L’association MiNET de Télécom SudParis et IMT-BS organise l’édition 2026 de sa conférence annuelle MiCLOUD, événement dédié aux grands enjeux du numérique.
Détails: L’association MiNET, acteur engagé de la vie étudiante de Télécom SudParis et d’Institut Mines-Télécom Business School, organise l’édition 2026 de sa conférence annuelle MiCLOUD, événement dédié aux grands enjeux du numérique. Elle propose cette année une réflexion approfondie autour d’un thème stratégique : **la souveraineté numérique**. Dans un contexte marqué par les tensions géopolitiques, la dépendance aux infrastructures étrangères et les défis croissants en matière de cybersécurité et de régulation, la maîtrise des technologies et des données constitue un enjeu majeur pour les acteurs publics et privés. ### Au programme du jeudi 19 mars 2026 La conférence MiCloud se déroulera en deux parties, suivie d'une table ronde et d’un afterwork. 14h30 - 15h30 : Intervention d’un expert académique sur les grands enjeux : dépendance technologique, infrastructures cloud, données stratégiques et cadre réglementaire. 15h45 - 16h45 : Retours d’expérience de professionnels issus de l’industrie, de la cybersécurité, de l’intelligence artificielle et de l’open source. 17h00 : Table ronde permettant d’approfondir les échanges et de répondre aux questions du public. 17h30 - 20h00 : Afterwork - L’occasion de continuer les discussions dans un cadre convivial et de développer votre réseau. ### Pourquoi participer ? Cette conférence est l’occasion de mieux comprendre les enjeux liés à la maîtrise des technologies numériques, d’identifier les défis actuels en matière de cybersécurité et de régulation, et d’échanger avec des experts du secteur. Elle permet également aux étudiants de confronter leurs connaissances aux réalités professionnelles et d’élargir leur réseau. Organisée par MiNET, l’association en charge de l’administration du réseau informatique des logements de la Maisel et du foyer étudiant, cette conférence s’inscrit dans la volonté de proposer des événements à forte valeur ajoutée pour la communauté étudiante et académique.
Lieu: Évry-Courcouronnes, 9 rue Charles Fourier 91000 Évry-Courcouronnes
Date de début: 2026-03-19 14:30:00
Date de fin: 2026-03-19 17:30:00
Catégories: Conférence"
28004134,Lancement du parcours Innov’Action - Université Évry Paris-Saclay,"Le 19 mars, l’Université Évry Paris-Saclay lance le parcours Innov’Action, un programme dédié à l’innovation et à l’entrepreneuriat qui s’adresse aux étudiants, doctorants et chercheurs.","Le parcours Innov’Action propose une approche pratique pour développer des projets innovants à partir de problématiques réelles, en passant de l’idée à la valorisation grâce à des ateliers, du prototypage et l’accompagnement d’experts. Au programme de l’après-midi : * 12h30 : déjeuner d’accueil * 13h30 : mot d’ouverture * 13h45 : témoignage d’un doctorant entrepreneur * 14h00 : pitch des 13 projets (2 minutes par projet) * 14h30 – 17h00 : atelier Fresque de l’esprit d’entreprendre animé dans le cadre du programme Oser pour innover du Pôle universitaire d’innovation (PUI) Innovation Alliance Université Paris-Saclay. * 17h10 : clôture et constitution des équipes de travail Cette première journée marque le début d’un parcours qui se poursuivra sur plusieurs mois, jusqu’au showcase annuel des projets lors des Journées Innovation et Transfert Technologique (JITT) en octobre 2026.",Évry-Courcouronnes,"23 Bd François Mitterrand, 91000 Évry-Courcouronnes",Île-de-France,2026-03-19 12:30:00,2026-03-19 17:10:00,Journée Innovation,https://openagenda.com/evry-senart-innovation/events/lancement-du-parcours-innovaction-universite-evry-paris-saclay,"Titre: Lancement du parcours Innov’Action - Université Évry Paris-Saclay
Description: Le 19 mars, l’Université Évry Paris-Saclay lance le parcours Innov’Action, un programme dédié à l’innovation et à l’entrepreneuriat qui s’adresse aux étudiants, doctorants et chercheurs.
Détails: Le parcours Innov’Action propose une approche pratique pour développer des projets innovants à partir de problématiques réelles, en passant de l’idée à la valorisation grâce à des ateliers, du prototypage et l’accompagnement d’experts. Au programme de l’après-midi : * 12h30 : déjeuner d’accueil * 13h30 : mot d’ouverture * 13h45 : témoignage d’un doctorant entrepreneur * 14h00 : pitch des 13 projets (2 minutes par projet) * 14h30 – 17h00 : atelier Fresque de l’esprit d’entreprendre animé dans le cadre du programme Oser pour innover du Pôle universitaire d’innovation (PUI) Innovation Alliance Université Paris-Saclay. * 17h10 : clôture et constitution des équipes de travail Cette première journée marque le début d’un parcours qui se poursuivra sur plusieurs mois, jusqu’au showcase annuel des projets lors des Journées Innovation et Transfert Technologique (JITT) en octobre 2026.
Lieu: Évry-Courcouronnes, 23 Bd François Mitterrand, 91000 Évry-Courcouronnes
Date de début: 2026-03-19 12:30:00
Date de fin: 2026-03-19 17:10:00
Catégories: Journée Innovation"
63243757,La Bride,KRAMER's inaugural exhibition. La Bride brings together ten artists in an apartment space in the 10th arrondissement. By appointment.,"KRAMER est une galerie d'art contemporain installée dans un appartement au 4e étage, 132 boulevard de Magenta, Paris 10e. Les visites se font sur rendez-vous. La Bride, exposition inaugurale de la galerie, réunit dix artistes : Annael Shavit, Gaia del Santo, Henri Chetaille, Jaakko Uljas, Jürgen Baumann, Karim Hussein, Nanna Kaiser, Padyn Humble, Signe Ralkov et Tekla Kighuraze. Vernissage le 25 juin 2026, de 17h à 21h. Exposition du 25 juin au 1er août 2026, sur rendez-vous. Contact : [contact@kramer.paris](mailto:contact@kramer.paris) kramer.paris",Paris,132 Bd de Magenta,Ile-de-France,2026-07-11 12:00:00,2026-08-01 18:00:00,"art contemporain, exposition, galerie, peinture, sculpture, photographie, artistes émergents, Paris 10e, galerie d'appartement, sur rendez-vous, vernissage, contemporary art, exhibition, gallery, KRAMER",https://openagenda.com/galerie-kramer-exhibitions/events/la-bride,"Titre: La Bride
Description: KRAMER's inaugural exhibition. La Bride brings together ten artists in an apartment space in the 10th arrondissement. By appointment.
Détails: KRAMER est une galerie d'art contemporain installée dans un appartement au 4e étage, 132 boulevard de Magenta, Paris 10e. Les visites se font sur rendez-vous. La Bride, exposition inaugurale de la galerie, réunit dix artistes : Annael Shavit, Gaia del Santo, Henri Chetaille, Jaakko Uljas, Jürgen Baumann, Karim Hussein, Nanna Kaiser, Padyn Humble, Signe Ralkov et Tekla Kighuraze. Vernissage le 25 juin 2026, de 17h à 21h. Exposition du 25 juin au 1er août 2026, sur rendez-vous. Contact : [contact@kramer.paris](mailto:contact@kramer.paris) kramer.paris
Lieu: Paris, 132 Bd de Magenta
Date de début: 2026-07-11 12:00:00
Date de fin: 2026-08-01 18:00:00
Catégories: art contemporain, exposition, galerie, peinture, sculpture, photographie, artistes émergents, Paris 10e, galerie d'appartement, sur rendez-vous, vernissage, contemporary art, exhibition, gallery, KRAMER"
23288031,Enregistrement live de votre set,"Enregistrement live de votre set en duo, trio ou plus","Barthélemy vous propose un enregistrement live de votre set, un moment souvenir gravé dans un mini studio improvisé et sérieux vous repartirez avec une clef USB de vos fichiers sons. Ouvert aux duo, trio ou plus qui souhaitent jouer ensemble et repartir avec un enregistrement de qualité. Créneau de 1 à 2 heures par formation. Prise de RDv auprès de Barthélémy 06 43333753",Tocane-Saint-Apre,"4 Sq. Joan Pau Verdier, 24350 Tocane-Saint-Apre",Nouvelle-Aquitaine,2026-07-19 10:00:00,2026-07-19 18:00:00,,https://openagenda.com/rencontres-irlandaises-tocane-programme/events/enregistrement-live-de-votre-set,"Titre: Enregistrement live de votre set
Description: Enregistrement live de votre set en duo, trio ou plus
Détails: Barthélemy vous propose un enregistrement live de votre set, un moment souvenir gravé dans un mini studio improvisé et sérieux vous repartirez avec une clef USB de vos fichiers sons. Ouvert aux duo, trio ou plus qui souhaitent jouer ensemble et repartir avec un enregistrement de qualité. Créneau de 1 à 2 heures par formation. Prise de RDv auprès de Barthélémy 06 43333753
Lieu: Tocane-Saint-Apre, 4 Sq. Joan Pau Verdier, 24350 Tocane-Saint-Apre
Date de début: 2026-07-19 10:00:00
Date de fin: 2026-07-19 18:00:00"
90220672,Projection du film: La musique irlandaise en France - la 6e province ?,Projection du film la musique irlandaise en France - la 6e province ? par Hervé Cantal et Erick Falc'her-Poyroux,"[https://youtu.be/z4eG1w4aoI0?si=pfvDsVeee1L101Gp](https://youtu.be/z4eG1w4aoI0?si=pfvDsVeee1L101Gp) Comment une musique si profondément enracinée dans l’histoire de l’Irlande est-elle devenue, en quelques décennies, une passion française ? À travers 80 témoignages de musiciens, danseurs, enseignants et luthiers recueillis dans toute la France entre 2023 et 2025, ce film explore l’incroyable voyage de la musique traditionnelle irlandaise au-delà de ses frontières et de sa diaspora, cette « 5e province » chère à Mary Robinson. Depuis les années 1960, des musiciens français se sont emparés de cette tradition pour en faire la leur : à l'instar du jazz ou du reggae, la musique irlandaise appartient ainsi désormais au patrimoine culturel mondial. Ce documentaire montre qu’elle est aujourd'hui vécue comme un véritable espace de liberté par des musiciens de toutes générations. Loin d'être une simple copie, la pratique irlandaise en France est devenue un terrain de création où chacun peut désormais composer sa propre identité culturelle.",Tocane-Saint-Apre,"2 Sq. Joan Pau Verdier, 24350 Tocane-Saint-Apre",Nouvelle-Aquitaine,2026-07-19 19:00:00,2026-07-19 21:00:00,,https://openagenda.com/rencontres-irlandaises-tocane-programme/events/projection-du-film-la-musique-irlandaise-en-france-la-6e-province,"Titre: Projection du film: La musique irlandaise en France - la 6e province ?
Description: Projection du film la musique irlandaise en France - la 6e province ? par Hervé Cantal et Erick Falc'her-Poyroux
Détails: [https://youtu.be/z4eG1w4aoI0?si=pfvDsVeee1L101Gp](https://youtu.be/z4eG1w4aoI0?si=pfvDsVeee1L101Gp) Comment une musique si profondément enracinée dans l’histoire de l’Irlande est-elle devenue, en quelques décennies, une passion française ? À travers 80 témoignages de musiciens, danseurs, enseignants et luthiers recueillis dans toute la France entre 2023 et 2025, ce film explore l’incroyable voyage de la musique traditionnelle irlandaise au-delà de ses frontières et de sa diaspora, cette « 5e province » chère à Mary Robinson. Depuis les années 1960, des musiciens français se sont emparés de cette tradition pour en faire la leur : à l'instar du jazz ou du reggae, la musique irlandaise appartient ainsi désormais au patrimoine culturel mondial. Ce documentaire montre qu’elle est aujourd'hui vécue comme un véritable espace de liberté par des musiciens de toutes générations. Loin d'être une simple copie, la pratique irlandaise en France est devenue un terrain de création où chacun peut désormais composer sa propre identité culturelle.
Lieu: Tocane-Saint-Apre, 2 Sq. Joan Pau Verdier, 24350 Tocane-Saint-Apre
Date de début: 2026-07-19 19:00:00
Date de fin: 2026-07-19 21:00:00"
10304858,Session animée avec les Irlandais,"Ciaran Somers, Muirinn Nic Roibin, Méabh Begley, Mickey Fearon",[https://programme.rencontresirlandaisestocane.com/irish/programme\_sessions.html](https://programme.rencontresirlandaisestocane.com/irish/programme_sessions.html),Tocane-Saint-Apre,"10 Pl. des Tilleuls, 24350 Tocane-Saint-Apre",Nouvelle-Aquitaine,2026-07-19 21:30:00,2026-07-19 23:30:00,,https://openagenda.com/rencontres-irlandaises-tocane-programme/events/session-animee-avec-les-irlandais-9025335,"Titre: Session animée avec les Irlandais
Description: Ciaran Somers, Muirinn Nic Roibin, Méabh Begley, Mickey Fearon
Détails: [https://programme.rencontresirlandaisestocane.com/irish/programme\_sessions.html](https://programme.rencontresirlandaisestocane.com/irish/programme_sessions.html)
Lieu: Tocane-Saint-Apre, 10 Pl. des Tilleuls, 24350 Tocane-Saint-Apre
Date de début: 2026-07-19 21:30:00
Date de fin: 2026-07-19 23:30:00"
51508510,Session animée avec les Irlandais,"Stephen McKee, Orlaith McAuliffe, Benoit Volant, Sinead Nic Cionnaith",[https://programme.rencontresirlandaisestocane.com/irish/programme\_sessions.html](https://programme.rencontresirlandaisestocane.com/irish/programme_sessions.html),Tocane-Saint-Apre,"place de l'église, tocane",Nouvelle-Aquitaine,2026-07-19 21:30:00,2026-07-19 23:30:00,,https://openagenda.com/rencontres-irlandaises-tocane-programme/events/session-animee-avec-les-irlandais,"Titre: Session animée avec les Irlandais
Description: Stephen McKee, Orlaith McAuliffe, Benoit Volant, Sinead Nic Cionnaith
Détails: [https://programme.rencontresirlandaisestocane.com/irish/programme\_sessions.html](https://programme.rencontresirlandaisestocane.com/irish/programme_sessions.html)
Lieu: Tocane-Saint-Apre, place de l'église, tocane
Date de début: 2026-07-19 21:30:00
Date de fin: 2026-07-19 23:30:00"
1184432,Session animée avec les Irlandais,"Thomas Ahern, Ciaran Somers, Jim Higgins, Saran Mulligan",[https://programme.rencontresirlandaisestocane.com/irish/programme\_sessions.html](https://programme.rencontresirlandaisestocane.com/irish/programme_sessions.html),Tocane-Saint-Apre,"place de l'église, tocane",Nouvelle-Aquitaine,2026-07-20 21:30:00,2026-07-20 23:30:00,,https://openagenda.com/rencontres-irlandaises-tocane-programme/events/session-animee-avec-les-irlandais-8143362,"Titre: Session animée avec les Irlandais
Description: Thomas Ahern, Ciaran Somers, Jim Higgins, Saran Mulligan
Détails: [https://programme.rencontresirlandaisestocane.com/irish/programme\_sessions.html](https://programme.rencontresirlandaisestocane.com/irish/programme_sessions.html)
Lieu: Tocane-Saint-Apre, place de l'église, tocane
Date de début: 2026-07-20 21:30:00
Date de fin: 2026-07-20 23:30:00"
10113027,Session animée avec les Irlandais,"Laura Feddersen, Nathan Gourley, Orlaith McAuliffe, Mickey Fearon",[https://programme.rencontresirlandaisestocane.com/irish/programme\_sessions.html](https://programme.rencontresirlandaisestocane.com/irish/programme_sessions.html),Tocane-Saint-Apre,"10 Pl. des Tilleuls, 24350 Tocane-Saint-Apre",Nouvelle-Aquitaine,2026-07-20 21:30:00,2026-07-20 23:30:00,,https://openagenda.com/rencontres-irlandaises-tocane-programme/events/session-animee-avec-les-irlandais-458456,"Titre: Session animée avec les Irlandais
Description: Laura Feddersen, Nathan Gourley, Orlaith McAuliffe, Mickey Fearon
Détails: [https://programme.rencontresirlandaisestocane.com/irish/programme\_sessions.html](https://programme.rencontresirlandaisestocane.com/irish/programme_sessions.html)
Lieu: Tocane-Saint-Apre, 10 Pl. des Tilleuls, 24350 Tocane-Saint-Apre
Date de début: 2026-07-20 21:30:00
Date de fin: 2026-07-20 23:30:00"
35549278,Session animée avec les Irlandais,"Gary Curley, Jim Higgins, Nathan Gourley, Stephen McKee, Saran Mulligan",[https://programme.rencontresirlandaisestocane.com/irish/programme\_sessions.html](https://programme.rencontresirlandaisestocane.com/irish/programme_sessions.html),Tocane-Saint-Apre,"place de l'église, tocane",Nouvelle-Aquitaine,2026-07-21 21:30:00,2026-07-21 23:30:00,,https://openagenda.com/rencontres-irlandaises-tocane-programme/events/session-animee-avec-les-irlandais-4449831,"Titre: Session animée avec les Irlandais
Description: Gary Curley, Jim Higgins, Nathan Gourley, Stephen McKee, Saran Mulligan
Détails: [https://programme.rencontresirlandaisestocane.com/irish/programme\_sessions.html](https://programme.rencontresirlandaisestocane.com/irish/programme_sessions.html)
Lieu: Tocane-Saint-Apre, place de l'église, tocane
Date de début: 2026-07-21 21:30:00
Date de fin: 2026-07-21 23:30:00"
55163940,Session animée avec les Irlandais,"Mary Mc Namara, Sorcha Costello, Sinead Nic Cionnaith, Orlaith McAuliffe",[https://programme.rencontresirlandaisestocane.com/irish/programme\_sessions.html](https://programme.rencontresirlandaisestocane.com/irish/programme_sessions.html),Tocane-Saint-Apre,"10 Pl. des Tilleuls, 24350 Tocane-Saint-Apre",Nouvelle-Aquitaine,2026-07-21 21:30:00,2026-07-21 23:30:00,,https://openagenda.com/rencontres-irlandaises-tocane-programme/events/session-animee-avec-les-irlandais-4874909,"Titre: Session animée avec les Irlandais
Description: Mary Mc Namara, Sorcha Costello, Sinead Nic Cionnaith, Orlaith McAuliffe
Détails: [https://programme.rencontresirlandaisestocane.com/irish/programme\_sessions.html](https://programme.rencontresirlandaisestocane.com/irish/programme_sessions.html)
Lieu: Tocane-Saint-Apre, 10 Pl. des Tilleuls, 24350 Tocane-Saint-Apre
Date de début: 2026-07-21 21:30:00
Date de fin: 2026-07-21 23:30:00"
80094503,La Couleur des Murs . Joël Foulet,"Comment devient-on soi ? Comment se construit-on ? Comment fait-on quand on n’est pas né quelque part ? Camille plonge, fouille, enquête. Avec l’espoir, au bout du chemin, de trouver un bout de soi.","Joël est à un tournant de sa vie. A Marseille, où il vient d’emménager, il fait la rencontre de son voisin Jacques, un conteur marseillais haut en couleur, enraciné, qui le renvoie à sa personnalité floue et à ses questionnements identitaires. Comment devient-on soi ? Comment se construit-on ? Comment fait-on quand on n’est pas né quelque part ? Joël plonge, fouille, enquête. Avec l’espoir, au bout du chemin, de trouver un bout de soi. Par Joël FOULET",Avignon,"7 Rue Prévôt, 84000 Avignon",Provence-Alpes-Côte d'Azur,2026-07-16 14:45:00,2026-07-23 15:45:00,,https://openagenda.com/la-compagnie-de-la-hulotte/events/la-couleur-des-murs-6187578,"Titre: La Couleur des Murs . Joël Foulet
Description: Comment devient-on soi ? Comment se construit-on ? Comment fait-on quand on n’est pas né quelque part ? Camille plonge, fouille, enquête. Avec l’espoir, au bout du chemin, de trouver un bout de soi.
Détails: Joël est à un tournant de sa vie. A Marseille, où il vient d’emménager, il fait la rencontre de son voisin Jacques, un conteur marseillais haut en couleur, enraciné, qui le renvoie à sa personnalité floue et à ses questionnements identitaires. Comment devient-on soi ? Comment se construit-on ? Comment fait-on quand on n’est pas né quelque part ? Joël plonge, fouille, enquête. Avec l’espoir, au bout du chemin, de trouver un bout de soi. Par Joël FOULET
Lieu: Avignon, 7 Rue Prévôt, 84000 Avignon
Date de début: 2026-07-16 14:45:00
Date de fin: 2026-07-23 15:45:00"
76207072,Jeannot Tête en l'air . Patrick Mégale,"Spectacle de contes surréalistes, inspiré des progrès en physique quantique, bâti sur un fondement scientifique.","Qu'en est-il lorsque l'on change de point de vue? Se tenant debout, la terre est sous pieds tandis que le ciel s'étend au-dessus de nos têtes. Cependant, étendu sur l'herbe douce, la terre se trouve derrière nous et les étoiles nous font face. Alors Jean ose faire un premier pas, histoire de cheminer droit devant lui. Surréaliste? Et alors! Il est temps de se lancer dans l'aventure, en bonne compagnie, et se découvrir, à jamais, la tête dans les étoiles jusqu'aux pieds!",Péone,"Office de Tourisme de Valberg Place Charles Ginésy, 06470, Valberg",Provence-Alpes-Côte d'Azur,2026-07-17 16:00:00,2026-07-17 17:00:00,"Contes, astronomie",https://openagenda.com/la-compagnie-de-la-hulotte/events/jeannot-tete-en-lair-patrick-megale,"Titre: Jeannot Tête en l'air . Patrick Mégale
Description: Spectacle de contes surréalistes, inspiré des progrès en physique quantique, bâti sur un fondement scientifique.
Détails: Qu'en est-il lorsque l'on change de point de vue? Se tenant debout, la terre est sous pieds tandis que le ciel s'étend au-dessus de nos têtes. Cependant, étendu sur l'herbe douce, la terre se trouve derrière nous et les étoiles nous font face. Alors Jean ose faire un premier pas, histoire de cheminer droit devant lui. Surréaliste? Et alors! Il est temps de se lancer dans l'aventure, en bonne compagnie, et se découvrir, à jamais, la tête dans les étoiles jusqu'aux pieds!
Lieu: Péone, Office de Tourisme de Valberg Place Charles Ginésy, 06470, Valberg
Date de début: 2026-07-17 16:00:00
Date de fin: 2026-07-17 17:00:00
Catégories: Contes, astronomie"
80624599,Art et science . Milao,"Quand l'eau se raconte, savoirs, usages et imaginaires","En presence de Milao, conteuse, de Karine Emselem, geographe et de Christian Gorini, geologue. Balade à la confluence de l'Art et de la Science: quand l'eau se raconte, savoirs, usages et imaginaires. Dimanche 19 juillet, 10h et 11h, Saorge",Saorge,06540,Provence-Alpes-Côte d'Azur,2026-07-19 10:00:00,2026-07-19 11:30:00,,https://openagenda.com/la-compagnie-de-la-hulotte/events/art-et-science-9567925,"Titre: Art et science . Milao
Description: Quand l'eau se raconte, savoirs, usages et imaginaires
Détails: En presence de Milao, conteuse, de Karine Emselem, geographe et de Christian Gorini, geologue. Balade à la confluence de l'Art et de la Science: quand l'eau se raconte, savoirs, usages et imaginaires. Dimanche 19 juillet, 10h et 11h, Saorge
Lieu: Saorge, 06540
Date de début: 2026-07-19 10:00:00
Date de fin: 2026-07-19 11:30:00"
38600520,Les Contes des Alpages . Patrick Mégale,L’histoire séculaire des montagnes du Mercantour* par les contes et chansons. Un spectacle de Contes théâtralisé. * (massif alpin du littoral méditerranéen). Par Patrick Mégale,L’histoire séculaire des montagnes du Mercantour\* par les contes et chansons. Un spectacle de Contes théâtralisé. \* (massif alpin du littoral méditerranéen) Par Patrick Mégale,Péone,"Office de Tourisme de Valberg Place Charles Ginésy, 06470, Valberg",Provence-Alpes-Côte d'Azur,2026-07-19 16:00:00,2026-07-19 17:15:00,,https://openagenda.com/la-compagnie-de-la-hulotte/events/les-contes-des-alpages,"Titre: Les Contes des Alpages . Patrick Mégale
Description: L’histoire séculaire des montagnes du Mercantour* par les contes et chansons. Un spectacle de Contes théâtralisé. * (massif alpin du littoral méditerranéen). Par Patrick Mégale
Détails: L’histoire séculaire des montagnes du Mercantour\* par les contes et chansons. Un spectacle de Contes théâtralisé. \* (massif alpin du littoral méditerranéen) Par Patrick Mégale
Lieu: Péone, Office de Tourisme de Valberg Place Charles Ginésy, 06470, Valberg
Date de début: 2026-07-19 16:00:00
Date de fin: 2026-07-19 17:15:00"
7485023,Parole de Nuit . Martine Jaegly . (Festival du Conte en Vallouise),"Mes histoires préférées pour voir tomber la nuit, des histoires d'étoiles, de lumière et de rêves","Paroles de Nuit --------------- Mes histoires préférées pour voir tomber la nuit, des histoires d'étoiles, de lumière et de rêves",Vallouise-Pelvoux,05290,Provence-Alpes-Côte d'Azur,2026-07-21 20:30:00,2026-07-21 21:30:00,"contes, légendes, nature, nuit",https://openagenda.com/la-compagnie-de-la-hulotte/events/parole-de-nuit,"Titre: Parole de Nuit . Martine Jaegly . (Festival du Conte en Vallouise)
Description: Mes histoires préférées pour voir tomber la nuit, des histoires d'étoiles, de lumière et de rêves
Détails: Paroles de Nuit --------------- Mes histoires préférées pour voir tomber la nuit, des histoires d'étoiles, de lumière et de rêves
Lieu: Vallouise-Pelvoux, 05290
Date de début: 2026-07-21 20:30:00
Date de fin: 2026-07-21 21:30:00
Catégories: contes, légendes, nature, nuit"
8775370,Sur les grands Chemins . Martine Jaegly . (Festival du Conte en Vallouise),"Voyageur, il n'y a pas de chemin, tu fais ton chemin en marchant. Suivons les colporteurs sur les grands chemins du monde.","Voyageur, il n'y a pas de chemin, tu fais ton chemin en marchant. Suivons les colporteurs sur les grands chemins du monde.",Vallouise-Pelvoux,05290,Provence-Alpes-Côte d'Azur,2026-07-22 17:00:00,2026-07-22 18:00:00,"contes, légendes, nature, tradition, transmission",https://openagenda.com/la-compagnie-de-la-hulotte/events/sur-les-grands-chemins-martine-jaegly-festival-du-conte-en-vallouise,"Titre: Sur les grands Chemins . Martine Jaegly . (Festival du Conte en Vallouise)
Description: Voyageur, il n'y a pas de chemin, tu fais ton chemin en marchant. Suivons les colporteurs sur les grands chemins du monde.
Lieu: Vallouise-Pelvoux, 05290
Date de début: 2026-07-22 17:00:00
Date de fin: 2026-07-22 18:00:00
Catégories: contes, légendes, nature, tradition, transmission"
23006057,Nuit du Conte . Magali Monteils Cottereau . Joëlle Massard . Nourhène Kelly,La Compagnie de la Hulotte fête ses 30 ans lors d'une caravane estivale,"Venez fêter les 30 ans de La Compagnie de la Hulotte avec les artistes conteurs-euses dans leur caravane estivale! Nuit du Conte à Velleron avec Magali Monteils Cottereau, Joëlle Massard et Nourhène Kelly.",Velleron,Boulevard du Midi Velleron,Provence-Alpes-Côte d'Azur,2026-07-24 21:30:00,2026-07-24 23:30:00,,https://openagenda.com/la-compagnie-de-la-hulotte/events/nuit-du-conte-77571,"Titre: Nuit du Conte . Magali Monteils Cottereau . Joëlle Massard . Nourhène Kelly
Description: La Compagnie de la Hulotte fête ses 30 ans lors d'une caravane estivale
Détails: Venez fêter les 30 ans de La Compagnie de la Hulotte avec les artistes conteurs-euses dans leur caravane estivale! Nuit du Conte à Velleron avec Magali Monteils Cottereau, Joëlle Massard et Nourhène Kelly.
Lieu: Velleron, Boulevard du Midi Velleron
Date de début: 2026-07-24 21:30:00
Date de fin: 2026-07-24 23:30:00"
41022834,Dans mes Petits Papiers . Sandrine Marneux,Venez fêter les 30 ans de La Compagnie de la Hulotte avec les artistes conteurs-euses dans leur caravane estivale! Contes et Origami par Sandrine Marneux,"Savez-vous ce qui se cache dans mes petits papiers ? Une grenouille ? Un loup affamé ? Un canard ? Un oiseau épris de liberté ? Savez-vous ce qui se cache dans mes petits papiers? Pour le savoir, il faudra plier un peu, beaucoup, passionnément…! (Origamis réalisés pendant le spectacle). A partir de 4 ans. Durée 45 mn Par Sandrine Marneux",Velleron,Velleron,Provence-Alpes-Côte d'Azur,2026-07-25 10:00:00,2026-07-25 12:00:00,,https://openagenda.com/la-compagnie-de-la-hulotte/events/dans-mes-petits-papiers,"Titre: Dans mes Petits Papiers . Sandrine Marneux
Description: Venez fêter les 30 ans de La Compagnie de la Hulotte avec les artistes conteurs-euses dans leur caravane estivale! Contes et Origami par Sandrine Marneux
Détails: Savez-vous ce qui se cache dans mes petits papiers ? Une grenouille ? Un loup affamé ? Un canard ? Un oiseau épris de liberté ? Savez-vous ce qui se cache dans mes petits papiers? Pour le savoir, il faudra plier un peu, beaucoup, passionnément…! (Origamis réalisés pendant le spectacle). A partir de 4 ans. Durée 45 mn Par Sandrine Marneux
Lieu: Velleron, Velleron
Date de début: 2026-07-25 10:00:00
Date de fin: 2026-07-25 12:00:00"
71968118,Le Conte est Bon . Milao,Venez fêter les 30 ans de La Compagnie de la Hulotte avec les artistes conteurs-euses dans leur caravane estivale!,Bouquet de contes par Milao. En partenariat avec l'association Les Moulins à Tourrettes sur Loup et l'association Les jardins du conte.,Tourette sur Loup,06140,Provence-Alpes-Côte d'Azur,2026-07-25 18:00:00,2026-07-25 21:00:00,,https://openagenda.com/la-compagnie-de-la-hulotte/events/le-conte-est-bon-7132828,"Titre: Le Conte est Bon . Milao
Description: Venez fêter les 30 ans de La Compagnie de la Hulotte avec les artistes conteurs-euses dans leur caravane estivale!
Détails: Bouquet de contes par Milao. En partenariat avec l'association Les Moulins à Tourrettes sur Loup et l'association Les jardins du conte.
Lieu: Tourette sur Loup, 06140
Date de début: 2026-07-25 18:00:00
Date de fin: 2026-07-25 21:00:00"
20115716,Dans mes Petits Papiers . Sandrine Marneux,Venez fêter les 30 ans de la Compagnie de la Hulotte avec ses artistes conteurs-euses lors de leur caravane estivale!,"Spectacle de contes en origami par Sandrine Marneux – Compagnie Hulotte – durée 45 min – à partir de 4 ans Savez-vous ce qui se cache dans mes petits papiers ? Une grenouille ? Un loup affamé ? Un canard ? Un oiseau épris de liberté ? Savez-vous ce qui se cache dans mes petits papiers? Pour le savoir, il faudra plier un peu, beaucoup, passionnément…! (Origamis réalisés pendant le spectacle).",Auron,06660,Provence-Alpes-Côte d'Azur,2026-07-26 11:00:00,2026-07-26 12:00:00,,https://openagenda.com/la-compagnie-de-la-hulotte/events/dans-mes-petits-papiers-4237867,"Titre: Dans mes Petits Papiers . Sandrine Marneux
Description: Venez fêter les 30 ans de la Compagnie de la Hulotte avec ses artistes conteurs-euses lors de leur caravane estivale!
Détails: Spectacle de contes en origami par Sandrine Marneux – Compagnie Hulotte – durée 45 min – à partir de 4 ans Savez-vous ce qui se cache dans mes petits papiers ? Une grenouille ? Un loup affamé ? Un canard ? Un oiseau épris de liberté ? Savez-vous ce qui se cache dans mes petits papiers? Pour le savoir, il faudra plier un peu, beaucoup, passionnément…! (Origamis réalisés pendant le spectacle).
Lieu: Auron, 06660
Date de début: 2026-07-26 11:00:00
Date de fin: 2026-07-26 12:00:00"
40696685,Le Chant de l'Ours . Sandrine Marneux . Luc Canavesio,Venez fêter les 30 ans de La Compagnie de la Hulotte avec ses artistes conteurs-euses lors de leur caravane estivale! Le Chant de l'Ours par Sandrine Marneux et Luc Canavesio à Auron.,"Ce spectacle de Contes vous est proposé par Sandrine MARNEUX, conteuse professionnelle et Luc CANAVESIO, musicien. Il retrace la figure de l’ours dans le cœur des hommes depuis la préhistoire jusqu’à nos jours. Les thématiques abordées sont variées : diversité des croyances à travers les peuples et les âges, initiation, tolérance, persévérance, facétie et ruse. A partir de 10 ans – Durée 1 heure",Auron,06660,Provence-Alpes-Côte d'Azur,2026-07-26 17:00:00,2026-07-26 18:00:00,,https://openagenda.com/la-compagnie-de-la-hulotte/events/le-chant-de-lours,"Titre: Le Chant de l'Ours . Sandrine Marneux . Luc Canavesio
Description: Venez fêter les 30 ans de La Compagnie de la Hulotte avec ses artistes conteurs-euses lors de leur caravane estivale! Le Chant de l'Ours par Sandrine Marneux et Luc Canavesio à Auron.
Détails: Ce spectacle de Contes vous est proposé par Sandrine MARNEUX, conteuse professionnelle et Luc CANAVESIO, musicien. Il retrace la figure de l’ours dans le cœur des hommes depuis la préhistoire jusqu’à nos jours. Les thématiques abordées sont variées : diversité des croyances à travers les peuples et les âges, initiation, tolérance, persévérance, facétie et ruse. A partir de 10 ans – Durée 1 heure
Lieu: Auron, 06660
Date de début: 2026-07-26 17:00:00
Date de fin: 2026-07-26 18:00:00"
54863359,Balade Contée . Martine Jaegly,Venez fêter les 30 ans de la Compagnie de la Hulotte avec ses artistes conteurs-euses lors de leur caravane estivale! Balade contées dans le vieux village de Tourtour par Martine Jaegly.,"Une balade contée dans le vieux village de Tourtour surnommé, le village dans ciel avec une conteuse spécialiste du répertoire traditionnel, Martine Jaegly. Rendez-vous sur le parvis de l'église.",Tourtour,83690,Provence-Alpes-Côte d'Azur,2026-07-29 18:30:00,2026-07-29 21:00:00,,https://openagenda.com/la-compagnie-de-la-hulotte/events/balade-contee-4097123,"Titre: Balade Contée . Martine Jaegly
Description: Venez fêter les 30 ans de la Compagnie de la Hulotte avec ses artistes conteurs-euses lors de leur caravane estivale! Balade contées dans le vieux village de Tourtour par Martine Jaegly.
Détails: Une balade contée dans le vieux village de Tourtour surnommé, le village dans ciel avec une conteuse spécialiste du répertoire traditionnel, Martine Jaegly. Rendez-vous sur le parvis de l'église.
Lieu: Tourtour, 83690
Date de début: 2026-07-29 18:30:00
Date de fin: 2026-07-29 21:00:00"
23341146,Le Soleil ne dort presque pas . Christine Giraud,"Au solstice d’été, quand la nuit devient presque inexistante, une voix raconte la lumière. On se rassemble autour du feu pour rappeler que la lumière revient toujours, si elle est racontée et chantée.","À l’approche du solstice d’été, lorsque la nuit devient presque inexistante, une voix raconte la lumière. Le public est invité à un voyage à travers les terres du Nord et de l’Est de l’Europe, où les mythes du soleil et du feu accompagnent les communautés depuis des siècles. Les contes se succèdent et se répondent : amours impossibles entre jour et nuit, fées dansant à la Saint-Jean, créatures des lisières, dieux lancés dans un concours de devinettes, mères solaires et chemins de lumière dans le ciel. Chants et musiques traditionnels prolongent ces récits et en soutiennent le rythme, comme un écho venu de la terre et des flammes. La nuit du solstice devient alors un temps suspendu, une célébration du vivant, où l’on se rassemble autour du feu pour rappeler que la lumière revient toujours, et qu’elle ne disparaît jamais tout-à-fait, tant qu’elle est racontée et chantée. Par Christine Giraud",Isola,Isola Village. Jardin d'enfants 06420,Provence Alpes Côte d'Azur,2026-07-31 18:00:00,2026-07-31 19:00:00,,https://openagenda.com/la-compagnie-de-la-hulotte/events/le-soleil-ne-dort-presque-pas,"Titre: Le Soleil ne dort presque pas . Christine Giraud
Description: Au solstice d’été, quand la nuit devient presque inexistante, une voix raconte la lumière. On se rassemble autour du feu pour rappeler que la lumière revient toujours, si elle est racontée et chantée.
Détails: À l’approche du solstice d’été, lorsque la nuit devient presque inexistante, une voix raconte la lumière. Le public est invité à un voyage à travers les terres du Nord et de l’Est de l’Europe, où les mythes du soleil et du feu accompagnent les communautés depuis des siècles. Les contes se succèdent et se répondent : amours impossibles entre jour et nuit, fées dansant à la Saint-Jean, créatures des lisières, dieux lancés dans un concours de devinettes, mères solaires et chemins de lumière dans le ciel. Chants et musiques traditionnels prolongent ces récits et en soutiennent le rythme, comme un écho venu de la terre et des flammes. La nuit du solstice devient alors un temps suspendu, une célébration du vivant, où l’on se rassemble autour du feu pour rappeler que la lumière revient toujours, et qu’elle ne disparaît jamais tout-à-fait, tant qu’elle est racontée et chantée. Par Christine Giraud
Lieu: Isola, Isola Village. Jardin d'enfants 06420
Date de début: 2026-07-31 18:00:00
Date de fin: 2026-07-31 19:00:00"
76188593,Locronan - Jeu de piste,Participez à un jeu de piste sur les traces du trésor de saint Ronan !,Soirée du patrimoine organisée par la guide SPREV de Locronan. Participez à un jeu de piste sur les traces du trésor de saint Ronan ! Une occasion de découvrir de manière ludique l'église de Locronan. Crêpes offertes aux participants à l'issue du jeu.,Locronan,Église Saint-Ronan,Bretagne,2026-07-18 18:00:00,2026-07-18 20:00:00,"jeu de piste, soirée du patrimoine, locronan, sprev",https://openagenda.com/sprev/events/locronan-jeu-de-piste,"Titre: Locronan - Jeu de piste
Description: Participez à un jeu de piste sur les traces du trésor de saint Ronan !
Détails: Soirée du patrimoine organisée par la guide SPREV de Locronan. Participez à un jeu de piste sur les traces du trésor de saint Ronan ! Une occasion de découvrir de manière ludique l'église de Locronan. Crêpes offertes aux participants à l'issue du jeu.
Lieu: Locronan, Église Saint-Ronan
Date de début: 2026-07-18 18:00:00
Date de fin: 2026-07-18 20:00:00
Catégories: jeu de piste, soirée du patrimoine, locronan, sprev"
37902275,Soirée Jeux,"Jeux coopératifs, jeux d'ambiance, jeux de stratégie… un point commun : l'équipe de Totems sera là pour les animer. Entre amis, seule ou en famille, la bonne humeur sera de mise !","Jeux coopératifs, jeux d'ambiance, jeux de stratégie… un point commun : l'équipe de Totems sera là pour les animer. Entre amis, seule ou en famille, la bonne humeur sera de mise ! Vendredi 11 septembre à partir de 20h.",Pacé,12 Chemin de la Métairie - 35740 Pacé,Bretagne,2026-09-11 20:00:00,2026-09-11 23:00:00,Animation,https://openagenda.com/totems-pace/events/soiree-jeux-3946695,"Titre: Soirée Jeux
Description: Jeux coopératifs, jeux d'ambiance, jeux de stratégie… un point commun : l'équipe de Totems sera là pour les animer. Entre amis, seule ou en famille, la bonne humeur sera de mise !
Détails: Jeux coopératifs, jeux d'ambiance, jeux de stratégie… un point commun : l'équipe de Totems sera là pour les animer. Entre amis, seule ou en famille, la bonne humeur sera de mise ! Vendredi 11 septembre à partir de 20h.
Lieu: Pacé, 12 Chemin de la Métairie - 35740 Pacé
Date de début: 2026-09-11 20:00:00
Date de fin: 2026-09-11 23:00:00
Catégories: Animation"
62334834,Braderie,"Vente de documents sortis des collections de Totems : livres, CD, revues... à petits prix !","Vente de documents sortis des collections de Totems : livres, CD, revues... à petits prix ! Samedi 19 septembre de 10h à 13h et de 14h à 17h.",Pacé,12 Chemin de la Métairie - 35740 Pacé,Bretagne,2026-09-19 10:00:00,2026-09-19 17:00:00,Braderie,https://openagenda.com/totems-pace/events/braderie-7367238,"Titre: Braderie
Description: Vente de documents sortis des collections de Totems : livres, CD, revues... à petits prix !
Détails: Vente de documents sortis des collections de Totems : livres, CD, revues... à petits prix ! Samedi 19 septembre de 10h à 13h et de 14h à 17h.
Lieu: Pacé, 12 Chemin de la Métairie - 35740 Pacé
Date de début: 2026-09-19 10:00:00
Date de fin: 2026-09-19 17:00:00
Catégories: Braderie"
8391055,Bébés lecteurs,"Activité d éveil pour les tout-petits de 9 mois à 2 ans : histoires, comptines et chansons. Sur inscription","Activité d éveil pour les tout-petits de 9 mois à 2 ans : histoires, comptines et chansons. Vendredi 25 septembre à 9h30 et à 10h30 Réservation conseillée",Pacé,12 Chemin de la Métairie - 35740 Pacé,Bretagne,2026-09-25 09:30:00,2026-09-25 11:30:00,Animation,https://openagenda.com/totems-pace/events/bebes-lecteurs-6554917,"Titre: Bébés lecteurs
Description: Activité d éveil pour les tout-petits de 9 mois à 2 ans : histoires, comptines et chansons. Sur inscription
Détails: Activité d éveil pour les tout-petits de 9 mois à 2 ans : histoires, comptines et chansons. Vendredi 25 septembre à 9h30 et à 10h30 Réservation conseillée
Lieu: Pacé, 12 Chemin de la Métairie - 35740 Pacé
Date de début: 2026-09-25 09:30:00
Date de fin: 2026-09-25 11:30:00
Catégories: Animation"
13653533,Histoires d'en parler,"Café littéraire : venez parler de vos coups de coeur ou vos coups de griffes du moment ! Thé, café et gâteaux seront là pour vous accompagner !","Café littéraire : venez parler de vos coups de coeur ou vos coups de griffes du moment ! Thé, café et gâteaux seront là pour vous accompagner ! Samedi 26 septembre à 10h30",Pacé,12 Chemin de la Métairie - 35740 Pacé,Bretagne,2026-09-26 10:30:00,2026-09-26 12:30:00,Rencontre,https://openagenda.com/totems-pace/events/histoires-den-parler-9405190,"Titre: Histoires d'en parler
Description: Café littéraire : venez parler de vos coups de coeur ou vos coups de griffes du moment ! Thé, café et gâteaux seront là pour vous accompagner !
Détails: Café littéraire : venez parler de vos coups de coeur ou vos coups de griffes du moment ! Thé, café et gâteaux seront là pour vous accompagner ! Samedi 26 septembre à 10h30
Lieu: Pacé, 12 Chemin de la Métairie - 35740 Pacé
Date de début: 2026-09-26 10:30:00
Date de fin: 2026-09-26 12:30:00
Catégories: Rencontre"
41501908,Partir en livres,"Histoires à écouter, jeux de société... et goûter à partager","Au programme : des histoires à écouter, des revues à feuilleter, des jeux de société à découvrir et un goûter à partager. Mardi 7 juillet de 15h30 à 18h",Pacé,12 Chemin de la Métairie - 35740 Pacé,Bretagne,2026-07-07 15:30:00,2026-07-07 18:00:00,Animation,https://openagenda.com/totems-pace/events/partir-en-livres-76199,"Titre: Partir en livres
Description: Histoires à écouter, jeux de société... et goûter à partager
Détails: Au programme : des histoires à écouter, des revues à feuilleter, des jeux de société à découvrir et un goûter à partager. Mardi 7 juillet de 15h30 à 18h
Lieu: Pacé, 12 Chemin de la Métairie - 35740 Pacé
Date de début: 2026-07-07 15:30:00
Date de fin: 2026-07-07 18:00:00
Catégories: Animation"
84145932,Boom boom buzz,"L'équipe de Totems vous propose un quiz pop-culture : musique, cinéma, séries...","L'équipe de Totems vous propose un quiz pop-culture : musique, cinéma, séries... Venez vous affronter en équipe et tentez de remporter la victoire ! Réservation conseillée. A partir de 14 ans. Vendredi 3 juillet à 20h.",Pacé,12 Chemin de la Métairie - 35740 Pacé,Bretagne,2026-07-03 20:00:00,2026-07-03 21:30:00,Animation,https://openagenda.com/totems-pace/events/boom-boom-buzz-3696519,"Titre: Boom boom buzz
Description: L'équipe de Totems vous propose un quiz pop-culture : musique, cinéma, séries...
Détails: L'équipe de Totems vous propose un quiz pop-culture : musique, cinéma, séries... Venez vous affronter en équipe et tentez de remporter la victoire ! Réservation conseillée. A partir de 14 ans. Vendredi 3 juillet à 20h.
Lieu: Pacé, 12 Chemin de la Métairie - 35740 Pacé
Date de début: 2026-07-03 20:00:00
Date de fin: 2026-07-03 21:30:00
Catégories: Animation"
31534703,Apéro bulles,Présentation d’une sélection de nos nouveautés BD par le libraire spécialisé de La Livrerie des Jacobins.,Présentation d’une sélection de nos nouveautés BD par le libraire spécialisé de La Livrerie des Jacobins. Jeudi 2 juillet à 19h30,Pacé,12 Chemin de la Métairie - 35740 Pacé,Bretagne,2026-07-02 19:30:00,2026-07-02 21:00:00,Rencontre,https://openagenda.com/totems-pace/events/apero-bulles-7668766,"Titre: Apéro bulles
Description: Présentation d’une sélection de nos nouveautés BD par le libraire spécialisé de La Livrerie des Jacobins.
Détails: Présentation d’une sélection de nos nouveautés BD par le libraire spécialisé de La Livrerie des Jacobins. Jeudi 2 juillet à 19h30
Lieu: Pacé, 12 Chemin de la Métairie - 35740 Pacé
Date de début: 2026-07-02 19:30:00
Date de fin: 2026-07-02 21:00:00
Catégories: Rencontre"
67419530,Exposition de fin d'année de l'Ecole municipale des arts,Venez admirer les œuvres des ateliers d'arts plastiques de l'Ecole Municipale des Arts de Wattignies.,"📅Du mardi 30 juin au samedi 29 août ⏰Aux horaires d'ouverture de la mairie 📍Hall de la mairie Venez admirer les œuvres des ateliers d'arts plastiques de l'Ecole Municipale des Arts de Wattignies.Tableaux, volumes, différentes techniques, diverses orientations artistiques, venez découvrir la richesse et la diversité de l’enseignement de l’école municipale, et toute la beauté des œuvres présentées !",Wattignies,306 rue Clémenceau,Hauts-de-France,2026-06-30 08:30:00,2026-08-29 12:30:00,"exposition, art, culture, wattignies",https://openagenda.com/mairie-de-wattignies/events/exposition-de-fin-dannee-de-lecole-municipale-des-arts,"Titre: Exposition de fin d'année de l'Ecole municipale des arts
Description: Venez admirer les œuvres des ateliers d'arts plastiques de l'Ecole Municipale des Arts de Wattignies.
Détails: 📅Du mardi 30 juin au samedi 29 août ⏰Aux horaires d'ouverture de la mairie 📍Hall de la mairie Venez admirer les œuvres des ateliers d'arts plastiques de l'Ecole Municipale des Arts de Wattignies.Tableaux, volumes, différentes techniques, diverses orientations artistiques, venez découvrir la richesse et la diversité de l’enseignement de l’école municipale, et toute la beauté des œuvres présentées !
Lieu: Wattignies, 306 rue Clémenceau
Date de début: 2026-06-30 08:30:00
Date de fin: 2026-08-29 12:30:00
Catégories: exposition, art, culture, wattignies"
30764942,Fête nationale à Wattignies,"Venez fêter la fête nationale à Wattignies ! Au programme : feu d'artifice le lundi 13 juillet au soir, défilé républicain et animations le mardi 14 juillet.","📅Lundi 13 et mardi 14 juillet 🎇LUNDI 13 JUILLET 📍Point J-Sport – Rue Lindbergh ⏰Feu d’artifice à 23h – Un spectacle pyrotechnique éblouissant à ne pas manquer ! 🎆 MARDI 14 JUILLET 📍Place Alain Pluss & Parking Saint-Lambert ⏰De 11h à 18h Défilé Républicain – Départ à 11h de la Place Alain Pluss, rue de la République Allocution du Maire - 12h, Place Alain Pluss Intervention de Watt'Notes - troupe intergénérationnelle - Spectacle - 14h Jeux anciens et jeux géants – 13h-18h, Parking Saint Lambert Maquillage et barbe à papa par les Clowns de l’espoir – 13h-18h, Place Alain Pluss Structures gonflables – 13h-18h, Parking Saint Lambert Balade à dos de poneys – 14h-18h, Parking Saint Lambert Concert The Litlle Big Band – 16h-18h, Place Alain Pluss Venez nombreux pour partager ce moment de fête et de fraternité !",Wattignies,Place de la république wattignies,Hauts-de-France,2026-07-13 23:00:00,2026-07-14 18:00:00,"fête nationale, 14juillet, fête",https://openagenda.com/mairie-de-wattignies/events/fete-nationale-a-wattignies,"Titre: Fête nationale à Wattignies
Description: Venez fêter la fête nationale à Wattignies ! Au programme : feu d'artifice le lundi 13 juillet au soir, défilé républicain et animations le mardi 14 juillet.
Détails: 📅Lundi 13 et mardi 14 juillet 🎇LUNDI 13 JUILLET 📍Point J-Sport – Rue Lindbergh ⏰Feu d’artifice à 23h – Un spectacle pyrotechnique éblouissant à ne pas manquer ! 🎆 MARDI 14 JUILLET 📍Place Alain Pluss & Parking Saint-Lambert ⏰De 11h à 18h Défilé Républicain – Départ à 11h de la Place Alain Pluss, rue de la République Allocution du Maire - 12h, Place Alain Pluss Intervention de Watt'Notes - troupe intergénérationnelle - Spectacle - 14h Jeux anciens et jeux géants – 13h-18h, Parking Saint Lambert Maquillage et barbe à papa par les Clowns de l’espoir – 13h-18h, Place Alain Pluss Structures gonflables – 13h-18h, Parking Saint Lambert Balade à dos de poneys – 14h-18h, Parking Saint Lambert Concert The Litlle Big Band – 16h-18h, Place Alain Pluss Venez nombreux pour partager ce moment de fête et de fraternité !
Lieu: Wattignies, Place de la république wattignies
Date de début: 2026-07-13 23:00:00
Date de fin: 2026-07-14 18:00:00
Catégories: fête nationale, 14juillet, fête"
68870999,"Atelier ""Plantes comestibles""","Utiliser les plantes (et arbres) comestibles du jardin ou de notre entourage, c'est possible. Découvrez les propriétés et usages de ces plantes que ce soit en tisane, en cuisine ou en cosmétique.","Atelier ""Plantes sauvages comestibles"" 🌿 📅Mercredi 15 juillet ⏰De 9h30 à 11h30 📍Maison du Projet Utiliser les plantes (et arbres) comestibles du jardin ou de notre entourage, c'est possible. Découvrez les propriétés et usages de ces plantes que ce soit en tisane, en cuisine ou en cosmétique. Au programme de cet atelier : Fabrication d'un baume personnalisé à l'huile de pâquerette ou calendula 🌼 Dégustation d'une tisane 🍵 Initialement prévu le jeudi 25 juin, et atelier a été reporté en raison de la canicule.",Wattignies,"50 rue Fleming, 59139 Wattignies",Hauts-de-France,2026-07-15 09:30:00,2026-07-15 11:30:00,"santé, plantes, ateliers, bien-être, wattignies",https://openagenda.com/mairie-de-wattignies/events/atelier-plantes-comestibles,"Titre: Atelier ""Plantes comestibles""
Description: Utiliser les plantes (et arbres) comestibles du jardin ou de notre entourage, c'est possible. Découvrez les propriétés et usages de ces plantes que ce soit en tisane, en cuisine ou en cosmétique.
Détails: Atelier ""Plantes sauvages comestibles"" 🌿 📅Mercredi 15 juillet ⏰De 9h30 à 11h30 📍Maison du Projet Utiliser les plantes (et arbres) comestibles du jardin ou de notre entourage, c'est possible. Découvrez les propriétés et usages de ces plantes que ce soit en tisane, en cuisine ou en cosmétique. Au programme de cet atelier : Fabrication d'un baume personnalisé à l'huile de pâquerette ou calendula 🌼 Dégustation d'une tisane 🍵 Initialement prévu le jeudi 25 juin, et atelier a été reporté en raison de la canicule.
Lieu: Wattignies, 50 rue Fleming, 59139 Wattignies
Date de début: 2026-07-15 09:30:00
Date de fin: 2026-07-15 11:30:00
Catégories: santé, plantes, ateliers, bien-être, wattignies"
98769741,Marché aux trouvailles,Le traditionnel marché aux trouvailles revient sur le parvis de l'Hôtel de Ville !,Le traditionnel marché aux trouvailles revient sur le parvis de l'Hôtel de Ville !,Wattignies,306 rue Clémenceau,Hauts-de-France,2026-07-15 15:00:00,2026-07-15 19:00:00,"marché, brocante, artisanat",https://openagenda.com/mairie-de-wattignies/events/marche-aux-trouvailles,"Titre: Marché aux trouvailles
Description: Le traditionnel marché aux trouvailles revient sur le parvis de l'Hôtel de Ville !
Lieu: Wattignies, 306 rue Clémenceau
Date de début: 2026-07-15 15:00:00
Date de fin: 2026-07-15 19:00:00
Catégories: marché, brocante, artisanat"
71850943,Nos quartiers d'été,"Nos quartiers d'été font leur retour avec comme première date le 8 juillet et Green Line Marching Band. Mais ce n'est pas tout ! Ducasse, cinéma en plein air ou encore magie au programme.","Nos quartiers d'été : programme complet 🕶 Nos quartiers d'été font leur retour avec comme première date le 8 juillet et la présence de la fanfare rock décalée Green Line Marching Band. Mais ce n'est pas tout ! Ducasse, cinéma en plein air ou encore spectacle de magie, petits et grands auront de quoi s'amuser tout l'été ! Le programme : 🌞Mercredi 8 juillet : ""Vive les vacances"", activités ludiques, pique-nique participatif et donc, concert. La Ligue-Cancer Nord sera également présente afin d'animer un stand de prévention contre les effets du soleil ! De 18h à 21h devant la Maison du Projet. 🍿Vendredi 21 juillet : ""Bienvenue chez les Ch'tis"", jeux d'estaminet et animations au jardin partagé Le Hérisson de 18h à 21h puis diffusion du célèbre film de Dany Boon, en plein air, Centre Social Le Tilleul Wattignies. 🎠Samedi 25 juillet : ""Tous al'ducasse"", jeux forains, trampoline, foot pana, lecture pour tous... De 15h à 18h devant la Maison du Projet. 🏖Mercredi 5 août : Sortie à la mer, sur inscription à partir du mercredi 8 juillet à la Maison du Projet. Départ 8h30 retour 18h30. 🎉Mercredi 26 août : ""Place au spectacle"", goûter, stand de maquillage, handi-jeux, jeux anciens, spectacle de magie. De 17h à 20h, devant la Maison du Projet.",Wattignies,"50 rue Fleming, 59139 Wattignies",Hauts-de-France,2026-07-08 18:00:00,2026-08-26 20:00:00,"été, animations, spectacle, cinéma, culture",https://openagenda.com/mairie-de-wattignies/events/nos-quartiers-dete-6231663,"Titre: Nos quartiers d'été
Description: Nos quartiers d'été font leur retour avec comme première date le 8 juillet et Green Line Marching Band. Mais ce n'est pas tout ! Ducasse, cinéma en plein air ou encore magie au programme.
Détails: Nos quartiers d'été : programme complet 🕶 Nos quartiers d'été font leur retour avec comme première date le 8 juillet et la présence de la fanfare rock décalée Green Line Marching Band. Mais ce n'est pas tout ! Ducasse, cinéma en plein air ou encore spectacle de magie, petits et grands auront de quoi s'amuser tout l'été ! Le programme : 🌞Mercredi 8 juillet : ""Vive les vacances"", activités ludiques, pique-nique participatif et donc, concert. La Ligue-Cancer Nord sera également présente afin d'animer un stand de prévention contre les effets du soleil ! De 18h à 21h devant la Maison du Projet. 🍿Vendredi 21 juillet : ""Bienvenue chez les Ch'tis"", jeux d'estaminet et animations au jardin partagé Le Hérisson de 18h à 21h puis diffusion du célèbre film de Dany Boon, en plein air, Centre Social Le Tilleul Wattignies. 🎠Samedi 25 juillet : ""Tous al'ducasse"", jeux forains, trampoline, foot pana, lecture pour tous... De 15h à 18h devant la Maison du Projet. 🏖Mercredi 5 août : Sortie à la mer, sur inscription à partir du mercredi 8 juillet à la Maison du Projet. Départ 8h30 retour 18h30. 🎉Mercredi 26 août : ""Place au spectacle"", goûter, stand de maquillage, handi-jeux, jeux anciens, spectacle de magie. De 17h à 20h, devant la Maison du Projet.
Lieu: Wattignies, 50 rue Fleming, 59139 Wattignies
Date de début: 2026-07-08 18:00:00
Date de fin: 2026-08-26 20:00:00
Catégories: été, animations, spectacle, cinéma, culture"
16343804,Place des métiers,"Dans le cadre du dispositif ""Les entreprises s'engagent"", venez rencontrer des professionnels des secteurs de l'hôtellerie-restauration, BTP et service à la personne.","\[Politique de la Ville\] Place des métiers 📅Jeudi 9 juillet ⏰De 9h30 à 12h 📍Maison du Projet Vous vous posez des questions sur le monde du travail ? Dans le cadre du dispositif ""Les entreprises s'engagent"", venez rencontrer des professionnels des secteurs de l'hôtellerie-restauration, BTP et service à la personne. Au programme : présentation de formations, rencontres avec des entreprises qui recrutent et ateliers métiers. Pensez à votre CV ! Sur inscription : mesevenementsemploi.francetravail.fr/mes-evenements-emploi/evenement/694218/place-des-metiers-a-wattignies-wattignies Partenaires de l'action : FACE MEL Hainaut, CCI Hauts-de-France, France Travail Métropole Européenne de Lille, Mission locale Impulsions Métropole Sud, Ville de Wattignies, Partenord, Vilogia Groupe",Wattignies,"50 rue Fleming, 59139 Wattignies",Hauts-de-France,2026-07-09 09:30:00,2026-07-09 12:00:00,"wattignies, emploi, travail",https://openagenda.com/mairie-de-wattignies/events/place-des-metiers,"Titre: Place des métiers
Description: Dans le cadre du dispositif ""Les entreprises s'engagent"", venez rencontrer des professionnels des secteurs de l'hôtellerie-restauration, BTP et service à la personne.
Détails: \[Politique de la Ville\] Place des métiers 📅Jeudi 9 juillet ⏰De 9h30 à 12h 📍Maison du Projet Vous vous posez des questions sur le monde du travail ? Dans le cadre du dispositif ""Les entreprises s'engagent"", venez rencontrer des professionnels des secteurs de l'hôtellerie-restauration, BTP et service à la personne. Au programme : présentation de formations, rencontres avec des entreprises qui recrutent et ateliers métiers. Pensez à votre CV ! Sur inscription : mesevenementsemploi.francetravail.fr/mes-evenements-emploi/evenement/694218/place-des-metiers-a-wattignies-wattignies Partenaires de l'action : FACE MEL Hainaut, CCI Hauts-de-France, France Travail Métropole Européenne de Lille, Mission locale Impulsions Métropole Sud, Ville de Wattignies, Partenord, Vilogia Groupe
Lieu: Wattignies, 50 rue Fleming, 59139 Wattignies
Date de début: 2026-07-09 09:30:00
Date de fin: 2026-07-09 12:00:00
Catégories: wattignies, emploi, travail"
2443534,Green Line Marching Band,"À 18h, devant la Maison du projet, dans le cadre des Belles sorties d'été proposées par la MEL, rendez-vous avec la fanfare rock de Green Line Marching Band puis activités ludiques et pique-nique.","Nos quartiers d'été, le retour 🌞""Vive les vacances !"" 📅Mercredi 8 juillet ⏰De 18h à 21h 📍Maison du Projet (rue Fleming) Vous les attendiez ? Les animations estivales de Wattignies font leur retour à partir du mercredi 8 juillet ! Pour cette première date, au programme : 🥁À 18h, devant la Maison du projet, dans le cadre des Belles sorties d'été proposées par la MEL, rendez-vous avec la fanfare rock décalée de Green Line Marching Band 🧺Jusqu'à 21h : ""Vive les vacances !"" avec activités ludiques et pique-nique participatif 🖊Vous pourrez également vous inscrire à la sortie à la mer, prévue le mercredi 5 août !",Wattignies,"50 rue Fleming, 59139 Wattignies",Hauts-de-France,2026-07-08 18:00:00,2026-07-08 21:00:00,,https://openagenda.com/mairie-de-wattignies/events/green-line-marching-band-2637303,"Titre: Green Line Marching Band
Description: À 18h, devant la Maison du projet, dans le cadre des Belles sorties d'été proposées par la MEL, rendez-vous avec la fanfare rock de Green Line Marching Band puis activités ludiques et pique-nique.
Détails: Nos quartiers d'été, le retour 🌞""Vive les vacances !"" 📅Mercredi 8 juillet ⏰De 18h à 21h 📍Maison du Projet (rue Fleming) Vous les attendiez ? Les animations estivales de Wattignies font leur retour à partir du mercredi 8 juillet ! Pour cette première date, au programme : 🥁À 18h, devant la Maison du projet, dans le cadre des Belles sorties d'été proposées par la MEL, rendez-vous avec la fanfare rock décalée de Green Line Marching Band 🧺Jusqu'à 21h : ""Vive les vacances !"" avec activités ludiques et pique-nique participatif 🖊Vous pourrez également vous inscrire à la sortie à la mer, prévue le mercredi 5 août !
Lieu: Wattignies, 50 rue Fleming, 59139 Wattignies
Date de début: 2026-07-08 18:00:00
Date de fin: 2026-07-08 21:00:00"
34019812,Atelier art floral - Octobre rose,Atelier pour réaliser des cadres floraux en solidarité avec l'opération Octobre rose pour une exposition en mairie.,"Atelier pour réaliser des cadres floraux en solidarité avec l'opération Octobre rose, cette campagne nationale de sensibilisation au dépistage du cancer du sein. Les réalisations seront restituées aux participants après l'exposition ""Octobre rose 2026"" dans le hall de la mairie.",Wattignies,"50 rue Fleming, 59139 Wattignies",Hauts-de-France,2026-06-26 09:00:00,2026-06-26 11:00:00,"cancer, atelier, floral, octobrerose",https://openagenda.com/mairie-de-wattignies/events/atelier-art-floral-octobre-rose,"Titre: Atelier art floral - Octobre rose
Description: Atelier pour réaliser des cadres floraux en solidarité avec l'opération Octobre rose pour une exposition en mairie.
Détails: Atelier pour réaliser des cadres floraux en solidarité avec l'opération Octobre rose, cette campagne nationale de sensibilisation au dépistage du cancer du sein. Les réalisations seront restituées aux participants après l'exposition ""Octobre rose 2026"" dans le hall de la mairie.
Lieu: Wattignies, 50 rue Fleming, 59139 Wattignies
Date de début: 2026-06-26 09:00:00
Date de fin: 2026-06-26 11:00:00
Catégories: cancer, atelier, floral, octobrerose"
62801642,"Atelier ""Plantes sauvages comestibles""","Découvrez les propriétés et usages de ces plantes que ce soit en tisane, en cuisine ou en cosmétique.","Utiliser les plantes (et arbres) comestibles du jardin ou de notre entourage, c'est possible. Découvrez les propriétés et usages de ces plantes que ce soit en tisane, en cuisine ou en cosmétique. Au programme de cet atelier : Fabrication d'un baume personnalisé à l'huile de pâquerette ou calendula 🌼 Dégustation d'une tisane 🍵",Wattignies,"50 rue Fleming, 59139 Wattignies",Hauts-de-France,2026-06-25 09:30:00,2026-06-25 11:30:00,"plantes, cosmétique, naturel, nature",https://openagenda.com/mairie-de-wattignies/events/atelier-plantes-sauvages-comestibles-228068,"Titre: Atelier ""Plantes sauvages comestibles""
Description: Découvrez les propriétés et usages de ces plantes que ce soit en tisane, en cuisine ou en cosmétique.
Détails: Utiliser les plantes (et arbres) comestibles du jardin ou de notre entourage, c'est possible. Découvrez les propriétés et usages de ces plantes que ce soit en tisane, en cuisine ou en cosmétique. Au programme de cet atelier : Fabrication d'un baume personnalisé à l'huile de pâquerette ou calendula 🌼 Dégustation d'une tisane 🍵
Lieu: Wattignies, 50 rue Fleming, 59139 Wattignies
Date de début: 2026-06-25 09:30:00
Date de fin: 2026-06-25 11:30:00
Catégories: plantes, cosmétique, naturel, nature"
34762385,Concert de fin d'année de l'Ecole municipale des arts,"Rendez-vous au Centre culturel Robert Delefosse avec les élèves de l'Orchestre à l'école qui accueilleront les visiteurs. Puis à 19h, place aux élèves de la section musique.","Concert de fin d'année de l'Ecole Municipale des Arts de Wattignies et concert de l'Orchestrer à l'école 🎺🎷🥁 📅Mercredi 24 juin ⏰Ouverture des portes à 18h, concert à 19h 📍Centre culturel Robert Delefosse Fin d'année scolaire rime avec concert de fin d'année ! Rendez-vous au Centre culturel Robert Delefosse avec les élèves des écoles élémentaires Simone Veil et Joséphine Baker, ainsi que les enfants du Collège Jean Moulin qui restitueront le fruit de leur travail dans le cadre de l'Orchestre à l'école afin d'accueillir les visiteurs. Les dits visiteurs pourront dans le même temps admirer l'exposition de fin d'année de la section arts plastiques ! Puis à 19h, place aux élèves de la section musique pour leur concert de fin d'année ! ⚠Priorité aux parents d'élève. 🎫Réservations obligatoires : 03 20 97 35 90 ou [secretariatema@mairie-wattignies.com](mailto:secretariatema@mairie-wattignies.com) / GRATUIT",Wattignies,"rue Jules Ferry, 59139 Wattignies",Hauts-de-France,2026-06-24 18:00:00,2026-06-24 20:00:00,"musique, wattignies, concert",https://openagenda.com/mairie-de-wattignies/events/concert-de-fin-dannee-de-lecole-municipale-des-arts,"Titre: Concert de fin d'année de l'Ecole municipale des arts
Description: Rendez-vous au Centre culturel Robert Delefosse avec les élèves de l'Orchestre à l'école qui accueilleront les visiteurs. Puis à 19h, place aux élèves de la section musique.
Détails: Concert de fin d'année de l'Ecole Municipale des Arts de Wattignies et concert de l'Orchestrer à l'école 🎺🎷🥁 📅Mercredi 24 juin ⏰Ouverture des portes à 18h, concert à 19h 📍Centre culturel Robert Delefosse Fin d'année scolaire rime avec concert de fin d'année ! Rendez-vous au Centre culturel Robert Delefosse avec les élèves des écoles élémentaires Simone Veil et Joséphine Baker, ainsi que les enfants du Collège Jean Moulin qui restitueront le fruit de leur travail dans le cadre de l'Orchestre à l'école afin d'accueillir les visiteurs. Les dits visiteurs pourront dans le même temps admirer l'exposition de fin d'année de la section arts plastiques ! Puis à 19h, place aux élèves de la section musique pour leur concert de fin d'année ! ⚠Priorité aux parents d'élève. 🎫Réservations obligatoires : 03 20 97 35 90 ou [secretariatema@mairie-wattignies.com](mailto:secretariatema@mairie-wattignies.com) / GRATUIT
Lieu: Wattignies, rue Jules Ferry, 59139 Wattignies
Date de début: 2026-06-24 18:00:00
Date de fin: 2026-06-24 20:00:00
Catégories: musique, wattignies, concert"
21114371,Fête de la musique de Wattignies,"Venez célébrer la fête de la musique dans une ambiance festive et conviviale ! Acoustique, blues, percussions et restauration sur place.","Fête de la musique de Wattignies Au programme : 18h : Déambulation musicale du groupe « TALONS AIGUILLES », duo de percussions-chant-accordéon sur échasses 19h : Concert de MOG qui vous propose en guitare-voix sa revisite acoustique de classiques qui réveilleront des souvenirs chez chacun. De Salvador à Pomme, de ABBA à Arctic Monkeys, toutes les générations seront réunies sous le signe de la douceur le temps d’un spectacle. 20h30 : concert pop rock avec le groupe « MOON LIGHT BLUE » (sur podium devant l’église). MOON LIGHT BLUE est un groupe de cinq musiciens spécialisé en arrangements de tubes divers et variés, dans un style majoritairement blues pop rock funk. Fin du concert à 22h30. Toute la soirée : Marché des créateurs : 15 exposants créateurs de bijoux fantaisie et pierre d’énergie, poteries, couture, crochet, sculptures, produits de beauté, vêtements, bougies parfumées, objets en bois… … Attention pour permettre le bon déroulement de la manifestation et la sécurité du public, la circulation sera interdite Place Alain Pluss, rue de l’Yser à partir du carrefour de la rue Voltaire et rue Jeanne d’Arc. Accès au parking de l’église St Lambert sera possible à partir de la rue Faidherbe uniquement.",Wattignies,Place de la république wattignies,Hauts-de-France,2026-06-20 18:00:00,2026-06-20 22:30:00,"musique, fête, wattignies",https://openagenda.com/mairie-de-wattignies/events/fete-de-la-musique-de-wattignies,"Titre: Fête de la musique de Wattignies
Description: Venez célébrer la fête de la musique dans une ambiance festive et conviviale ! Acoustique, blues, percussions et restauration sur place.
Détails: Fête de la musique de Wattignies Au programme : 18h : Déambulation musicale du groupe « TALONS AIGUILLES », duo de percussions-chant-accordéon sur échasses 19h : Concert de MOG qui vous propose en guitare-voix sa revisite acoustique de classiques qui réveilleront des souvenirs chez chacun. De Salvador à Pomme, de ABBA à Arctic Monkeys, toutes les générations seront réunies sous le signe de la douceur le temps d’un spectacle. 20h30 : concert pop rock avec le groupe « MOON LIGHT BLUE » (sur podium devant l’église). MOON LIGHT BLUE est un groupe de cinq musiciens spécialisé en arrangements de tubes divers et variés, dans un style majoritairement blues pop rock funk. Fin du concert à 22h30. Toute la soirée : Marché des créateurs : 15 exposants créateurs de bijoux fantaisie et pierre d’énergie, poteries, couture, crochet, sculptures, produits de beauté, vêtements, bougies parfumées, objets en bois… … Attention pour permettre le bon déroulement de la manifestation et la sécurité du public, la circulation sera interdite Place Alain Pluss, rue de l’Yser à partir du carrefour de la rue Voltaire et rue Jeanne d’Arc. Accès au parking de l’église St Lambert sera possible à partir de la rue Faidherbe uniquement.
Lieu: Wattignies, Place de la république wattignies
Date de début: 2026-06-20 18:00:00
Date de fin: 2026-06-20 22:30:00
Catégories: musique, fête, wattignies"
19705858,"Spectacle Jeune Public : ""Inspecteur Toutou""","L'Inspecteur Toutou vous embarque dans une folle enquête! Aidé par le Génie du miroir magique, il se lance dans une aventure incroyable. Un moment joyeux et malicieux, qui célèbre la curiosité!","Spectacle Jeune Public : ""Inspecteur Toutou"" -------------------------------------------- ### L'Inspecteur Toutou vous embarque dans u ### ne folle enquête! Aidé par le Génie du miroir magique, il se lance dans une aventure incroyable qui le fera rencontrer tour à tour Le loup du Petit Chaperon rouge, La Reine de Blanche-Neige, Le Prince charmant de la Belle au bois dormant. Les interventions d’Inspecteur Toutou, chien gaffeur mais terriblement attachant, entraîneront des rebondissements inattendus… Un moment joyeux et malicieux, qui célèbre la curiosité, l’entraide et le plaisir du jeu théâtral. Avec une mise en scène vive et inventive, La Pirouette Théâtre propose un spectacle qui revisite les contes avec humour et complicité. Avec : Brandon Nacass, Ondine Desbonnet, Elliot Gladysz et Baptiste Calafiore Mise en scène : André Nowak Durée: 1h Tout public à partir de 5 ans **Samedi 14 février à 15h30 au Centre Culturel Robert Delefosse** **Tarif unique : 4€** Réservation : [billetterie en ligne](https://wattignies.notre-billetterie.com/billets?kld=2026) ou 03 20 95 45 71",Wattignies,"Avenue des Arts, 59139 Wattignies",Hauts-de-France,2026-02-14 15:30:00,2026-02-14 16:30:00,,https://openagenda.com/mairie-de-wattignies/events/spectacle-jeune-public-inspecteur-toutou,"Titre: Spectacle Jeune Public : ""Inspecteur Toutou""
Description: L'Inspecteur Toutou vous embarque dans une folle enquête! Aidé par le Génie du miroir magique, il se lance dans une aventure incroyable. Un moment joyeux et malicieux, qui célèbre la curiosité!
Détails: Spectacle Jeune Public : ""Inspecteur Toutou"" -------------------------------------------- ### L'Inspecteur Toutou vous embarque dans u ### ne folle enquête! Aidé par le Génie du miroir magique, il se lance dans une aventure incroyable qui le fera rencontrer tour à tour Le loup du Petit Chaperon rouge, La Reine de Blanche-Neige, Le Prince charmant de la Belle au bois dormant. Les interventions d’Inspecteur Toutou, chien gaffeur mais terriblement attachant, entraîneront des rebondissements inattendus… Un moment joyeux et malicieux, qui célèbre la curiosité, l’entraide et le plaisir du jeu théâtral. Avec une mise en scène vive et inventive, La Pirouette Théâtre propose un spectacle qui revisite les contes avec humour et complicité. Avec : Brandon Nacass, Ondine Desbonnet, Elliot Gladysz et Baptiste Calafiore Mise en scène : André Nowak Durée: 1h Tout public à partir de 5 ans **Samedi 14 février à 15h30 au Centre Culturel Robert Delefosse** **Tarif unique : 4€** Réservation : [billetterie en ligne](https://wattignies.notre-billetterie.com/billets?kld=2026) ou 03 20 95 45 71
Lieu: Wattignies, Avenue des Arts, 59139 Wattignies
Date de début: 2026-02-14 15:30:00
Date de fin: 2026-02-14 16:30:00"
10995845,Catch d'impro,"Assistez à un combat d’une intensité rare, un affrontement historique, un show épique ! Mais ici, pas la moindre violence : place à l’improvisation ! Leurs armes ? Les mots et leur imagination.","Catch d'impro ------------- Assistez à un combat d’une intensité rare, un affrontement historique, un show épique ! Mais ici, pas la moindre violence : place à l’improvisation ! Deux comédiens, un arbitre, un musicien. Leurs armes ? Les mots et leur imagination. L’arbitre impose ses contraintes loufoques, le musicien joue ses premières notes, et les comédiens se lancent dans un combat de catch d’improvisation qui provoquera chez le spectateur des éclats de rire incontrôlables ! Vendredi 13 février à 20h Centre Culturel Robert Delefosse Tarifs : 12 € / 7 € Billetterie : [https://wattignies.notre-billetterie.com](https://wattignies.notre-billetterie.com)",Wattignies,"Avenue des Arts, 59139 Wattignies",Hauts-de-France,2026-02-13 20:30:00,2026-02-13 22:00:00,,https://openagenda.com/mairie-de-wattignies/events/catch-dimpro-1359942,"Titre: Catch d'impro
Description: Assistez à un combat d’une intensité rare, un affrontement historique, un show épique ! Mais ici, pas la moindre violence : place à l’improvisation ! Leurs armes ? Les mots et leur imagination.
Détails: Catch d'impro ------------- Assistez à un combat d’une intensité rare, un affrontement historique, un show épique ! Mais ici, pas la moindre violence : place à l’improvisation ! Deux comédiens, un arbitre, un musicien. Leurs armes ? Les mots et leur imagination. L’arbitre impose ses contraintes loufoques, le musicien joue ses premières notes, et les comédiens se lancent dans un combat de catch d’improvisation qui provoquera chez le spectateur des éclats de rire incontrôlables ! Vendredi 13 février à 20h Centre Culturel Robert Delefosse Tarifs : 12 € / 7 € Billetterie : [https://wattignies.notre-billetterie.com](https://wattignies.notre-billetterie.com)
Lieu: Wattignies, Avenue des Arts, 59139 Wattignies
Date de début: 2026-02-13 20:30:00
Date de fin: 2026-02-13 22:00:00"
16124163,Le château de Barbe-bleue,"Retiré du monde, Barbe-Bleue vit seul dans un château noir comme la nuit. Quand Judith entre dans sa vie, elle veut chasser les ténèbres et brûle d’en apprendre davantage sur lui…","« Le Château de Barbe Bleue » ----------------------------- ### Par l’Opéra de Lille dans le cadre des BELLES SORTIES Retiré du monde, Barbe-Bleue vit seul dans un château noir comme la nuit. Quand Judith entre dans sa vie, elle veut chasser les ténèbres et savoir ce qui se cache derrière les nombreuses portes verrouillées du château. À chaque porte ouverte, elle aperçoit un peu de la vie intérieure de Barbe-Bleue. Faut-il vraiment dévoiler tous ses secrets ? Barbe-Bleue hésite, mais Judith brûle d’en apprendre davantage sur lui… Inspiré de l’opéra de Bartók, Le Château de Barbe-Bleue. Les Sons de la solitude aborde la solitude des aînés. Pendant plusieurs mois, des entretiens ont été menés avec des personnes âgées, du personnel soignant et des acteurs d’initiatives solidaires. Qu’est-ce qui conduit à la solitude ? Comment peut-on l’atténuer et quelle est notre responsabilité ? Ces récits font partie de la mise en scène : derrière les portes ouvertes par Judith, résonnent des voix qui parlent de solitude et de perte, mais aussi de consolation. Le spectacle mêle la musique de Bartók avec des sonorités électroniques et ces témoignages pour créer un théâtre immersif. Le public peut se déplacer librement dans l’espace\* et s’approcher des voix. Après deux représentations à l’Opéra, le spectacle part en tournée dans la région et fait étape à WATTIGNIES ! \*Spectacle immersif PUBLIC DEBOUT (100 personnes maxi) **Samedi 31 janvier à 18h** **Centre Culturel Robert Delefosse** **Tarif unique: 5€** Réservation indispensable (jauge réduite – station debout – pas de place assise) : [Billetterie en ligne](https://wattignies.notre-billetterie.com/billets?kld=2026) ou 03 20 95 45 71",Wattignies,"Avenue des Arts, 59139 Wattignies",Hauts-de-France,2026-01-31 18:00:00,2026-01-31 19:30:00,,https://openagenda.com/mairie-de-wattignies/events/le-chateau-de-barbe-bleue,"Titre: Le château de Barbe-bleue
Description: Retiré du monde, Barbe-Bleue vit seul dans un château noir comme la nuit. Quand Judith entre dans sa vie, elle veut chasser les ténèbres et brûle d’en apprendre davantage sur lui…
Détails: « Le Château de Barbe Bleue » ----------------------------- ### Par l’Opéra de Lille dans le cadre des BELLES SORTIES Retiré du monde, Barbe-Bleue vit seul dans un château noir comme la nuit. Quand Judith entre dans sa vie, elle veut chasser les ténèbres et savoir ce qui se cache derrière les nombreuses portes verrouillées du château. À chaque porte ouverte, elle aperçoit un peu de la vie intérieure de Barbe-Bleue. Faut-il vraiment dévoiler tous ses secrets ? Barbe-Bleue hésite, mais Judith brûle d’en apprendre davantage sur lui… Inspiré de l’opéra de Bartók, Le Château de Barbe-Bleue. Les Sons de la solitude aborde la solitude des aînés. Pendant plusieurs mois, des entretiens ont été menés avec des personnes âgées, du personnel soignant et des acteurs d’initiatives solidaires. Qu’est-ce qui conduit à la solitude ? Comment peut-on l’atténuer et quelle est notre responsabilité ? Ces récits font partie de la mise en scène : derrière les portes ouvertes par Judith, résonnent des voix qui parlent de solitude et de perte, mais aussi de consolation. Le spectacle mêle la musique de Bartók avec des sonorités électroniques et ces témoignages pour créer un théâtre immersif. Le public peut se déplacer librement dans l’espace\* et s’approcher des voix. Après deux représentations à l’Opéra, le spectacle part en tournée dans la région et fait étape à WATTIGNIES ! \*Spectacle immersif PUBLIC DEBOUT (100 personnes maxi) **Samedi 31 janvier à 18h** **Centre Culturel Robert Delefosse** **Tarif unique: 5€** Réservation indispensable (jauge réduite – station debout – pas de place assise) : [Billetterie en ligne](https://wattignies.notre-billetterie.com/billets?kld=2026) ou 03 20 95 45 71
Lieu: Wattignies, Avenue des Arts, 59139 Wattignies
Date de début: 2026-01-31 18:00:00
Date de fin: 2026-01-31 19:30:00"
56945678,“Tao misson Laponie” - spectacle jeune public de Noël,Le chef des rennes de Laponie lance un sos aux animaux de la planète : le lichen qui leur sert à s’envoler le soir de Noël se meurt. Tao débute son aventure dans les eaux froides du pôle Nord!,"“Tao misson Laponie” -------------------- ### Comment Tao va aider les rennes de Laponie à sauver Noël ? Le chef des rennes de Laponie lance un appel solennel à tous les animaux de la planète : le lichen qui leur sert à s’envoler le soir de Noël est en train de mourir. C’est ainsi que débute la folle course de Tao, toujours accompagné de son fidèle ami Surimi à travers les eaux froides du pôle Nord. Il va rencontrer de drôles de personnages, tous confrontés à des problèmes actuels : – l’ours polaire coincé sur son bout de glace, confronté à la pollution des océans et à la contamination de leur nourriture, – le manchot Gorfou influenceur-youtuber-instagrammeur qui les mettra face aux problèmes d’addiction aux écrans, – le poisson lanterne caché au fond des abysses qui a un problème de lumière Un spectacle de la Compagnie Crazy Prod, amusant, sensible et original, qui plaira aux petits (à partir de) comme aux grands ! **Samedi 20 décembre à 15h30** **Centre Culturel Robert Delefosse** **Tarif : unique 4€** **Réservation** : Billetterie en ligne : [https://wattignies.notre-billetterie.com](https://wattignies.notre-billetterie.com) ou 03 20 95 45 71",Wattignies,"Avenue des Arts, 59139 Wattignies",Hauts-de-France,2025-12-20 15:30:00,2025-12-20 16:30:00,,https://openagenda.com/mairie-de-wattignies/events/tao-misson-laponie-spectacle-jeune-public-de-noel,"Titre: “Tao misson Laponie” - spectacle jeune public de Noël
Description: Le chef des rennes de Laponie lance un sos aux animaux de la planète : le lichen qui leur sert à s’envoler le soir de Noël se meurt. Tao débute son aventure dans les eaux froides du pôle Nord!
Détails: “Tao misson Laponie” -------------------- ### Comment Tao va aider les rennes de Laponie à sauver Noël ? Le chef des rennes de Laponie lance un appel solennel à tous les animaux de la planète : le lichen qui leur sert à s’envoler le soir de Noël est en train de mourir. C’est ainsi que débute la folle course de Tao, toujours accompagné de son fidèle ami Surimi à travers les eaux froides du pôle Nord. Il va rencontrer de drôles de personnages, tous confrontés à des problèmes actuels : – l’ours polaire coincé sur son bout de glace, confronté à la pollution des océans et à la contamination de leur nourriture, – le manchot Gorfou influenceur-youtuber-instagrammeur qui les mettra face aux problèmes d’addiction aux écrans, – le poisson lanterne caché au fond des abysses qui a un problème de lumière Un spectacle de la Compagnie Crazy Prod, amusant, sensible et original, qui plaira aux petits (à partir de) comme aux grands ! **Samedi 20 décembre à 15h30** **Centre Culturel Robert Delefosse** **Tarif : unique 4€** **Réservation** : Billetterie en ligne : [https://wattignies.notre-billetterie.com](https://wattignies.notre-billetterie.com) ou 03 20 95 45 71
Lieu: Wattignies, Avenue des Arts, 59139 Wattignies
Date de début: 2025-12-20 15:30:00
Date de fin: 2025-12-20 16:30:00"
46746625,Concert de Noël,Rendez-vous le 19 décembre à 20h30 au Centre Culturel Robert Delefosse pour un moment magique et chaleureux autour des chants de Noël.,"Au programme : \-E Voce di l’Amicizia – chants corses \-Crescendo \-A Cœur Joie Venez profiter d’un concert plein d’émotion, d’harmonies et d’esprit de fête ! L’église St Lambert étant actuellement et pour près de 3 ans en travaux, ce rendez-vous incontournable de la programmation municipale aura lieu au centre culturel Robert Delefosse. Entrée gratuite et sans réservation Ouverture des portes à 20h",Wattignies,Centre culturel Robert Delefosse Wattignies,Hauts-de-France,2025-12-19 20:30:00,2025-12-19 22:00:00,,https://openagenda.com/mairie-de-wattignies/events/concert-de-noel-3115010,"Titre: Concert de Noël
Description: Rendez-vous le 19 décembre à 20h30 au Centre Culturel Robert Delefosse pour un moment magique et chaleureux autour des chants de Noël.
Détails: Au programme : \-E Voce di l’Amicizia – chants corses \-Crescendo \-A Cœur Joie Venez profiter d’un concert plein d’émotion, d’harmonies et d’esprit de fête ! L’église St Lambert étant actuellement et pour près de 3 ans en travaux, ce rendez-vous incontournable de la programmation municipale aura lieu au centre culturel Robert Delefosse. Entrée gratuite et sans réservation Ouverture des portes à 20h
Lieu: Wattignies, Centre culturel Robert Delefosse Wattignies
Date de début: 2025-12-19 20:30:00
Date de fin: 2025-12-19 22:00:00"
31401215,Parcours prévention santé en 10 étapes,"Journée de dépistages gratuite pour les plus de 60 ans, de 9h30 h à 17h au centre culturel Robert Delefosse.","Le 25 novembre, pour un soutien dans l’accès à l’information et aux soins, la ville en partenariat avec les acteurs locaux de la santé, propose une journée de dépistages gratuite pour les plus de 60 ans, de 9h30 h à 17h au centre culturel Robert Delefosse. _**Au programme :**_ bilans auditif, visuel, tension, glycémie, mémoire, chutes... Une synthèse avec un médecin vous sera proposée en fin de parcours. Stands d'informations, conseils diététiques... Conseils en pédicurie, podologie, lien social... Gratuit, sans rendez-vous ! Centre culturel Robert Delefosse – Avenue des Arts.",Wattignies,Centre culturel Robert Delefosse Wattignies,Hauts-de-France,2025-11-25 09:30:00,2025-11-25 17:00:00,,https://openagenda.com/mairie-de-wattignies/events/parcours-prevention-sante-en-10-etapes,"Titre: Parcours prévention santé en 10 étapes
Description: Journée de dépistages gratuite pour les plus de 60 ans, de 9h30 h à 17h au centre culturel Robert Delefosse.
Détails: Le 25 novembre, pour un soutien dans l’accès à l’information et aux soins, la ville en partenariat avec les acteurs locaux de la santé, propose une journée de dépistages gratuite pour les plus de 60 ans, de 9h30 h à 17h au centre culturel Robert Delefosse. _**Au programme :**_ bilans auditif, visuel, tension, glycémie, mémoire, chutes... Une synthèse avec un médecin vous sera proposée en fin de parcours. Stands d'informations, conseils diététiques... Conseils en pédicurie, podologie, lien social... Gratuit, sans rendez-vous ! Centre culturel Robert Delefosse – Avenue des Arts.
Lieu: Wattignies, Centre culturel Robert Delefosse Wattignies
Date de début: 2025-11-25 09:30:00
Date de fin: 2025-11-25 17:00:00"
24756261,"Festibambins ""L'extraordinaire voyage vers le lune""","L'histoire de Tempête et Paprika, deux grandes amies qui iraient jusqu’au bout du monde pour sauver la Lune et l’humanité. Ces 2 clownettes délirantes s'en donnent à cœur joie pour atteindre la Lune.","Festibambins « L’Extraordinaire Voyage vers la Lune» ---------------------------------------------------- ### Spectacle clownesque et musical Compagnie Les fous de la joie L’Extraordinaire Voyage vers la Lune, c’est l'histoire de Tempête et Paprika, deux grandes amies qui iraient jusqu’au bout du monde pour sauver la Lune et l’humanité. C’est une histoire, non pas de princesses, ni de fées, mais des deux premières femmes qui partent sur la Lune pour éviter une catastrophe! C’est un remède contre l’isolement et l’indifférence qui nous entourent, c’est un hymne à la joie et à la solidarité. Accompagnées d'une musique créée sur mesure, ces deux clownettes délirantes s'en donnent à cœur joie pour atteindre la Lune. Vont-elles y parvenir ? Ouvrez grand vos oreilles, gardez un œil sur nos deux amies... Ce spectacle est pétillant et plein d’éclat, empreint de musique, danse, rires et folie. Conception et jeu : Estelle Planckaert et Johanna Rua - Jeanne Cortès - musique live _à partir de 4 ans et tous publics_ _Durée : 45 mn_ _Jauge : 250 personnes_ **Dimanche 16 novembre à 16h** **Centre Culturel Robert Delefosse**",Wattignies,"Avenue des Arts, 59139 Wattignies",Hauts-de-France,2025-11-16 16:00:00,2025-11-16 16:50:00,,https://openagenda.com/mairie-de-wattignies/events/festibambins-lextraordinaire-voyage-vers-le-lune,"Titre: Festibambins ""L'extraordinaire voyage vers le lune""
Description: L'histoire de Tempête et Paprika, deux grandes amies qui iraient jusqu’au bout du monde pour sauver la Lune et l’humanité. Ces 2 clownettes délirantes s'en donnent à cœur joie pour atteindre la Lune.
Détails: Festibambins « L’Extraordinaire Voyage vers la Lune» ---------------------------------------------------- ### Spectacle clownesque et musical Compagnie Les fous de la joie L’Extraordinaire Voyage vers la Lune, c’est l'histoire de Tempête et Paprika, deux grandes amies qui iraient jusqu’au bout du monde pour sauver la Lune et l’humanité. C’est une histoire, non pas de princesses, ni de fées, mais des deux premières femmes qui partent sur la Lune pour éviter une catastrophe! C’est un remède contre l’isolement et l’indifférence qui nous entourent, c’est un hymne à la joie et à la solidarité. Accompagnées d'une musique créée sur mesure, ces deux clownettes délirantes s'en donnent à cœur joie pour atteindre la Lune. Vont-elles y parvenir ? Ouvrez grand vos oreilles, gardez un œil sur nos deux amies... Ce spectacle est pétillant et plein d’éclat, empreint de musique, danse, rires et folie. Conception et jeu : Estelle Planckaert et Johanna Rua - Jeanne Cortès - musique live _à partir de 4 ans et tous publics_ _Durée : 45 mn_ _Jauge : 250 personnes_ **Dimanche 16 novembre à 16h** **Centre Culturel Robert Delefosse**
Lieu: Wattignies, Avenue des Arts, 59139 Wattignies
Date de début: 2025-11-16 16:00:00
Date de fin: 2025-11-16 16:50:00"
25240536,"Festibambins ""Roupillon""","« Roupillon » ou l’incroyable nuit d’un tout-petit. Doucement, les yeux se ferment et s’ouvre alors le théâtre d’une nouvelle histoire nocturne : le rêve de nos petits noctambules a commencé.","Festibambins « Roupillon» ------------------------- ### Sieste musicale Compagnie Chaboti « Roupillon » ou l’incroyable nuit d’un tout-petit. Ça commence par la frousse de s’endormir... qui petit à petit s’atténue par la frimousse de papa ou le ronronnement de la voix de maman. Puis, doucement, les yeux se ferment et s’ouvre alors le théâtre d’une nouvelle histoire nocturne : le rêve de nos petits noctambules a commencé. Des lumières scintillent, des ombres apparaissent, des paysages défilent au rythme de notes qui frémissent. Le voyage est agréable et surprenant « Roupillon » est un écrin où un conte s’écrit, où la musique nous caresse. Ce moment-là, hors du temps, est tellement précieux. Le temps que s’ouvre notre imaginaire… Y’a rien à faire, y’a juste à être. Sans réflexion aucune. Être là avec soi et soin, blotti contre doudou calé dans un coussin. « Roupillon est un voyage musical destiné aux tout-petits. C’est un savant mélange d’objets visuels et sonores dans lequel l’enfant se racontera sa propre histoire en naviguant à vue... Ou pas ! » Ecriture et distribution : Benoît Boutry et Jean-Baptiste Giezek _De 0 à 5 ans_ _Durée : 25 mn_ _Jauge : 40 enfants_ **Dimanche 16 novembre à 10h pour les enfants de 6 mois à 3 ans** **et 11h pour les enfants de 3 ans à 6 ans** **Auditorium de l’Ecole Municipale des Arts rue Jules Ferry (derrière groupe scolaire Jean Macé)**",Wattignies,"6 rue Jules Ferry, 59139 Wattignies",Hauts-de-France,2025-11-16 10:00:00,2025-11-16 11:25:00,,https://openagenda.com/mairie-de-wattignies/events/festibambins-roupillon,"Titre: Festibambins ""Roupillon""
Description: « Roupillon » ou l’incroyable nuit d’un tout-petit. Doucement, les yeux se ferment et s’ouvre alors le théâtre d’une nouvelle histoire nocturne : le rêve de nos petits noctambules a commencé.
Détails: Festibambins « Roupillon» ------------------------- ### Sieste musicale Compagnie Chaboti « Roupillon » ou l’incroyable nuit d’un tout-petit. Ça commence par la frousse de s’endormir... qui petit à petit s’atténue par la frimousse de papa ou le ronronnement de la voix de maman. Puis, doucement, les yeux se ferment et s’ouvre alors le théâtre d’une nouvelle histoire nocturne : le rêve de nos petits noctambules a commencé. Des lumières scintillent, des ombres apparaissent, des paysages défilent au rythme de notes qui frémissent. Le voyage est agréable et surprenant « Roupillon » est un écrin où un conte s’écrit, où la musique nous caresse. Ce moment-là, hors du temps, est tellement précieux. Le temps que s’ouvre notre imaginaire… Y’a rien à faire, y’a juste à être. Sans réflexion aucune. Être là avec soi et soin, blotti contre doudou calé dans un coussin. « Roupillon est un voyage musical destiné aux tout-petits. C’est un savant mélange d’objets visuels et sonores dans lequel l’enfant se racontera sa propre histoire en naviguant à vue... Ou pas ! » Ecriture et distribution : Benoît Boutry et Jean-Baptiste Giezek _De 0 à 5 ans_ _Durée : 25 mn_ _Jauge : 40 enfants_ **Dimanche 16 novembre à 10h pour les enfants de 6 mois à 3 ans** **et 11h pour les enfants de 3 ans à 6 ans** **Auditorium de l’Ecole Municipale des Arts rue Jules Ferry (derrière groupe scolaire Jean Macé)**
Lieu: Wattignies, 6 rue Jules Ferry, 59139 Wattignies
Date de début: 2025-11-16 10:00:00
Date de fin: 2025-11-16 11:25:00"
46538034,"Festibambins ""Rêve""","2 conteurs vont vous chanter l’histoire d’Hugo, un petit garçon qui redoute l’heure du coucher. Ils vous plongeront dans le monde des rêves et des personnages peuplant l’imagination des enfants.","Festibambins « Rêve » --------------------- ### Conte musical Compagnie En bonne et due forme Explorations musicales et sensorielles pour les tout-petits - 2 conteurs vont vous chanter l’histoire d’Hugo, un petit garçon qui redoute l’heure du coucher. Ensemble, ils vous plongeront dans le monde des rêves, l’occasion d’y rencontrer un loup, une sorcière, une lune, un ogre au drôle de caractère comme autant de personnages peuplant l’imagination des enfants. A travers chamailleries et chansons, Juliette et Simon vous emmènent en ballades ! Pourquoi Reve ? Pour l’enfant, l’heure du coucher peut être parfois synonyme d’appréhension ou d’anxiété. La peur du noir, de l’inconnu et le sentiment de solitude sont des états que nous avons tous ressentis. Des archétypes appartenant à l’inconscient collectif tel que le loup ou la sorcière sont là pour démystifier ces figures, amener l’enfant à trouver des solutions pour appréhender ses peurs à travers son imaginaire. L’art du conte et de la chanson, créent un univers où l’imagination et le rêve s'entrelacent, un moment de partage, alliant rire et poésie pour le plus grand plaisir des petits. _Conteurs : Juliette Charlet & Simon Noëns_ _A partir de 3 ans_ _Durée : 45 mn_ _Jauge : 200 personnes_ **Samedi 15 novembre à 16h** **Centre Culturel R Delefosse**",Wattignies,"Avenue des Arts, 59139 Wattignies",Hauts-de-France,2025-11-15 16:00:00,2025-11-15 16:45:00,,https://openagenda.com/mairie-de-wattignies/events/festibambins-reve,"Titre: Festibambins ""Rêve""
Description: 2 conteurs vont vous chanter l’histoire d’Hugo, un petit garçon qui redoute l’heure du coucher. Ils vous plongeront dans le monde des rêves et des personnages peuplant l’imagination des enfants.
Détails: Festibambins « Rêve » --------------------- ### Conte musical Compagnie En bonne et due forme Explorations musicales et sensorielles pour les tout-petits - 2 conteurs vont vous chanter l’histoire d’Hugo, un petit garçon qui redoute l’heure du coucher. Ensemble, ils vous plongeront dans le monde des rêves, l’occasion d’y rencontrer un loup, une sorcière, une lune, un ogre au drôle de caractère comme autant de personnages peuplant l’imagination des enfants. A travers chamailleries et chansons, Juliette et Simon vous emmènent en ballades ! Pourquoi Reve ? Pour l’enfant, l’heure du coucher peut être parfois synonyme d’appréhension ou d’anxiété. La peur du noir, de l’inconnu et le sentiment de solitude sont des états que nous avons tous ressentis. Des archétypes appartenant à l’inconscient collectif tel que le loup ou la sorcière sont là pour démystifier ces figures, amener l’enfant à trouver des solutions pour appréhender ses peurs à travers son imaginaire. L’art du conte et de la chanson, créent un univers où l’imagination et le rêve s'entrelacent, un moment de partage, alliant rire et poésie pour le plus grand plaisir des petits. _Conteurs : Juliette Charlet & Simon Noëns_ _A partir de 3 ans_ _Durée : 45 mn_ _Jauge : 200 personnes_ **Samedi 15 novembre à 16h** **Centre Culturel R Delefosse**
Lieu: Wattignies, Avenue des Arts, 59139 Wattignies
Date de début: 2025-11-15 16:00:00
Date de fin: 2025-11-15 16:45:00"
99217325,"Festibambins ""A nos peaux sauvages""","Partagez avec vos tout petits une expérience poétique, dansée et musicale, un voyage sensible et sensoriel sur un tapis de peaux textiles. Du cercle polaire vers l’équateur avec Dinuit et Siou.","Festibambins - « A nos peaux sauvages » --------------------------------------- ### Voyage sensible et musical Compagnie ROSA BONHEUR Venez partager avec vos tout petits une expérience poétique, dansée et musicale. Deux personnages vous initient à un voyage sensible et sensoriel. Il vous suffit d’entrer en peau à peau sur un tapis de peaux textiles et de vous laisser guider. Du cercle polaire vers l’équateur, de la protection vers le lâcher prise Dinuit et Siou affûtent nos perceptions et nous connectent à nos sensations primitives. Alors …Traversez le pôle nord, laissez-vous bercer par la bise et le craquement de la neige. Laissez-vous envahir par les vents venant du sud, ceux qui chantent et mettent nos épidermes à nu. A nos peaux sauvages est une ode à nos peaux perméables, à nos interactions sincères et à nos jeux enfantins. _De 6 mois à 3 ans_ _Durée 40 mn_ _Jauge : 30 spectateurs_ **Samedi 15 novembre à 9h30 et 11h (2 représentations)** **Centre Culturel R Delefosse Mezzanine 1er étage (accès ascenseur)**",Wattignies,"Avenue des Arts, 59139 Wattignies",Hauts-de-France,2025-11-15 09:00:00,2025-11-15 11:40:00,,https://openagenda.com/mairie-de-wattignies/events/festibambins-a-nos-peaux-sauvages,"Titre: Festibambins ""A nos peaux sauvages""
Description: Partagez avec vos tout petits une expérience poétique, dansée et musicale, un voyage sensible et sensoriel sur un tapis de peaux textiles. Du cercle polaire vers l’équateur avec Dinuit et Siou.
Détails: Festibambins - « A nos peaux sauvages » --------------------------------------- ### Voyage sensible et musical Compagnie ROSA BONHEUR Venez partager avec vos tout petits une expérience poétique, dansée et musicale. Deux personnages vous initient à un voyage sensible et sensoriel. Il vous suffit d’entrer en peau à peau sur un tapis de peaux textiles et de vous laisser guider. Du cercle polaire vers l’équateur, de la protection vers le lâcher prise Dinuit et Siou affûtent nos perceptions et nous connectent à nos sensations primitives. Alors …Traversez le pôle nord, laissez-vous bercer par la bise et le craquement de la neige. Laissez-vous envahir par les vents venant du sud, ceux qui chantent et mettent nos épidermes à nu. A nos peaux sauvages est une ode à nos peaux perméables, à nos interactions sincères et à nos jeux enfantins. _De 6 mois à 3 ans_ _Durée 40 mn_ _Jauge : 30 spectateurs_ **Samedi 15 novembre à 9h30 et 11h (2 représentations)** **Centre Culturel R Delefosse Mezzanine 1er étage (accès ascenseur)**
Lieu: Wattignies, Avenue des Arts, 59139 Wattignies
Date de début: 2025-11-15 09:00:00
Date de fin: 2025-11-15 11:40:00"
29991967,Conférence - Les limites planétaires,"Mickaël RUFF abordera le thème des limites planétaires en parallèle de nos habitudes de consommation. Un débat sur la perturbation du cycle de l’eau, l’acidification des océans, l’érosion des sols.","Transition écologique - Conférence « Les limites planétaires » Mickaël RUFF, biologiste, abordera le thème des limites planétaires en parallèle de nos habitudes de consommation. Rejoignez le débat sur la perturbation du cycle de l’eau, l’acidification des océans, ou encore l’érosion des sols et découvrez les réponses à ces questions cruciales. Si le changement climatique a toujours été une réalité, le réchauffement actuel de notre planète est-il vraiment dû à l’activité humaine ? Une question complexe à laquelle il est important de répondre ! Tout public Vendredi 17 octobre à 19h30 Centre Culturel R. Delefosse - Wattignies",Wattignies,"Avenue des Arts, 59139 Wattignies",Hauts-de-France,2025-10-17 19:30:00,2025-10-17 21:00:00,,https://openagenda.com/mairie-de-wattignies/events/conference-les-limites-planetaires,"Titre: Conférence - Les limites planétaires
Description: Mickaël RUFF abordera le thème des limites planétaires en parallèle de nos habitudes de consommation. Un débat sur la perturbation du cycle de l’eau, l’acidification des océans, l’érosion des sols.
Détails: Transition écologique - Conférence « Les limites planétaires » Mickaël RUFF, biologiste, abordera le thème des limites planétaires en parallèle de nos habitudes de consommation. Rejoignez le débat sur la perturbation du cycle de l’eau, l’acidification des océans, ou encore l’érosion des sols et découvrez les réponses à ces questions cruciales. Si le changement climatique a toujours été une réalité, le réchauffement actuel de notre planète est-il vraiment dû à l’activité humaine ? Une question complexe à laquelle il est important de répondre ! Tout public Vendredi 17 octobre à 19h30 Centre Culturel R. Delefosse - Wattignies
Lieu: Wattignies, Avenue des Arts, 59139 Wattignies
Date de début: 2025-10-17 19:30:00
Date de fin: 2025-10-17 21:00:00"
74205595,Cocktail musical – La veuve clinquante,"La Veuve Clinquante chante, oui. Mais elle parle aussi... beaucoup !Avec humour et énergie, elle emmène le public dans son histoire et ses divagations, en swing, en java, en tango et autres valses…​​","Cocktail musical – La veuve clinquante -------------------------------------- Par la Compagnie IN ILLO TEMPORE La Veuve Clinquante chante, oui. Mais elle parle aussi... beaucoup ! Comme elle a de la bouteille, elle en a des trucs à dire. Et la coupe est pleine ! Gaëlle raconte sa vie au travers des chansons d’un répertoire écrit par Piaf, Colette Magny, Vian, Gainsbourg, Bourvil, Frehel… Avec humour et énergie, elle emmène le public dans son histoire et ses divagations, en swing, en java, en tango et autres valses…​​ Dimanche 5 octobre à 15h30 centre culturel Robert Delefosse - Wattignies Tarifs : normal : 12€ / réduit (enfants, étudiants, demandeurs d’emploi, seniors 65 ans+) : 7€ Réservez vos places sur [notre billetterie en ligne](https://wattignies.notre-billetterie.com/billets?ovl=1&fbclid=IwAR0y2ydjSGVKQBKHfU1Cx_7u2OKRCFkH6HCeGB9txIufZOqPgkO1_2kaxrs) ou au 03 20 95 45 71",Wattignies,"Avenue des Arts, 59139 Wattignies",Hauts-de-France,2025-10-12 15:30:00,2025-10-12 17:00:00,,https://openagenda.com/mairie-de-wattignies/events/cocktail-musical-la-veuve-clinquante,"Titre: Cocktail musical – La veuve clinquante
Description: La Veuve Clinquante chante, oui. Mais elle parle aussi... beaucoup !Avec humour et énergie, elle emmène le public dans son histoire et ses divagations, en swing, en java, en tango et autres valses…​​
Détails: Cocktail musical – La veuve clinquante -------------------------------------- Par la Compagnie IN ILLO TEMPORE La Veuve Clinquante chante, oui. Mais elle parle aussi... beaucoup ! Comme elle a de la bouteille, elle en a des trucs à dire. Et la coupe est pleine ! Gaëlle raconte sa vie au travers des chansons d’un répertoire écrit par Piaf, Colette Magny, Vian, Gainsbourg, Bourvil, Frehel… Avec humour et énergie, elle emmène le public dans son histoire et ses divagations, en swing, en java, en tango et autres valses…​​ Dimanche 5 octobre à 15h30 centre culturel Robert Delefosse - Wattignies Tarifs : normal : 12€ / réduit (enfants, étudiants, demandeurs d’emploi, seniors 65 ans+) : 7€ Réservez vos places sur [notre billetterie en ligne](https://wattignies.notre-billetterie.com/billets?ovl=1&fbclid=IwAR0y2ydjSGVKQBKHfU1Cx_7u2OKRCFkH6HCeGB9txIufZOqPgkO1_2kaxrs) ou au 03 20 95 45 71
Lieu: Wattignies, Avenue des Arts, 59139 Wattignies
Date de début: 2025-10-12 15:30:00
Date de fin: 2025-10-12 17:00:00"
75248259,Cocktail musical – Les Mauvaises Langues,"Si, entre deux chansons, on chante en choeur et on tape du pied, c’est qu’ils réussissent l’alchimie parfaite entre mélodies entêtantes et rythmiques contagieuses.","Cocktail musical – Les Mauvaises Langues On va à un concert des Mauvaises Langues avec des centaines d’inconnus et on en ressort avec autant d’amis. Si, entre deux chansons, on chante en choeur et on tape du pied, c’est qu’ils réussissent l’alchimie parfaite entre mélodies entêtantes et rythmiques contagieuses. Les Mauvaises Langues perpétuent depuis plus de 25 ans la tradition d’une chanson française intelligente où l’énergie musicale sert la qualité littéraire de leurs textes. Avec leur nouvel album “Etrange Affaire”, ils portent un regard affuté sur le monde qui nous entoure, sans jamais perdre espoir ni donner de leçons. Tarifs : normal : 12€ / réduit (enfants, étudiants, demandeurs d’emploi, seniors 65 ans+) : 7€ Réservez vos places sur [notre billetterie en ligne](https://wattignies.notre-billetterie.com/billets?ovl=1&fbclid=IwAR0y2ydjSGVKQBKHfU1Cx_7u2OKRCFkH6HCeGB9txIufZOqPgkO1_2kaxrs) ou au 03 20 95 45 71",Wattignies,"Avenue des Arts, 59139 Wattignies",Hauts-de-France,2025-10-04 20:30:00,2025-10-04 22:00:00,,https://openagenda.com/mairie-de-wattignies/events/cocktail-musical-les-mauvaises-langues,"Titre: Cocktail musical – Les Mauvaises Langues
Description: Si, entre deux chansons, on chante en choeur et on tape du pied, c’est qu’ils réussissent l’alchimie parfaite entre mélodies entêtantes et rythmiques contagieuses.
Détails: Cocktail musical – Les Mauvaises Langues On va à un concert des Mauvaises Langues avec des centaines d’inconnus et on en ressort avec autant d’amis. Si, entre deux chansons, on chante en choeur et on tape du pied, c’est qu’ils réussissent l’alchimie parfaite entre mélodies entêtantes et rythmiques contagieuses. Les Mauvaises Langues perpétuent depuis plus de 25 ans la tradition d’une chanson française intelligente où l’énergie musicale sert la qualité littéraire de leurs textes. Avec leur nouvel album “Etrange Affaire”, ils portent un regard affuté sur le monde qui nous entoure, sans jamais perdre espoir ni donner de leçons. Tarifs : normal : 12€ / réduit (enfants, étudiants, demandeurs d’emploi, seniors 65 ans+) : 7€ Réservez vos places sur [notre billetterie en ligne](https://wattignies.notre-billetterie.com/billets?ovl=1&fbclid=IwAR0y2ydjSGVKQBKHfU1Cx_7u2OKRCFkH6HCeGB9txIufZOqPgkO1_2kaxrs) ou au 03 20 95 45 71
Lieu: Wattignies, Avenue des Arts, 59139 Wattignies
Date de début: 2025-10-04 20:30:00
Date de fin: 2025-10-04 22:00:00"
98864397,Cocktail musical – “Illusions vocales” par Erick BAERT et ses musiciens,"Une performance vocale extraordinaire! Erick BAERT entre dans la peau et la gestuelle des artistes, une complicité prodigieuse avec les spectateurs, une énergie puissante, communicative, électrisante!","Cocktail musical – “Illusions vocales” Préparez-vous à vivre une expérience unique lors de ce deuxième opus ! Cette fois, Erick BAERT et ses musiciens vous emmènent encore plus loin. Ce show vous promet un voyage musical riche en émotions, en rires et en surprises, de Barry White à Johnny Halliday, de Pavarotti à Serge Lama, en passant par Céline Dion ou Mika. Erick vous transportera dans l’ambiance des plus grands stades, avec Freddie Mercury, Elvis Presley ou Coldplay. Dans une mise en scène originale, innovante qui fait la part belle au talent de l’artiste. Une performance vocale extraordinaire, mais pas que … Une présence sur scène incroyable ! Erick BAERT a une façon étonnante d’entrer dans la peau et la gestuelle des artistes, une complicité prodigieuse avec les spectateurs, une énergie puissante et communicative. Le spectacle devient ainsi un moment unique partagé On vibre, on rit, on chante, … On en ressort totalement électrisé, joyeux, heureux en n’ayant pas vu le temps passer : Petits et grands en redemandent ! Vendredi 3 octobre à 20h30 centre culturel Robert Delefosse de Wattignies Tarif unique : 30€ Réservez vos places sur [notre billetterie](https://wattignies.notre-billetterie.com/billets?ovl=1&fbclid=IwAR0y2ydjSGVKQBKHfU1Cx_7u2OKRCFkH6HCeGB9txIufZOqPgkO1_2kaxrs) en ligne ou au 03 20 95 45 71",Wattignies,"Avenue des Arts, 59139 Wattignies",Hauts-de-France,2025-10-03 20:30:00,2025-10-03 22:00:00,,https://openagenda.com/mairie-de-wattignies/events/cocktail-musical-illusions-vocales-par-erick-baert-et-ses-musiciens,"Titre: Cocktail musical – “Illusions vocales” par Erick BAERT et ses musiciens
Description: Une performance vocale extraordinaire! Erick BAERT entre dans la peau et la gestuelle des artistes, une complicité prodigieuse avec les spectateurs, une énergie puissante, communicative, électrisante!
Détails: Cocktail musical – “Illusions vocales” Préparez-vous à vivre une expérience unique lors de ce deuxième opus ! Cette fois, Erick BAERT et ses musiciens vous emmènent encore plus loin. Ce show vous promet un voyage musical riche en émotions, en rires et en surprises, de Barry White à Johnny Halliday, de Pavarotti à Serge Lama, en passant par Céline Dion ou Mika. Erick vous transportera dans l’ambiance des plus grands stades, avec Freddie Mercury, Elvis Presley ou Coldplay. Dans une mise en scène originale, innovante qui fait la part belle au talent de l’artiste. Une performance vocale extraordinaire, mais pas que … Une présence sur scène incroyable ! Erick BAERT a une façon étonnante d’entrer dans la peau et la gestuelle des artistes, une complicité prodigieuse avec les spectateurs, une énergie puissante et communicative. Le spectacle devient ainsi un moment unique partagé On vibre, on rit, on chante, … On en ressort totalement électrisé, joyeux, heureux en n’ayant pas vu le temps passer : Petits et grands en redemandent ! Vendredi 3 octobre à 20h30 centre culturel Robert Delefosse de Wattignies Tarif unique : 30€ Réservez vos places sur [notre billetterie](https://wattignies.notre-billetterie.com/billets?ovl=1&fbclid=IwAR0y2ydjSGVKQBKHfU1Cx_7u2OKRCFkH6HCeGB9txIufZOqPgkO1_2kaxrs) en ligne ou au 03 20 95 45 71
Lieu: Wattignies, Avenue des Arts, 59139 Wattignies
Date de début: 2025-10-03 20:30:00
Date de fin: 2025-10-03 22:00:00"
75897556,C'est pas Versailles ici!,Atelier animé par virage Energie. Décryptez les sources de consommation d’énergie au sein de votre logement et identifiez des solutions pour réduire vos consommations d’énergie.,"C’est pas Versailles Ici! ------------------------- Atelier animé par virage Energie ### Décryptez les sources de consommation d’énergie au sein de votre logement et identifiez des solutions pour réduire vos consommations d’énergie. L’atelier permettra de mieux connaître et comprendre les sources de consommation d’énergie au sein d’une maison ou d’un appartement. Via plusieurs animations, les participant.es identifieront les usages qui consomment le plus et découvriront des concepts comme la déperdition thermique, le confort thermique… Vous identifierez, pour chaque pièce de la maison, les écogestes à réaliser grâce à des supports visuels. Chaque participant.e sera amené à s’engager à réaliser un ou plusieurs écogestes. Inscription obligatoire en Mairie : 03 20 16 06 30 ou [ACucinotta@mairie-wattignies.com](mailto:ACucinotta@mairie-wattignies.com) **Samed 27 septembre de 10h à 12h** **Maison du Projet - Wattignies**",Wattignies,"50 rue Fleming, 59139 Wattignies",Hauts-de-France,2025-09-27 10:00:00,2025-09-27 12:00:00,,https://openagenda.com/mairie-de-wattignies/events/cest-pas-versailles-ici,"Titre: C'est pas Versailles ici!
Description: Atelier animé par virage Energie. Décryptez les sources de consommation d’énergie au sein de votre logement et identifiez des solutions pour réduire vos consommations d’énergie.
Détails: C’est pas Versailles Ici! ------------------------- Atelier animé par virage Energie ### Décryptez les sources de consommation d’énergie au sein de votre logement et identifiez des solutions pour réduire vos consommations d’énergie. L’atelier permettra de mieux connaître et comprendre les sources de consommation d’énergie au sein d’une maison ou d’un appartement. Via plusieurs animations, les participant.es identifieront les usages qui consomment le plus et découvriront des concepts comme la déperdition thermique, le confort thermique… Vous identifierez, pour chaque pièce de la maison, les écogestes à réaliser grâce à des supports visuels. Chaque participant.e sera amené à s’engager à réaliser un ou plusieurs écogestes. Inscription obligatoire en Mairie : 03 20 16 06 30 ou [ACucinotta@mairie-wattignies.com](mailto:ACucinotta@mairie-wattignies.com) **Samed 27 septembre de 10h à 12h** **Maison du Projet - Wattignies**
Lieu: Wattignies, 50 rue Fleming, 59139 Wattignies
Date de début: 2025-09-27 10:00:00
Date de fin: 2025-09-27 12:00:00"
1537448,Adieu Lucas par YELLOH Compagnie,"Lucas, peintre, vient de mourir dans des circonstances troublantes. Son épouse, leur fils et leur belle-fille se retrouvent dans la maison familiale. Confrontés à l’absence d’un homme mystérieux...","« Adieu Lucas » --------------- ### de Dominique Van Cotthem, par YELLOH Compagnie Dans le cadre du partenariat avec la Ville De TEMPLEMARS autour du Salon du Polar Lucas est mort. Le monde de l’art perd un génie avant-gardiste qui a révolutionné la peinture du XX siècle. L’enterrement a lieu dans la plus stricte intimité à la demande d’Alma, la veuve. Sa froideur inhabituelle inquiète son fils et sa belle-fille. Après la cérémonie, Alma exige de rentrer immédiatement. D’emblée, Cédric et Myriam comprennent que cette journée n’a pas encore livré tout son lot d’émotions. Ils sont loin d’imaginer ce qui les attend dans la maison familiale… **Jeudi 25 septembre à 20h** **Centre culturel Robert Delefosse de WATTIGNIES - Entrée gratuite** Réservation sur Helloasso : [https://www.helloasso.com/associations/office-de-la-culture-des-sports-et-de-l-animation-de-templemars/evenements/theatre-salon-du-polar-2025](https://www.helloasso.com/associations/office-de-la-culture-des-sports-et-de-l-animation-de-templemars/evenements/theatre-salon-du-polar-2025)",Wattignies,"Avenue des Arts, 59139 Wattignies",Hauts-de-France,2025-09-25 20:00:00,2025-09-25 21:30:00,,https://openagenda.com/mairie-de-wattignies/events/adieu-lucas-par-yelloh-compagnie,"Titre: Adieu Lucas par YELLOH Compagnie
Description: Lucas, peintre, vient de mourir dans des circonstances troublantes. Son épouse, leur fils et leur belle-fille se retrouvent dans la maison familiale. Confrontés à l’absence d’un homme mystérieux...
Détails: « Adieu Lucas » --------------- ### de Dominique Van Cotthem, par YELLOH Compagnie Dans le cadre du partenariat avec la Ville De TEMPLEMARS autour du Salon du Polar Lucas est mort. Le monde de l’art perd un génie avant-gardiste qui a révolutionné la peinture du XX siècle. L’enterrement a lieu dans la plus stricte intimité à la demande d’Alma, la veuve. Sa froideur inhabituelle inquiète son fils et sa belle-fille. Après la cérémonie, Alma exige de rentrer immédiatement. D’emblée, Cédric et Myriam comprennent que cette journée n’a pas encore livré tout son lot d’émotions. Ils sont loin d’imaginer ce qui les attend dans la maison familiale… **Jeudi 25 septembre à 20h** **Centre culturel Robert Delefosse de WATTIGNIES - Entrée gratuite** Réservation sur Helloasso : [https://www.helloasso.com/associations/office-de-la-culture-des-sports-et-de-l-animation-de-templemars/evenements/theatre-salon-du-polar-2025](https://www.helloasso.com/associations/office-de-la-culture-des-sports-et-de-l-animation-de-templemars/evenements/theatre-salon-du-polar-2025)
Lieu: Wattignies, Avenue des Arts, 59139 Wattignies
Date de début: 2025-09-25 20:00:00
Date de fin: 2025-09-25 21:30:00"
58006145,La Dictée en Ch’ti,"Dans cette classe au parfum d’antan, ça sent le café bouilli, la craie, le stencil et notre bonne vieille terre du Nord. Le Professeur Truchot, avec son langage fleuri, est un remède à la monotonie !","Un spectacle participatif présenté par la Compagnie LA BELLE HISTOIRE Viens et entre dans la classe de Monsieur Truchot ! N’oublie pas ton cartable avant de t’assoir à ton pupitre… Dans cette classe au parfum d’antan, ça sent bon le café bouilli, la craie, le stencil et notre bonne vieille terre du Nord. Viens réviser ton alphabet, l’anatomie, les Fables de La Fontaine… Le Professeur Truchot, avec son langage fleuri, est un remède à la monotonie !",Wattignies,59139 WATTIGNIES,Hauts-de-France,2025-09-21 10:30:00,2025-09-21 15:30:00,,https://openagenda.com/mairie-de-wattignies/events/la-dictee-en-chti,"Titre: La Dictée en Ch’ti
Description: Dans cette classe au parfum d’antan, ça sent le café bouilli, la craie, le stencil et notre bonne vieille terre du Nord. Le Professeur Truchot, avec son langage fleuri, est un remède à la monotonie !
Détails: Un spectacle participatif présenté par la Compagnie LA BELLE HISTOIRE Viens et entre dans la classe de Monsieur Truchot ! N’oublie pas ton cartable avant de t’assoir à ton pupitre… Dans cette classe au parfum d’antan, ça sent bon le café bouilli, la craie, le stencil et notre bonne vieille terre du Nord. Viens réviser ton alphabet, l’anatomie, les Fables de La Fontaine… Le Professeur Truchot, avec son langage fleuri, est un remède à la monotonie !
Lieu: Wattignies, 59139 WATTIGNIES
Date de début: 2025-09-21 10:30:00
Date de fin: 2025-09-21 15:30:00"
93265563,Théâtre de rue pour les Journées du Patrimoine,"Dès 10h30 :Les Citrons Volants, artistes déjantés, pour un moment festif et plein de bonne humeur. 12h30 : Les Femmes Küche, avec leurs chansons culinaires aussi drôles que décalées.","Venez vibrer au rythme de la Guinguette --------------------------------------- Dès 10h30, Les Citrons Volants, un trio d’artistes déjantés mené par MarielleDuroulle, pour un moment festif et plein de bonne humeur. À 12h30, place à un autre trio : Les Femmes Küche, de la Compagnie de Lyse, vous régaleront avec leurs chansons culinaires aussi drôles que décalées. Et tout au long de la journée, profitez de nombreuses animations pour petits et grands, autour de la Maison de la Confiserie. Dimanche 21 septembre de 10h30 à 13h – Centre Culturel R.Delefosse Petite restauration – buvette sur place",Wattignies,"Avenue des Arts, 59139 Wattignies",Hauts-de-France,2025-09-21 10:30:00,2025-09-21 13:00:00,,https://openagenda.com/mairie-de-wattignies/events/theatre-de-rue-pour-les-journees-du-patrimoine,"Titre: Théâtre de rue pour les Journées du Patrimoine
Description: Dès 10h30 :Les Citrons Volants, artistes déjantés, pour un moment festif et plein de bonne humeur. 12h30 : Les Femmes Küche, avec leurs chansons culinaires aussi drôles que décalées.
Détails: Venez vibrer au rythme de la Guinguette --------------------------------------- Dès 10h30, Les Citrons Volants, un trio d’artistes déjantés mené par MarielleDuroulle, pour un moment festif et plein de bonne humeur. À 12h30, place à un autre trio : Les Femmes Küche, de la Compagnie de Lyse, vous régaleront avec leurs chansons culinaires aussi drôles que décalées. Et tout au long de la journée, profitez de nombreuses animations pour petits et grands, autour de la Maison de la Confiserie. Dimanche 21 septembre de 10h30 à 13h – Centre Culturel R.Delefosse Petite restauration – buvette sur place
Lieu: Wattignies, Avenue des Arts, 59139 Wattignies
Date de début: 2025-09-21 10:30:00
Date de fin: 2025-09-21 13:00:00"
45419797,Visite guidée nocturne,"À la tombée de la nuit, venez découvrir le Donjon et son décor de château reconstitué dans une ambiance unique.","Entre récits historiques et expérimentations, cette visite invite à explorer les multiples facettes de la vie quotidienne de nos ancêtres. De l’alimentation à la guerre, en passant par l’hygiène et les savoir-faire, le guide dévoile les réalités, les usages et les secrets de la vie au début du XIIIᵉ siècle.",Rouen,"Rue Bouvreuil, Rouen",Normandie,2026-07-24 22:00:00,2026-08-14 23:00:00,,https://openagenda.com/le-donjon-de-rouen/events/visite-guidee-nocturne-7221262,"Titre: Visite guidée nocturne
Description: À la tombée de la nuit, venez découvrir le Donjon et son décor de château reconstitué dans une ambiance unique.
Détails: Entre récits historiques et expérimentations, cette visite invite à explorer les multiples facettes de la vie quotidienne de nos ancêtres. De l’alimentation à la guerre, en passant par l’hygiène et les savoir-faire, le guide dévoile les réalités, les usages et les secrets de la vie au début du XIIIᵉ siècle.
Lieu: Rouen, Rue Bouvreuil, Rouen
Date de début: 2026-07-24 22:00:00
Date de fin: 2026-08-14 23:00:00"
59370707,Visite costumée : le donjon au XXème siècle,Visite guidée avec guide en costume d'époque (XXème siècle),"En costume d’époque, notre guide vous invite à remonter le temps jusqu’au début du XXe siècle pour revivre les grandes heures du donjon ! Qui de l’architecte en charge de la restauration du monument, de l’historien ou encore de la religieuse dont le pensionnat est situé tout à côté vous ouvrira la lourde porte ? Surprise ! Une chose est sûre, ces personnages haut en couleurs ne manquent pas d’anecdotes croustillantes sur le donjon, ses occupants et leur histoire.",Rouen,"Rue Bouvreuil, Rouen",Normandie,2024-11-17 15:30:00,2025-03-23 16:30:00,,https://openagenda.com/le-donjon-de-rouen/events/visite-costumee-3729968,"Titre: Visite costumée : le donjon au XXème siècle
Description: Visite guidée avec guide en costume d'époque (XXème siècle)
Détails: En costume d’époque, notre guide vous invite à remonter le temps jusqu’au début du XXe siècle pour revivre les grandes heures du donjon ! Qui de l’architecte en charge de la restauration du monument, de l’historien ou encore de la religieuse dont le pensionnat est situé tout à côté vous ouvrira la lourde porte ? Surprise ! Une chose est sûre, ces personnages haut en couleurs ne manquent pas d’anecdotes croustillantes sur le donjon, ses occupants et leur histoire.
Lieu: Rouen, Rue Bouvreuil, Rouen
Date de début: 2024-11-17 15:30:00
Date de fin: 2025-03-23 16:30:00"
35240634,Le Donjon à tâtons,Visitez le Donjon de Rouen à la seule lueur d'une lampe torche,"Le Donjon à tâtons ------------------ ### Visite guidée à la lampe torche Plongés dans la pénombre et munis de lampes torches, pénétrez au cœur du Donjon de Rouen. À tâtons, étage par étage, remontez le cours de l’histoire de cette tour médiévale, dernier vestige du château de Philippe Auguste. Ne comptez pas sur les fenêtres pour éclairer vos pas… elles sont rares et trop étroites pour vous guider. Sensations garanties ! **Tarif 7€ par personne - Tout public - Durée 1h, à 19h** [**[https://cutt.ly/kMSp3n3](https://cutt.ly/kMSp3n3)**](https://cutt.ly/kMSp3n3)",Rouen,"Rue Bouvreuil, Rouen",Normandie,2024-11-16 19:00:00,2025-03-08 20:00:00,,https://openagenda.com/le-donjon-de-rouen/events/le-donjon-a-tatons-2312756,"Titre: Le Donjon à tâtons
Description: Visitez le Donjon de Rouen à la seule lueur d'une lampe torche
Détails: Le Donjon à tâtons ------------------ ### Visite guidée à la lampe torche Plongés dans la pénombre et munis de lampes torches, pénétrez au cœur du Donjon de Rouen. À tâtons, étage par étage, remontez le cours de l’histoire de cette tour médiévale, dernier vestige du château de Philippe Auguste. Ne comptez pas sur les fenêtres pour éclairer vos pas… elles sont rares et trop étroites pour vous guider. Sensations garanties ! **Tarif 7€ par personne - Tout public - Durée 1h, à 19h** [**[https://cutt.ly/kMSp3n3](https://cutt.ly/kMSp3n3)**](https://cutt.ly/kMSp3n3)
Lieu: Rouen, Rue Bouvreuil, Rouen
Date de début: 2024-11-16 19:00:00
Date de fin: 2025-03-08 20:00:00"
62353982,Soirée Escape Room : Songe d'une nuit d'hiver,La 1ère soirée escape room du Donjon de Rouen arrive le 24.01 !,"Songes d'une nuit d'hiver ------------------------- ### soirée escape room Pauvres fous. Vous avez osé franchir les portes du Donjon pour une exploration nocturne clandestine ? Vous n’êtes pas au bout de vos surprises. Le Donjon n’est pas qu’un témoin silencieux de l’Histoire : il en est le gardien. Depuis des siècles, ses murs épais renferment bon nombre de souvenirs et de secrets qui, une fois la nuit tombée, semblent emplir tout l’atmosphère. À la lueur d’une lumière vacillante, le veilleur des lieux vous réserve un accueil pour le moins étrange. En tout cas, il n’est pas enclin à vous laisser sortir…Pour trouver le chemin vers la liberté, il faudra déchiffrer ses murmures et décrypter ses énigmes. Y parviendrez-vous ? **Vendredi 24 janvier | À 19h (durée 2h) | 7.50€ / joueur |Tout public (déconseillé -12 ans et claustrophobes) | Lors de ce jeu, vous serez répartis en deux équipes de 6.**",Rouen,"Rue Bouvreuil, Rouen",Normandie,2025-01-24 19:00:00,2025-01-24 21:00:00,,https://openagenda.com/le-donjon-de-rouen/events/soiree-escape-room-songe-dune-nuit-dhiver,"Titre: Soirée Escape Room : Songe d'une nuit d'hiver
Description: La 1ère soirée escape room du Donjon de Rouen arrive le 24.01 !
Détails: Songes d'une nuit d'hiver ------------------------- ### soirée escape room Pauvres fous. Vous avez osé franchir les portes du Donjon pour une exploration nocturne clandestine ? Vous n’êtes pas au bout de vos surprises. Le Donjon n’est pas qu’un témoin silencieux de l’Histoire : il en est le gardien. Depuis des siècles, ses murs épais renferment bon nombre de souvenirs et de secrets qui, une fois la nuit tombée, semblent emplir tout l’atmosphère. À la lueur d’une lumière vacillante, le veilleur des lieux vous réserve un accueil pour le moins étrange. En tout cas, il n’est pas enclin à vous laisser sortir…Pour trouver le chemin vers la liberté, il faudra déchiffrer ses murmures et décrypter ses énigmes. Y parviendrez-vous ? **Vendredi 24 janvier | À 19h (durée 2h) | 7.50€ / joueur |Tout public (déconseillé -12 ans et claustrophobes) | Lors de ce jeu, vous serez répartis en deux équipes de 6.**
Lieu: Rouen, Rue Bouvreuil, Rouen
Date de début: 2025-01-24 19:00:00
Date de fin: 2025-01-24 21:00:00"
93545253,Minis visites - JEP,Journées européennes du patrimoine et du matrimoine,"Les 21 et 22 septembre, le Donjon de Rouen et Rouen Sites & Monuments célèbrent le patrimoine et le matrimoine. Le temps d’un week-end, poussez les portes de l’histoire au Donjon de Rouen ! Nos mini-visites de 30 minutes vous révèlent l’histoire d’un monument emblématique qui a traversé les siècles et qui fût le théâtre des faits les plus marquants de l’histoire de la ville de Rouen _**Gratuit | Sur réservation | Durée : 30mn**_ **_Samedi et dimanche à 11h, 12h, 14h, 15h, 16h et 17h_** _Les étages du donjon ne sont pas accessibles aux personnes à mobilité réduite_",Rouen,"Rue Bouvreuil, Rouen",Normandie,2024-09-21 11:00:00,2024-09-22 17:00:00,,https://openagenda.com/le-donjon-de-rouen/events/minis-visites-jep,"Titre: Minis visites - JEP
Description: Journées européennes du patrimoine et du matrimoine
Détails: Les 21 et 22 septembre, le Donjon de Rouen et Rouen Sites & Monuments célèbrent le patrimoine et le matrimoine. Le temps d’un week-end, poussez les portes de l’histoire au Donjon de Rouen ! Nos mini-visites de 30 minutes vous révèlent l’histoire d’un monument emblématique qui a traversé les siècles et qui fût le théâtre des faits les plus marquants de l’histoire de la ville de Rouen _**Gratuit | Sur réservation | Durée : 30mn**_ **_Samedi et dimanche à 11h, 12h, 14h, 15h, 16h et 17h_** _Les étages du donjon ne sont pas accessibles aux personnes à mobilité réduite_
Lieu: Rouen, Rue Bouvreuil, Rouen
Date de début: 2024-09-21 11:00:00
Date de fin: 2024-09-22 17:00:00"
75453554,Rouen libérée !,Reconstitution historique du 80ème anniversaire de la libération de Rouen,"📆 Samedi 31 août et Dimanche 1er septembre 📢 Reconstitution historique - 80ème anniversaire de la libération de Rouen Le 30 août 1944, Rouen est libérée. Après plusieurs années de guerre et d’occupation, les rues de la ville sont dévastées mais la paix est enfin là. 80 ans après ce grand jour, le Donjon de Rouen remonte le temps jusqu’en 1944 en proposant un campement militaire reconstitué. Mitrailleuse, jeep, moto, armes et équipements militaires vous plongent jusque sur la ligne de front. Découvrez et manipulez certains objets d’époques et échangez avec les troupes de reconstitution historique pour découvrir la vie civile et militaire de cette fin de Seconde Guerre Mondiale. Dans leurs bagages, c’est tout une culture que les Américains et les Canadiens ont rapporté. Découvrez l’ambiance folle du jazz et des bals swing au cours de démonstrations et d’initiation aux danses de l’époque. Au son des cuivres et des tambours, un mouvement de liesse collective vous fait revivre la joie de cette libération tant attendue. ⏰ 11h30 et 15h30 : démonstration et initiation au swing GRATUIT | De 10h à 19h | Donjon de Rouen et rues adjacentes Associations : Les léopards normands, Jazzy Birds",Rouen,"Rue Bouvreuil, Rouen",Normandie,2024-08-31 10:00:00,2024-09-01 19:00:00,,https://openagenda.com/le-donjon-de-rouen/events/rouen-liberee-,"Titre: Rouen libérée !
Description: Reconstitution historique du 80ème anniversaire de la libération de Rouen
Détails: 📆 Samedi 31 août et Dimanche 1er septembre 📢 Reconstitution historique - 80ème anniversaire de la libération de Rouen Le 30 août 1944, Rouen est libérée. Après plusieurs années de guerre et d’occupation, les rues de la ville sont dévastées mais la paix est enfin là. 80 ans après ce grand jour, le Donjon de Rouen remonte le temps jusqu’en 1944 en proposant un campement militaire reconstitué. Mitrailleuse, jeep, moto, armes et équipements militaires vous plongent jusque sur la ligne de front. Découvrez et manipulez certains objets d’époques et échangez avec les troupes de reconstitution historique pour découvrir la vie civile et militaire de cette fin de Seconde Guerre Mondiale. Dans leurs bagages, c’est tout une culture que les Américains et les Canadiens ont rapporté. Découvrez l’ambiance folle du jazz et des bals swing au cours de démonstrations et d’initiation aux danses de l’époque. Au son des cuivres et des tambours, un mouvement de liesse collective vous fait revivre la joie de cette libération tant attendue. ⏰ 11h30 et 15h30 : démonstration et initiation au swing GRATUIT | De 10h à 19h | Donjon de Rouen et rues adjacentes Associations : Les léopards normands, Jazzy Birds
Lieu: Rouen, Rue Bouvreuil, Rouen
Date de début: 2024-08-31 10:00:00
Date de fin: 2024-09-01 19:00:00"
62790777,Visite guidée : Sur les traces du château de Rouen,Programmé dans le cadre des Fêtes Jeanne d'Arc à Rouen,"À l’occasion des fêtes Jeanne d’Arc, découvrez l’histoire du lieu dans lequel elle fût prisonnière avant sa condamnation : le château de Rouen. Aux abords du Donjon de Rouen, son dernier vestige, notre guide vous entraîne sur les traces des remparts d’une des plus importantes forteresses du Moyen-Age. Voyage au cœur du Rouen médiéval assuré !",Rouen,"Rue Bouvreuil, Rouen",Normandie,2024-05-10 14:30:00,2024-05-10 15:30:00,,https://openagenda.com/le-donjon-de-rouen/events/visite-guidee-sur-les-traces-du-chateau-de-rouen,"Titre: Visite guidée : Sur les traces du château de Rouen
Description: Programmé dans le cadre des Fêtes Jeanne d'Arc à Rouen
Détails: À l’occasion des fêtes Jeanne d’Arc, découvrez l’histoire du lieu dans lequel elle fût prisonnière avant sa condamnation : le château de Rouen. Aux abords du Donjon de Rouen, son dernier vestige, notre guide vous entraîne sur les traces des remparts d’une des plus importantes forteresses du Moyen-Age. Voyage au cœur du Rouen médiéval assuré !
Lieu: Rouen, Rue Bouvreuil, Rouen
Date de début: 2024-05-10 14:30:00
Date de fin: 2024-05-10 15:30:00"
7196701,"ESCAPE GAME - Salagnac - Clairvivre ""Mission Radium ""","ESCAPE GAME - Salagnac - Clairvivre ""Mission Radium ""","Irène Joliot-Curie a caché une ampoule de radium dans un pavillon de la cité. Vous avez 45 minutes pour résoudre les énigmes et retrouver le précieux minerai avant la police de Vichy ! Saurez-vous protéger l'héritage scientifique d'Irène Joliot-Curie ? Du mercredi 15 au vendredi 31 juillet (sauf le week-end) à 9h30, 11h, 13h30, 15h, 16h30 Tarifs : 15 € / 10 € moins de 12 ans 2 à 8 joueurs par partie, les moins de 14 ans doivent être accompagnés d’un adulte. Réservation 05 53 52 29 79 (Office de tourisme Naturellement Périgord)",Salagnac,clairvivre salagnac,Nouvelle-Aquitaine,2026-07-15 09:30:00,2026-07-31 17:30:00,"escape game, jeu, enigme, manoir, activité, animation, patrimoine, équipe, histoire, pays d'art et d'histoire, vézère ardoise, sortie en famille, amis, jeu d'aventure, sortie en corrèze, ludique, vacances, été, juillet, salagnac, clairivre, jeu sérieux",https://openagenda.com/animations-estivales-2026-pays-dart-et-dhistoire-vezere-ardoise/events/escape-game-salagnac-clairvivre-mission-radium-8616356,"Titre: ESCAPE GAME - Salagnac - Clairvivre ""Mission Radium ""
Description: ESCAPE GAME - Salagnac - Clairvivre ""Mission Radium ""
Détails: Irène Joliot-Curie a caché une ampoule de radium dans un pavillon de la cité. Vous avez 45 minutes pour résoudre les énigmes et retrouver le précieux minerai avant la police de Vichy ! Saurez-vous protéger l'héritage scientifique d'Irène Joliot-Curie ? Du mercredi 15 au vendredi 31 juillet (sauf le week-end) à 9h30, 11h, 13h30, 15h, 16h30 Tarifs : 15 € / 10 € moins de 12 ans 2 à 8 joueurs par partie, les moins de 14 ans doivent être accompagnés d’un adulte. Réservation 05 53 52 29 79 (Office de tourisme Naturellement Périgord)
Lieu: Salagnac, clairvivre salagnac
Date de début: 2026-07-15 09:30:00
Date de fin: 2026-07-31 17:30:00
Catégories: escape game, jeu, enigme, manoir, activité, animation, patrimoine, équipe, histoire, pays d'art et d'histoire, vézère ardoise, sortie en famille, amis, jeu d'aventure, sortie en corrèze, ludique, vacances, été, juillet, salagnac, clairivre, jeu sérieux"
12156295,Canoë,Descente commentée Canoë - Le saillant (Voutezac) - Saint-Viance,"Descente commentée en canoë Vendredis 24, 31 juillet et 7 août à 13h45 Rdv sur le site des marchés de pays du Saillant Durée : 3h environ Tarifs : 22€ / 14€ À partir de 7 ans, savoir nager, chaque enfant doit être accompagné d'un adulte. Réservation au 05 55 84 73 54 (Base Sports Loisirs de la Vézère)",Voutezac,"saillant, voutezac",Nouvelle-Aquitaine,2026-07-24 14:00:00,2026-08-07 17:00:00,"canoë, été, vacances, saillant, voutezac, sport, loisirs, patrimoine, pays d'art et d'histoire, réservation, enfant, famille, eau, 2026, saint-viance",https://openagenda.com/animations-estivales-2026-pays-dart-et-dhistoire-vezere-ardoise/events/canoe-8379675,"Titre: Canoë
Description: Descente commentée Canoë - Le saillant (Voutezac) - Saint-Viance
Détails: Descente commentée en canoë Vendredis 24, 31 juillet et 7 août à 13h45 Rdv sur le site des marchés de pays du Saillant Durée : 3h environ Tarifs : 22€ / 14€ À partir de 7 ans, savoir nager, chaque enfant doit être accompagné d'un adulte. Réservation au 05 55 84 73 54 (Base Sports Loisirs de la Vézère)
Lieu: Voutezac, saillant, voutezac
Date de début: 2026-07-24 14:00:00
Date de fin: 2026-08-07 17:00:00
Catégories: canoë, été, vacances, saillant, voutezac, sport, loisirs, patrimoine, pays d'art et d'histoire, réservation, enfant, famille, eau, 2026, saint-viance"
60816466,Cluedo géant - Étang de Lachamp - Saint-Germain-les-Vergnes,Cluedo géant - Étang de Lachamp - Saint-Germain-les-Vergnes,"Qui a éventré la digue de l'étang ? Cette enquête policière vous fait découvrir l'histoire de ce site patrimonial naturel. Venez participer à une enquête grandeur nature ! Dans le cadre de l'opération "" La Corrèze en famille "". Chaque enfant doit être accompagné d'un adulte. Les animations durent 1h30 environ. Vendredis 10 juillet et 7 août à 15h Rdv à l'étang de Lachamp Tarifs : 6€ / 4€ / gratuit En partenariat avec l'OT des Contrées Vertes et Tuberculture Réservation 05 55 26 59 61 (OT des Contrées Vertes)",Favars,"étang de lachamp, vergnes",Nouvelle-Aquitaine,2026-07-10 15:00:00,2026-08-07 17:00:00,"jeu, enigme, été, vacances, correze, patrimoine, animation, famille, gratuit, pays d'art et d'histoire, vezere ardoise, cluedo, histoire, activités, enfants, été 2026, corrèze en famille, office de tourisme de Contrées vertes, tuberculture, festival aux champs",https://openagenda.com/animations-estivales-2026-pays-dart-et-dhistoire-vezere-ardoise/events/cluedo-geant-etang-de-lachamp-saint-germain-les-vergnes,"Titre: Cluedo géant - Étang de Lachamp - Saint-Germain-les-Vergnes
Description: Cluedo géant - Étang de Lachamp - Saint-Germain-les-Vergnes
Détails: Qui a éventré la digue de l'étang ? Cette enquête policière vous fait découvrir l'histoire de ce site patrimonial naturel. Venez participer à une enquête grandeur nature ! Dans le cadre de l'opération "" La Corrèze en famille "". Chaque enfant doit être accompagné d'un adulte. Les animations durent 1h30 environ. Vendredis 10 juillet et 7 août à 15h Rdv à l'étang de Lachamp Tarifs : 6€ / 4€ / gratuit En partenariat avec l'OT des Contrées Vertes et Tuberculture Réservation 05 55 26 59 61 (OT des Contrées Vertes)
Lieu: Favars, étang de lachamp, vergnes
Date de début: 2026-07-10 15:00:00
Date de fin: 2026-08-07 17:00:00
Catégories: jeu, enigme, été, vacances, correze, patrimoine, animation, famille, gratuit, pays d'art et d'histoire, vezere ardoise, cluedo, histoire, activités, enfants, été 2026, corrèze en famille, office de tourisme de Contrées vertes, tuberculture, festival aux champs"
51455380,⚔️ INITIATION AU SABRE CORÉEN - PORTES OUVERTES,"⚔️ Découvrez le Sabre Coréen 🇰🇷 Un art martial noble, fluide et puissant. Maîtrise du corps, de l’esprit… et de la lame. Rejoignez-nous et vivez l’expérience du Haidong Gumdo !","Le Sabre Coréen : Une Voie de Discipline, d’Harmonie et de Puissance 🇰🇷 Une tradition martiale méconnue mais fascinante Le sabre coréen, ou Haidong Gumdo (해동검도), est l’un des joyaux cachés des arts martiaux asiatiques. Il incarne une richesse technique et philosophique unique. Héritier des traditions guerrières des Hwarang et des armées royales de la Corée ancienne, le sabre coréen allie fluidité, précision et puissance dans un cadre profondément respectueux et spirituel.",Saint-Jean-de-Braye,"174, Rue Jean Zay - 45800 Saint-Jean-de-Baye",Centre-Val de Loire,2026-08-19 18:00:00,2026-08-28 19:30:00,"sabre coréen, haidonggumdo, art martial coreen, orleans, saintjeandebraye, initiation, decouverte sabre",https://openagenda.com/venez-decouvrir-le-sabre-coreen/events/initiation-au-sabre-coreen-portes-ouvertes,"Titre: ⚔️ INITIATION AU SABRE CORÉEN - PORTES OUVERTES
Description: ⚔️ Découvrez le Sabre Coréen 🇰🇷 Un art martial noble, fluide et puissant. Maîtrise du corps, de l’esprit… et de la lame. Rejoignez-nous et vivez l’expérience du Haidong Gumdo !
Détails: Le Sabre Coréen : Une Voie de Discipline, d’Harmonie et de Puissance 🇰🇷 Une tradition martiale méconnue mais fascinante Le sabre coréen, ou Haidong Gumdo (해동검도), est l’un des joyaux cachés des arts martiaux asiatiques. Il incarne une richesse technique et philosophique unique. Héritier des traditions guerrières des Hwarang et des armées royales de la Corée ancienne, le sabre coréen allie fluidité, précision et puissance dans un cadre profondément respectueux et spirituel.
Lieu: Saint-Jean-de-Braye, 174, Rue Jean Zay - 45800 Saint-Jean-de-Baye
Date de début: 2026-08-19 18:00:00
Date de fin: 2026-08-28 19:30:00
Catégories: sabre coréen, haidonggumdo, art martial coreen, orleans, saintjeandebraye, initiation, decouverte sabre"
73604670,Parfums d'Asie Cultures olfactives traditionnelles de la Chine à l’Inde,"En 2026, le Musée international de la Parfumerie invite ses visiteurs à une exploration inédite des cultures olfactives traditionnelles des civilisations asiatiques. Tout à la fois instruments de la …","En 2026, le Musée international de la Parfumerie invite ses visiteurs à une exploration inédite des cultures olfactives traditionnelles des civilisations asiatiques. Tout à la fois instruments primordiaux de la relation au sacré et attributs du pouvoir, stimulants de l’esprit et médecine du corps, agréments de la vie profane ou expression artistique à part entière, les senteurs sont omniprésentes dans les mondes asiatiques. De la Chine au Japon et jusqu’au monde indien, ces univers olfactifs singuliers s’appuient sur une communauté de matières, de formes et d’usages. Une multitude de matières olfactives, d’origine végétale ou animale, communes ou précieuses, ont été employées dans les mondes asiatiques, à des fins rituelles, cosmétiques, alimentaires ou médicinales. L’origine, locale ou lointaine, de ces matières permet aussi d’évoquer leurs circulations commerciales. L’exposition propose une sélection de ces matières, des plus courantes, comme les fleurs ou les épices, aux plus exceptionnelles, bois et résines précieux, et substances quasi-fantastiques, comme l’ambre-gris. Le cœur de l’exposition est dédié aux formes et aux usages des parfums en Asie. Un large panorama d’objets, de recettes et d’odeurs reconstituées permet d’appréhender les différentes formes et usages des matières parfumées dans les cultures asiatiques traditionnelles, leurs évolutions circulations et permanences de l’Antiquité à nos jours. Par cette évocation, nourrie de multiples dispositifs sensoriels et par une abondante iconographie, le Musée international de la Parfumerie de Grasse renoue avec sa portée universelle et sa volonté d’encourager le dialogue entre les cultures, à l’heure de la mondialisation de l’économie de la parfumerie. L’exposition Parfums d’Asie bénéficie de prêts exceptionnels du Musée national des Arts asiatiques – Guimet, du Musée Cernuschi, musée des Arts asiatiques de la Ville de Paris, du Musée des Arts Asiatiques de Nice, et de nombreuses institutions françaises et étrangères. Cette proposition s'inscrit dans le cadre de la valorisation des ""savoir-faire liés au parfum en Pays de Grasse"".",Grasse,"2 Boulevard du Jeu de Ballon, 06130 Grasse, France",Provence-Alpes-Côte d'Azur,2026-06-27 10:00:00,2027-01-03 18:00:00,,https://openagenda.com/pci-provence-alpes-cote-dazur/events/parfums-dasie-cultures-olfactives-traditionnelles-de-la-chine-a-linde,"Titre: Parfums d'Asie Cultures olfactives traditionnelles de la Chine à l’Inde
Description: En 2026, le Musée international de la Parfumerie invite ses visiteurs à une exploration inédite des cultures olfactives traditionnelles des civilisations asiatiques. Tout à la fois instruments de la …
Détails: En 2026, le Musée international de la Parfumerie invite ses visiteurs à une exploration inédite des cultures olfactives traditionnelles des civilisations asiatiques. Tout à la fois instruments primordiaux de la relation au sacré et attributs du pouvoir, stimulants de l’esprit et médecine du corps, agréments de la vie profane ou expression artistique à part entière, les senteurs sont omniprésentes dans les mondes asiatiques. De la Chine au Japon et jusqu’au monde indien, ces univers olfactifs singuliers s’appuient sur une communauté de matières, de formes et d’usages. Une multitude de matières olfactives, d’origine végétale ou animale, communes ou précieuses, ont été employées dans les mondes asiatiques, à des fins rituelles, cosmétiques, alimentaires ou médicinales. L’origine, locale ou lointaine, de ces matières permet aussi d’évoquer leurs circulations commerciales. L’exposition propose une sélection de ces matières, des plus courantes, comme les fleurs ou les épices, aux plus exceptionnelles, bois et résines précieux, et substances quasi-fantastiques, comme l’ambre-gris. Le cœur de l’exposition est dédié aux formes et aux usages des parfums en Asie. Un large panorama d’objets, de recettes et d’odeurs reconstituées permet d’appréhender les différentes formes et usages des matières parfumées dans les cultures asiatiques traditionnelles, leurs évolutions circulations et permanences de l’Antiquité à nos jours. Par cette évocation, nourrie de multiples dispositifs sensoriels et par une abondante iconographie, le Musée international de la Parfumerie de Grasse renoue avec sa portée universelle et sa volonté d’encourager le dialogue entre les cultures, à l’heure de la mondialisation de l’économie de la parfumerie. L’exposition Parfums d’Asie bénéficie de prêts exceptionnels du Musée national des Arts asiatiques – Guimet, du Musée Cernuschi, musée des Arts asiatiques de la Ville de Paris, du Musée des Arts Asiatiques de Nice, et de nombreuses institutions françaises et étrangères. Cette proposition s'inscrit dans le cadre de la valorisation des ""savoir-faire liés au parfum en Pays de Grasse"".
Lieu: Grasse, 2 Boulevard du Jeu de Ballon, 06130 Grasse, France
Date de début: 2026-06-27 10:00:00
Date de fin: 2027-01-03 18:00:00"
68112349,Voiles Latines Saint-Tropez 2026,'Les voiles Latines de Saint-Tropez' est un rassemblement de voiliers à gréément latin et autres grééments traditionnels.,"'Les voiles Latines de Saint-Tropez' est un rassemblement de voiliers à gréément latin et autres grééments traditionnels. Sur deux jours de manifestation, sont proposés aux participants des temps de navigation, de jeux sur l'eau, et de découvertes culturelles en lien avec la navigation (musée de la Citadelle, musée de l'Annonciade, conférences). A l'occasion de ce rassemblement, le tout public peut, au contact des équipages, membres de la STVT organisatrice (société tropézienne des voiliers de tradition) et autres associations partenaires présentes : \- découvrir l'histoire et l'intérêt de ces embarcations traditionnelles, \- découvrir les principes de navigation avec ces grééments singuliers \- monter à bord des embarcations, \- découvrir les métiers de charpenterie naval et de vannerie.",Saint-Tropez,Môle Jean Réveille,Provence-Alpes-Côte d'Azur,2026-06-05 13:00:00,2026-06-07 15:00:00,,https://openagenda.com/pci-provence-alpes-cote-dazur/events/voiles-latines-saint-tropez-2026,"Titre: Voiles Latines Saint-Tropez 2026
Description: 'Les voiles Latines de Saint-Tropez' est un rassemblement de voiliers à gréément latin et autres grééments traditionnels.
Détails: 'Les voiles Latines de Saint-Tropez' est un rassemblement de voiliers à gréément latin et autres grééments traditionnels. Sur deux jours de manifestation, sont proposés aux participants des temps de navigation, de jeux sur l'eau, et de découvertes culturelles en lien avec la navigation (musée de la Citadelle, musée de l'Annonciade, conférences). A l'occasion de ce rassemblement, le tout public peut, au contact des équipages, membres de la STVT organisatrice (société tropézienne des voiliers de tradition) et autres associations partenaires présentes : \- découvrir l'histoire et l'intérêt de ces embarcations traditionnelles, \- découvrir les principes de navigation avec ces grééments singuliers \- monter à bord des embarcations, \- découvrir les métiers de charpenterie naval et de vannerie.
Lieu: Saint-Tropez, Môle Jean Réveille
Date de début: 2026-06-05 13:00:00
Date de fin: 2026-06-07 15:00:00"
23045447,Journal d’un paysan,Journal d'un paysan de Jean-Noël Falcou primé Livre engagé pour la planète au Festival de Mouans-Sartoux est adapté au théâtre.,"Journal d'un paysan de Jean-Noël Falcou primé Livre engagé pour la planète au Festival de Mouans-Sartoux est adapté au théâtre. Pièce montée par Jean-Marc Luciano fils de cueilleurs de fleur d'oranger. Présentation de la pièce : Témoignage quotidien de la vie d'un paysan de notre région au rythme des saisons, le Théâtre du Cros met en scène ""Journal d'un paysan"" de Jean-Noël Falcou. Ce spectacle à l'odeur de terre, de fleur d'oranger, de rose et de lavande est une immersion dans un métier fondamental, devenu méconnu.",Mouans-Sartoux,"979 Chemin des Gourettes, 06370 Mouans-Sartoux",Provence-Alpes-Côte d'Azur,2026-06-06 18:00:00,2026-06-06 21:00:00,,https://openagenda.com/pci-provence-alpes-cote-dazur/events/journal-dun-paysan,"Titre: Journal d’un paysan
Description: Journal d'un paysan de Jean-Noël Falcou primé Livre engagé pour la planète au Festival de Mouans-Sartoux est adapté au théâtre.
Détails: Journal d'un paysan de Jean-Noël Falcou primé Livre engagé pour la planète au Festival de Mouans-Sartoux est adapté au théâtre. Pièce montée par Jean-Marc Luciano fils de cueilleurs de fleur d'oranger. Présentation de la pièce : Témoignage quotidien de la vie d'un paysan de notre région au rythme des saisons, le Théâtre du Cros met en scène ""Journal d'un paysan"" de Jean-Noël Falcou. Ce spectacle à l'odeur de terre, de fleur d'oranger, de rose et de lavande est une immersion dans un métier fondamental, devenu méconnu.
Lieu: Mouans-Sartoux, 979 Chemin des Gourettes, 06370 Mouans-Sartoux
Date de début: 2026-06-06 18:00:00
Date de fin: 2026-06-06 21:00:00"
38252972,Distillation de rose avec Jean-Noël Falcou,"Rendez-vous désormais incontournable, l’événement s’inscrit chaque année dans les chemins parfumés du Pays de Grasse, où transmission et savoir-faire se rencontrent.","Rendez-vous désormais incontournable, l’événement s’inscrit chaque année dans les chemins parfumés du Pays de Grasse, où transmission et savoir-faire se rencontrent. La démonstration de distillation de la rose menée par Jean Noël Falcou offre l’occasion d’assister en direct à l’extraction des précieuses essences florales, étape fondatrice de la parfumerie. Le public découvre les gestes précis, la maîtrise technique et la finesse d’un savoir-faire transmis depuis des générations, qui révèlent toute la beauté aromatique de la fleur emblématique de Grasse. Cette proposition s'inscrit dans la cadre de la valorisaiton des savoir-faire liés au parfum en Pays de Grasse.",Mouans-Sartoux,"979 Chemin des Gourettes, 06370 Mouans-Sartoux",Provence-Alpes-Côte d'Azur,2026-05-08 09:00:00,2026-05-09 18:00:00,,https://openagenda.com/pci-provence-alpes-cote-dazur/events/distillation-de-rose-avec-jean-noel-falcou,"Titre: Distillation de rose avec Jean-Noël Falcou
Description: Rendez-vous désormais incontournable, l’événement s’inscrit chaque année dans les chemins parfumés du Pays de Grasse, où transmission et savoir-faire se rencontrent.
Détails: Rendez-vous désormais incontournable, l’événement s’inscrit chaque année dans les chemins parfumés du Pays de Grasse, où transmission et savoir-faire se rencontrent. La démonstration de distillation de la rose menée par Jean Noël Falcou offre l’occasion d’assister en direct à l’extraction des précieuses essences florales, étape fondatrice de la parfumerie. Le public découvre les gestes précis, la maîtrise technique et la finesse d’un savoir-faire transmis depuis des générations, qui révèlent toute la beauté aromatique de la fleur emblématique de Grasse. Cette proposition s'inscrit dans la cadre de la valorisaiton des savoir-faire liés au parfum en Pays de Grasse.
Lieu: Mouans-Sartoux, 979 Chemin des Gourettes, 06370 Mouans-Sartoux
Date de début: 2026-05-08 09:00:00
Date de fin: 2026-05-09 18:00:00"
14037074,Les promesses de l’aube Concert-cueillette avec Merakhaazan,L’Association des Amis des Jardins du Musée International de la Parfumerie propose une expérience unique au lever du jour : une cueillette de roses suivie d’un concert intimiste.,"L’Association des Amis des Jardins du Musée International de la Parfumerie propose une expérience unique au lever du jour : une cueillette de roses suivie d’un concert intimiste. Au cœur des jardins du MIP, les participants cueilleront à la main la rose emblématique de la parfumerie provençale, dans la fraîcheur de l’aube, avant de s’installer en chaises longues pour un concert envoûtant de Merakhaazan, seul avec sa contrebasse et ses loopers. Un moment rare, entre lumière naissante, parfums et musique. Cette proposition s'inscrit dans le cadre des savoir-faire liés au parfum en Pays de Grasse",Mouans-Sartoux,"979 Chemin des Gourettes, 06370 Mouans-Sartoux",Provence-Alpes-Côte d'Azur,2026-05-09 06:30:00,2026-05-09 07:00:00,,https://openagenda.com/pci-provence-alpes-cote-dazur/events/les-promesses-de-laube-concert-cueillette-avec-merakhaazan,"Titre: Les promesses de l’aube Concert-cueillette avec Merakhaazan
Description: L’Association des Amis des Jardins du Musée International de la Parfumerie propose une expérience unique au lever du jour : une cueillette de roses suivie d’un concert intimiste.
Détails: L’Association des Amis des Jardins du Musée International de la Parfumerie propose une expérience unique au lever du jour : une cueillette de roses suivie d’un concert intimiste. Au cœur des jardins du MIP, les participants cueilleront à la main la rose emblématique de la parfumerie provençale, dans la fraîcheur de l’aube, avant de s’installer en chaises longues pour un concert envoûtant de Merakhaazan, seul avec sa contrebasse et ses loopers. Un moment rare, entre lumière naissante, parfums et musique. Cette proposition s'inscrit dans le cadre des savoir-faire liés au parfum en Pays de Grasse
Lieu: Mouans-Sartoux, 979 Chemin des Gourettes, 06370 Mouans-Sartoux
Date de début: 2026-05-09 06:30:00
Date de fin: 2026-05-09 07:00:00"
85942051,Savoir-faire liés parfum à l’honneur au Salon du Livre d’Histoire,"À l’occasion du Salon du Livre d’Histoire, la ville de Grasse met en lumière la dimension littéraire et artistique de savoir-faire liés au parfum, reconnus par l’UNESCO. Cette année, la transmission…","À l’occasion du Salon du Livre d’Histoire, la ville de Grasse met en lumière la dimension littéraire et artistique de savoir-faire liés au parfum, reconnus par l’UNESCO. Cette année, la transmission se vit à travers des rencontres privilégiées avec des auteurs qui font rayonner l’excellence de notre territoire au sein de l'espace dédicaces. Ainsi le public est invité à découvrir ce patrimoine vivant à travers les regards croisés de figures de la parfumerie tels que la Maison Fragonard et la Maison Robertet. La Maison Fragonard, célèbre dix décennies d'une quête d'excellence à travers l’ouvrage d'Anne Costa-Zammith et M. Alain Stella, Fragonard, Le parfumeur du bonheur. Depuis 1926, la Maison exalte la noblesse des matières premières naturelles et cultive avec passion les plantes emblématiques du Pays grassois, liant indissociablement création olfactive et patrimoine artistique. Quant à la Maison Robertet, c’est l’historienne de renom Élisabeth de Feydeau qui présentera Robertet : From Seed to Scent pour célébrer les 175 ans de leur savoir-faire. Véritable voyage des champs aux laboratoires, elle partagera également ses secrets à travers ses ouvrages cultes : Les Voluptueuses, son Dictionnaire amoureux du parfum et L’Herbier de Marie-Antoinette. Pour cette édition, le Salon privilégie le dialogue et l’échange au sein de l’espace « rencontres et dédicaces », en favorisant la proximité plutôt que des rendez-vous formels. Ainsi, ces moments privilégiés permettront au public d'échanger directement avec les auteurs pour mieux comprendre une filière d’exception qui, entre tradition et innovation, continue chaque jour d’écrire son histoire.",Grasse,06130 Grasse,Provence-Alpes-Côte d'Azur,2026-04-25 10:00:00,2026-04-26 17:00:00,,https://openagenda.com/pci-provence-alpes-cote-dazur/events/savoir-faire-lies-parfum-a-lhonneur-au-salon-du-livre-dhistoire,"Titre: Savoir-faire liés parfum à l’honneur au Salon du Livre d’Histoire
Description: À l’occasion du Salon du Livre d’Histoire, la ville de Grasse met en lumière la dimension littéraire et artistique de savoir-faire liés au parfum, reconnus par l’UNESCO. Cette année, la transmission…
Détails: À l’occasion du Salon du Livre d’Histoire, la ville de Grasse met en lumière la dimension littéraire et artistique de savoir-faire liés au parfum, reconnus par l’UNESCO. Cette année, la transmission se vit à travers des rencontres privilégiées avec des auteurs qui font rayonner l’excellence de notre territoire au sein de l'espace dédicaces. Ainsi le public est invité à découvrir ce patrimoine vivant à travers les regards croisés de figures de la parfumerie tels que la Maison Fragonard et la Maison Robertet. La Maison Fragonard, célèbre dix décennies d'une quête d'excellence à travers l’ouvrage d'Anne Costa-Zammith et M. Alain Stella, Fragonard, Le parfumeur du bonheur. Depuis 1926, la Maison exalte la noblesse des matières premières naturelles et cultive avec passion les plantes emblématiques du Pays grassois, liant indissociablement création olfactive et patrimoine artistique. Quant à la Maison Robertet, c’est l’historienne de renom Élisabeth de Feydeau qui présentera Robertet : From Seed to Scent pour célébrer les 175 ans de leur savoir-faire. Véritable voyage des champs aux laboratoires, elle partagera également ses secrets à travers ses ouvrages cultes : Les Voluptueuses, son Dictionnaire amoureux du parfum et L’Herbier de Marie-Antoinette. Pour cette édition, le Salon privilégie le dialogue et l’échange au sein de l’espace « rencontres et dédicaces », en favorisant la proximité plutôt que des rendez-vous formels. Ainsi, ces moments privilégiés permettront au public d'échanger directement avec les auteurs pour mieux comprendre une filière d’exception qui, entre tradition et innovation, continue chaque jour d’écrire son histoire.
Lieu: Grasse, 06130 Grasse
Date de début: 2026-04-25 10:00:00
Date de fin: 2026-04-26 17:00:00"
99147732,Festival du Film « Pastoralisme d’aujourd’hui et de demain »,"Coorganisé par Estivalp, la fédération des groupements pastoraux des Alpes-de-Haute-Provence, le CERPAM, la Maison de la Transhumance et le Ciné Toiles, le Festival du film est un rendez-vous pour du…","Coorganisé par Estivalp, la fédération des groupements pastoraux des Alpes-de-Haute-Provence, le CERPAM, la Maison de la Transhumance et le Ciné Toiles, le Festival du film est un rendez-vous incontournable pour les acteurs du pastoralisme. Les éleveurs de Provence-Alpes-Côte d’Azur invitent à découvrir la culture pastorale. Depuis sa création en 2019, le Festival a pour ambition d’échanger avec les habitants d’un territoire fortement marqué par l’élevage pastoral et transhumant. Il tend aussi à s’ouvrir sur les différentes pratiques de la transhumance à travers le monde.",Digne-les-Bains,"Av. François Cuzin, 04000 Digne-les-Bains",Provence-Alpes-Côte d'Azur,2026-04-24 20:00:00,2026-04-25 22:30:00,,https://openagenda.com/pci-provence-alpes-cote-dazur/events/festival-du-film-pastoralisme-daujourdhui-et-de-demain-136255,"Titre: Festival du Film « Pastoralisme d’aujourd’hui et de demain »
Description: Coorganisé par Estivalp, la fédération des groupements pastoraux des Alpes-de-Haute-Provence, le CERPAM, la Maison de la Transhumance et le Ciné Toiles, le Festival du film est un rendez-vous pour du…
Détails: Coorganisé par Estivalp, la fédération des groupements pastoraux des Alpes-de-Haute-Provence, le CERPAM, la Maison de la Transhumance et le Ciné Toiles, le Festival du film est un rendez-vous incontournable pour les acteurs du pastoralisme. Les éleveurs de Provence-Alpes-Côte d’Azur invitent à découvrir la culture pastorale. Depuis sa création en 2019, le Festival a pour ambition d’échanger avec les habitants d’un territoire fortement marqué par l’élevage pastoral et transhumant. Il tend aussi à s’ouvrir sur les différentes pratiques de la transhumance à travers le monde.
Lieu: Digne-les-Bains, Av. François Cuzin, 04000 Digne-les-Bains
Date de début: 2026-04-24 20:00:00
Date de fin: 2026-04-25 22:30:00"
55003036,LA TRANSHUMANCE AU PATRIMOINE CULTUREL IMMATÉRIEL DE L’HUMANITÉ : UN ÉLAN POUR L’AVENIR ?,"Le Colloque international ""LA TRANSHUMANCE AU PATRIMOINE CULTUREL IMMATÉRIEL DE L’HUMANITÉ : UN ÉLAN POUR L’AVENIR ?"" aura lieu du 21 au 23 avril 2026 au Mucem.","Le Colloque international ""LA TRANSHUMANCE AU PATRIMOINE CULTUREL IMMATÉRIEL DE L’HUMANITÉ : UN ÉLAN POUR L’AVENIR ?"" aura lieu du 21 au 23 avril 2026 au Mucem. Il bénéficie du patronage de la Commission nationale française pour l'UNESCO. Cet événement est organisé par la Maison de la transhumance, en partenariat avec le CORAM, l’Association Française de Pastoralisme et le ministère de la Culture, dans le cadre de son inscription récente par l’UNESCO au patrimoine culturel immatériel de l’humanité. Ce colloque a pour objectif de faire un premier point sur l’avancée des plans de sauvegarde et de valorisation de la transhumance dans les différents pays engagés dans la démarche d’inscription, ainsi que de partager des expériences sur les sujets d’avenir de la pratique : formation au métier de berger, adaptation au nouveau contexte socio-économique et environnemental, gestion en biens communs, valorisation des produits issus de l’élevage transhumant, partage de l’espace et médiation culturelle. Il réunira principalement des représentants des professionnels de la culture, de l’élevage (éleveurs, bergers) et des animateurs des plans de sauvegarde et de valorisation de la transhumance. Il rassemblera essentiellement des délégations des 10 pays inscrits (Albanie, Andorre, Autriche, Croatie, Espagne, France, Grèce, Italie, Luxembourg, Roumanie), des six pays actuellement candidats (Bulgarie, Pologne, Serbie, Slovaquie, Turquie, Ukraine) ainsi que des pays de la rive Sud de la Méditerranée. Une proposition sera faite pour que cette première rencontre soit le point de départ d’un rendez-vous biennal, organisé successivement dans les différents pays inscrits, afin de permettre le renouvellement et l’enrichissement des échanges, et participer ainsi à l’avenir de la pratique de la transhumance. Traduction français - anglais assurée sur les 3 journées. La participation au colloque est soumise à des frais d'inscription comprenant les repas du midi, la traduction et les déplacements de la journée de visite.",Marseille,"Promenade robert laffont, 13002 Marseille, France",Provence-Alpes-Côte d'Azur,2026-04-21 09:00:00,2026-04-23 16:30:00,,https://openagenda.com/pci-provence-alpes-cote-dazur/events/la-transhumance-au-patrimoine-culturel-immateriel-de-lhumanite-un-elan-pour-lavenir,"Titre: LA TRANSHUMANCE AU PATRIMOINE CULTUREL IMMATÉRIEL DE L’HUMANITÉ : UN ÉLAN POUR L’AVENIR ?
Description: Le Colloque international ""LA TRANSHUMANCE AU PATRIMOINE CULTUREL IMMATÉRIEL DE L’HUMANITÉ : UN ÉLAN POUR L’AVENIR ?"" aura lieu du 21 au 23 avril 2026 au Mucem.
Détails: Le Colloque international ""LA TRANSHUMANCE AU PATRIMOINE CULTUREL IMMATÉRIEL DE L’HUMANITÉ : UN ÉLAN POUR L’AVENIR ?"" aura lieu du 21 au 23 avril 2026 au Mucem. Il bénéficie du patronage de la Commission nationale française pour l'UNESCO. Cet événement est organisé par la Maison de la transhumance, en partenariat avec le CORAM, l’Association Française de Pastoralisme et le ministère de la Culture, dans le cadre de son inscription récente par l’UNESCO au patrimoine culturel immatériel de l’humanité. Ce colloque a pour objectif de faire un premier point sur l’avancée des plans de sauvegarde et de valorisation de la transhumance dans les différents pays engagés dans la démarche d’inscription, ainsi que de partager des expériences sur les sujets d’avenir de la pratique : formation au métier de berger, adaptation au nouveau contexte socio-économique et environnemental, gestion en biens communs, valorisation des produits issus de l’élevage transhumant, partage de l’espace et médiation culturelle. Il réunira principalement des représentants des professionnels de la culture, de l’élevage (éleveurs, bergers) et des animateurs des plans de sauvegarde et de valorisation de la transhumance. Il rassemblera essentiellement des délégations des 10 pays inscrits (Albanie, Andorre, Autriche, Croatie, Espagne, France, Grèce, Italie, Luxembourg, Roumanie), des six pays actuellement candidats (Bulgarie, Pologne, Serbie, Slovaquie, Turquie, Ukraine) ainsi que des pays de la rive Sud de la Méditerranée. Une proposition sera faite pour que cette première rencontre soit le point de départ d’un rendez-vous biennal, organisé successivement dans les différents pays inscrits, afin de permettre le renouvellement et l’enrichissement des échanges, et participer ainsi à l’avenir de la pratique de la transhumance. Traduction français - anglais assurée sur les 3 journées. La participation au colloque est soumise à des frais d'inscription comprenant les repas du midi, la traduction et les déplacements de la journée de visite.
Lieu: Marseille, Promenade robert laffont, 13002 Marseille, France
Date de début: 2026-04-21 09:00:00
Date de fin: 2026-04-23 16:30:00"
41931246,Révélez les usines à parfum,Ce parcours permet d’évoquer l’histoire de cette activité dont Grasse est la capitale mondiale et d’identifier les lieux de production de l’industrie de la parfumerie. Découvrez la vie du monde et …,"Ce parcours permet d’évoquer l’histoire de cette activité dont Grasse est la capitale mondiale et d’identifier les lieux de production de l’industrie de la parfumerie. Découvrez la vie du monde ouvrier et les techniques d’extraction des odeurs. Visite en extérieur uniquement. Cette proposition s'inscrit dans la cadre de la valorisation des ""savoir-faire liés au parfum en Pays de Grasse"".",Grasse,22 rue de l'oratoire 06130 Grasse,Provence-Alpes-Côte d'Azur,2026-04-16 11:00:00,2026-04-16 12:30:00,,https://openagenda.com/pci-provence-alpes-cote-dazur/events/revelez-les-usines-a-parfum-4096315,"Titre: Révélez les usines à parfum
Description: Ce parcours permet d’évoquer l’histoire de cette activité dont Grasse est la capitale mondiale et d’identifier les lieux de production de l’industrie de la parfumerie. Découvrez la vie du monde et …
Détails: Ce parcours permet d’évoquer l’histoire de cette activité dont Grasse est la capitale mondiale et d’identifier les lieux de production de l’industrie de la parfumerie. Découvrez la vie du monde ouvrier et les techniques d’extraction des odeurs. Visite en extérieur uniquement. Cette proposition s'inscrit dans la cadre de la valorisation des ""savoir-faire liés au parfum en Pays de Grasse"".
Lieu: Grasse, 22 rue de l'oratoire 06130 Grasse
Date de début: 2026-04-16 11:00:00
Date de fin: 2026-04-16 12:30:00"
21062792,Exposition de châles cachemire,"Pour ses 25 ans, La Maison du Boutis habille ses jupons de châles cachemire.","Pour ses 25 ans, La Maison du Boutis habille ses jupons de châles cachemire. La visite guidée de la collection de pièces au boutis et de piqué marseillais est aussi possible. Pour les visites de groupe, merci de nous contacter au 0466016375.",Calvisson,"9, Place du Général de Gaulle, 30420 Calvisson",Occitanie,2025-10-16 14:30:00,2026-04-11 18:00:00,,https://openagenda.com/pci-occitanie/events/exposition-de-chales-cachemire,"Titre: Exposition de châles cachemire
Description: Pour ses 25 ans, La Maison du Boutis habille ses jupons de châles cachemire.
Détails: Pour ses 25 ans, La Maison du Boutis habille ses jupons de châles cachemire. La visite guidée de la collection de pièces au boutis et de piqué marseillais est aussi possible. Pour les visites de groupe, merci de nous contacter au 0466016375.
Lieu: Calvisson, 9, Place du Général de Gaulle, 30420 Calvisson
Date de début: 2025-10-16 14:30:00
Date de fin: 2026-04-11 18:00:00"
15148647,Expostion sur Nice son histoire et sa cuisine,"La cuisine niçoise dans l’exposition « Nice, son passé a de l’avenir » - Villa Masséna, Musée d’Art et d’Histoire de Nice","La cuisine niçoise dans l’exposition « Nice, son passé a de l’avenir » - Villa Masséna, Musée d’Art et d’Histoire de Nice ------------------------------------------------------------------------------------------------------------------------- Le Musée Masséna consacre son exposition 2025-2026 à la riche tradition niçoise, et il était indispensable d’y intégrer la cuisine nissarde, reflet vivant d’une mémoire gustative toujours partagée. Classées depuis 2019 à l’inventaire du patrimoine culturel immatériel de la France, les pratiques culinaires du pays niçois affirment que la cuisine est un art de transmission autant qu’un plaisir du quotidien. Une série de vidéos réalisées dans des restaurants labellisés “Cuisine Nissarde” dévoilent les gestes ancestraux et les recettes emblématiques, directement du feu de la cuisine à l’assiette : • Pan bagnat - Socca du Cours • Beignets de fleurs de courgettes - Lou Balico • Petits farcis - La Table Alziari • Tourte de blettes - Chez Achiardo • Soupe au pistou - La Table à Julie • Trucha (dans l’assiette niçoise) - La Gaité Nallino • Socca - Chez Thérésa • Daube / Gnocchi - Le Tchitchou Ces films ne sont pas de simples démonstrations culinaires : ils traduisent le lien intime entre une recette, un terroir et un geste transmis, génération après génération. Ils montrent comment le patrimoine gastronomique, issu de la mer comme de la montagne, continue de s’incarner aujourd’hui dans les cuisines niçoises. La présence de la cuisine dans l’exposition n’est pas accessoire : elle se place au cœur du récit de transmission. Entre chaque saison, elle rappelle que tout patrimoine, matériel ou immatériel, trouve sa force dans le partage, la pratique et l’authenticité quotidienne.",Nice,"65 rue de France, 06000 Nice, France",Provence-Alpes-Côte d'Azur,2025-10-22 09:00:00,2026-03-01 17:00:00,,https://openagenda.com/pci-provence-alpes-cote-dazur/events/expostion-sur-nice-son-histoire-et-sa-cuisine,"Titre: Expostion sur Nice son histoire et sa cuisine
Description: La cuisine niçoise dans l’exposition « Nice, son passé a de l’avenir » - Villa Masséna, Musée d’Art et d’Histoire de Nice
Détails: La cuisine niçoise dans l’exposition « Nice, son passé a de l’avenir » - Villa Masséna, Musée d’Art et d’Histoire de Nice ------------------------------------------------------------------------------------------------------------------------- Le Musée Masséna consacre son exposition 2025-2026 à la riche tradition niçoise, et il était indispensable d’y intégrer la cuisine nissarde, reflet vivant d’une mémoire gustative toujours partagée. Classées depuis 2019 à l’inventaire du patrimoine culturel immatériel de la France, les pratiques culinaires du pays niçois affirment que la cuisine est un art de transmission autant qu’un plaisir du quotidien. Une série de vidéos réalisées dans des restaurants labellisés “Cuisine Nissarde” dévoilent les gestes ancestraux et les recettes emblématiques, directement du feu de la cuisine à l’assiette : • Pan bagnat - Socca du Cours • Beignets de fleurs de courgettes - Lou Balico • Petits farcis - La Table Alziari • Tourte de blettes - Chez Achiardo • Soupe au pistou - La Table à Julie • Trucha (dans l’assiette niçoise) - La Gaité Nallino • Socca - Chez Thérésa • Daube / Gnocchi - Le Tchitchou Ces films ne sont pas de simples démonstrations culinaires : ils traduisent le lien intime entre une recette, un terroir et un geste transmis, génération après génération. Ils montrent comment le patrimoine gastronomique, issu de la mer comme de la montagne, continue de s’incarner aujourd’hui dans les cuisines niçoises. La présence de la cuisine dans l’exposition n’est pas accessoire : elle se place au cœur du récit de transmission. Entre chaque saison, elle rappelle que tout patrimoine, matériel ou immatériel, trouve sa force dans le partage, la pratique et l’authenticité quotidienne.
Lieu: Nice, 65 rue de France, 06000 Nice, France
Date de début: 2025-10-22 09:00:00
Date de fin: 2026-03-01 17:00:00"
59292961,RÉVÉLEZ LES USINES A PARFUM !,Ce parcours permet d’évoquer l’histoire de cette activité dont Grasse est la capitale mondiale et d’identifier les lieux de production de l’industrie de la parfumerie. Découvrez la vie du monde et un…,"Ce parcours permet d’évoquer l’histoire de cette activité dont Grasse est la capitale mondiale et d’identifier les lieux de production de l’industrie de la parfumerie. Découvrez la vie du monde ouvrier et les techniques d’extraction des odeurs avce un guide conférencier Grasse, Ville d’art et d’histoire. Visite en extérieur uniquement. RDV Maison du Patrimoine, 22 rue de l’Oratoire. Renseignements et réservations par téléphone au 04 97 05 58 70 ou par mail à [reservations.vah@ville-grasse.fr](mailto:reservations.vah@ville-grasse.fr) Tarifs : 6 € par adulte, 3€ étudiant jusqu’à 26 ans, habitant de la Communauté d’Agglomération du Pays de Grasse (sur justificatif), demandeur d’emploi : 3 €, gratuit enfant de moins de 12 ans et détenteur de la Côte d’Azur Card. Cette proposition s'inscrit dans le cadre de la reconnaissance des ""savoir-faire liés au parfum en Pays de Grasse"".",Grasse,22 rue de l'oratoire 06130 Grasse,Provence-Alpes-Côte d'Azur,2026-02-19 11:00:00,2026-02-19 12:30:00,,https://openagenda.com/pci-provence-alpes-cote-dazur/events/revelez-les-usines-a-parfum-169913,"Titre: RÉVÉLEZ LES USINES A PARFUM !
Description: Ce parcours permet d’évoquer l’histoire de cette activité dont Grasse est la capitale mondiale et d’identifier les lieux de production de l’industrie de la parfumerie. Découvrez la vie du monde et un…
Détails: Ce parcours permet d’évoquer l’histoire de cette activité dont Grasse est la capitale mondiale et d’identifier les lieux de production de l’industrie de la parfumerie. Découvrez la vie du monde ouvrier et les techniques d’extraction des odeurs avce un guide conférencier Grasse, Ville d’art et d’histoire. Visite en extérieur uniquement. RDV Maison du Patrimoine, 22 rue de l’Oratoire. Renseignements et réservations par téléphone au 04 97 05 58 70 ou par mail à [reservations.vah@ville-grasse.fr](mailto:reservations.vah@ville-grasse.fr) Tarifs : 6 € par adulte, 3€ étudiant jusqu’à 26 ans, habitant de la Communauté d’Agglomération du Pays de Grasse (sur justificatif), demandeur d’emploi : 3 €, gratuit enfant de moins de 12 ans et détenteur de la Côte d’Azur Card. Cette proposition s'inscrit dans le cadre de la reconnaissance des ""savoir-faire liés au parfum en Pays de Grasse"".
Lieu: Grasse, 22 rue de l'oratoire 06130 Grasse
Date de début: 2026-02-19 11:00:00
Date de fin: 2026-02-19 12:30:00"
4680772,"Exposition ""Marseille et la mer""","Exposition réunissant des objets du patrimoine marseillais du Musée de Chateau-Gombert, de l'escolo de le mar, des barquettes marseillaises, d'alargo mazargo, de trésors patrimoine étoffes à . au de…","Exposition réunissant des objets du patrimoine marseillais du Musée de Chateau-Gombert, de l'escolo de le mar, des barquettes marseillaises, d'alargo mazargo, de trésors patrimoine étoffes à Marseille . L'exposition au chateau de la Buzine commence le 20 septembre 2025 et se termine le 10 janvier 2026. Elle s'accompagne d'un riche programme événementiel : * 20 septembre 2025 10h-18h : conférence inaugurale et danses * 18 octobre 2025 14h-18h : conférence et rencontre de chorales en langue provençale * 19 octobre 2025 14h-18h : conférence et musiques * 16 novembre 2025 14h-18h : conférence et présentation de costumes * 14 décembre 2025 10h-18h : conférence et matelotage, barquettes * 10 janvier 2026 10-18h : extraits de pastorales, danses, musiques.",Marseille,56 traverse de la buzine 13011 Marseille,Provence-Alpes-Côte d'Azur,2025-09-20 10:00:00,2026-01-24 18:00:00,,https://openagenda.com/pci-provence-alpes-cote-dazur/events/exposition-marseille-et-la-mer,"Titre: Exposition ""Marseille et la mer""
Description: Exposition réunissant des objets du patrimoine marseillais du Musée de Chateau-Gombert, de l'escolo de le mar, des barquettes marseillaises, d'alargo mazargo, de trésors patrimoine étoffes à . au de…
Détails: Exposition réunissant des objets du patrimoine marseillais du Musée de Chateau-Gombert, de l'escolo de le mar, des barquettes marseillaises, d'alargo mazargo, de trésors patrimoine étoffes à Marseille . L'exposition au chateau de la Buzine commence le 20 septembre 2025 et se termine le 10 janvier 2026. Elle s'accompagne d'un riche programme événementiel : * 20 septembre 2025 10h-18h : conférence inaugurale et danses * 18 octobre 2025 14h-18h : conférence et rencontre de chorales en langue provençale * 19 octobre 2025 14h-18h : conférence et musiques * 16 novembre 2025 14h-18h : conférence et présentation de costumes * 14 décembre 2025 10h-18h : conférence et matelotage, barquettes * 10 janvier 2026 10-18h : extraits de pastorales, danses, musiques.
Lieu: Marseille, 56 traverse de la buzine 13011 Marseille
Date de début: 2025-09-20 10:00:00
Date de fin: 2026-01-24 18:00:00"
23063996,Les jeudis du MIP - Rencontre autour du monde du parfum,"L'association des amis pour le rayonnement du Musée Internation de la parfumerie invite Céline Ellena, parfumeur créateur indépendante et Claire Lonvaud, fondatrice de Passion Nez à Grasse, et toutes…","L'association des amis pour le rayonnement du Musée Internation de la parfumerie invite Céline Ellena, parfumeur créateur indépendante et Claire Lonvaud, fondatrice de Passion Nez à Grasse, et toutes deux co-présidentes, pour un temps d'échange passionné et passionnant sur le dialogue naturel-synthèse.",Grasse,"2 Boulevard du Jeu de Ballon, 06130 Grasse, France",Provence-Alpes-Côte d'Azur,2026-01-22 18:00:00,2026-01-22 20:00:00,,https://openagenda.com/pci-provence-alpes-cote-dazur/events/les-jeudis-du-mip-rencontre-autour-du-monde-du-parfum,"Titre: Les jeudis du MIP - Rencontre autour du monde du parfum
Description: L'association des amis pour le rayonnement du Musée Internation de la parfumerie invite Céline Ellena, parfumeur créateur indépendante et Claire Lonvaud, fondatrice de Passion Nez à Grasse, et toutes…
Détails: L'association des amis pour le rayonnement du Musée Internation de la parfumerie invite Céline Ellena, parfumeur créateur indépendante et Claire Lonvaud, fondatrice de Passion Nez à Grasse, et toutes deux co-présidentes, pour un temps d'échange passionné et passionnant sur le dialogue naturel-synthèse.
Lieu: Grasse, 2 Boulevard du Jeu de Ballon, 06130 Grasse, France
Date de début: 2026-01-22 18:00:00
Date de fin: 2026-01-22 20:00:00"
90564751,Spectacle - Le dernier parfum,Le pouvoir du parfum : le monologue puissant d'une grande actrice sociétaire de la Comédie Française qui porte un parfum différent pour chaque rôle qu'elle incarne. Le jour où un laboratoire médicale…,"Le pouvoir du parfum : le monologue puissant d'une grande actrice sociétaire de la Comédie Française qui porte un parfum différent pour chaque rôle qu'elle incarne. Le jour où un laboratoire d'analyse médicale lui annonce qu'elle est condamnée, qu'elle parfum va-t-elle porter pour son dernier rôle ? * Texte, mise en scène Bénédicte Nécaille * Interprétation Véronique Vella, Sociétaire de la Comédie-Française * Scénographie, lumière Ivan Morane Un spectacle faisant écho à la reconnaissance des ""savoir-faire liés au parfum en Pays de Grasse"". Dès 12 ans. Plus d'informations : [https://www.theatredegrasse.com/la-saison/theatre/le-dernier-parfum-2526](https://www.theatredegrasse.com/la-saison/theatre/le-dernier-parfum-2526)",Grasse,Grasse,Provence-Alpes-Côte d'Azur,2026-01-08 20:00:00,2026-01-09 21:30:00,,https://openagenda.com/pci-provence-alpes-cote-dazur/events/spectacle-le-dernier-parfum,"Titre: Spectacle - Le dernier parfum
Description: Le pouvoir du parfum : le monologue puissant d'une grande actrice sociétaire de la Comédie Française qui porte un parfum différent pour chaque rôle qu'elle incarne. Le jour où un laboratoire médicale…
Détails: Le pouvoir du parfum : le monologue puissant d'une grande actrice sociétaire de la Comédie Française qui porte un parfum différent pour chaque rôle qu'elle incarne. Le jour où un laboratoire d'analyse médicale lui annonce qu'elle est condamnée, qu'elle parfum va-t-elle porter pour son dernier rôle ? * Texte, mise en scène Bénédicte Nécaille * Interprétation Véronique Vella, Sociétaire de la Comédie-Française * Scénographie, lumière Ivan Morane Un spectacle faisant écho à la reconnaissance des ""savoir-faire liés au parfum en Pays de Grasse"". Dès 12 ans. Plus d'informations : [https://www.theatredegrasse.com/la-saison/theatre/le-dernier-parfum-2526](https://www.theatredegrasse.com/la-saison/theatre/le-dernier-parfum-2526)
Lieu: Grasse, Grasse
Date de début: 2026-01-08 20:00:00
Date de fin: 2026-01-09 21:30:00"
5219457,Vinospirit Expériences,"Seul lieu en région Sud Provence-Alpes-Côte d’Azur et l’un des rares lieux en France où cohabitent production de vins et de spiritueux, VinoSpirit Expériences est structuré autour de plusieurs et : …","Seul lieu en région Sud Provence-Alpes-Côte d’Azur et l’un des rares lieux en France où cohabitent production de vins et de spiritueux, VinoSpirit Expériences est structuré autour de plusieurs espaces interactifs, ludiques et pédagogiques : le P’tit jardin du liquoriste, la distillerie, la cave de vinification, d'une part, les Vinoscénies et les LiquoStories d'autre part. Cette nouvelle offre propose une immersion dans un domaine familial et artisanal, qui a su franchir les siècles et sublimer la richesse qui fait ce territoire. VINOSPIRIT EXPÉRIENCES : CINQ ESPACES À DÉCOUVRIR INDÉPENDAMMENT Accessible à tous - petits et grands, initiés ou non-initiés, en couple ou entre amis - VinoSpirit Expériences plonge dès son arrivée les visiteurs dans un espace intemporel où les nectars de Provence sont omniprésents. En visite libre ou en visite guidée chacun peut, selon ses goûts et son temps disponible, trouver la formule qui lui est la plus adaptée. « Nous avons voulu ouvrir au plus grand nombre notre domaine afin de partager nos passions. Cette offre répond à un désir de faire vivre une véritable expérience aux visiteurs, en les plaçant en tant qu’acteurs et plus seulement spectateurs. Six mois de travaux ont été nécessaires pour transformer le lieu et donner naissance à un concept qui nous ressemble, avec plusieurs espaces qui proposent une offre globale et diversifiée de l’univers du monde des vins et des spiritueux. Parmi eux, les Vinoscénies situées dans la cave souterraine du Château. Elles offrent un voyage audiovisuel dans le temps de Jules César à aujourd’hui, à la rencontre de l’histoire de la Provence, de la vie d’un prieuré viticole et d’une famille à travers les siècles. Autre temps fort les LiquoStories, un musée interactif où les cinq sens sont sollicités. Cet ensemble d’une superficie de 200 m2, a été entièrement remodelé à cet effet et se structure autour d’une dizaine de cabinets de curiosité représentant les grandes familles de spiritueux. » Découverte d’un terroir, de savoir-faire et de secrets transmis de génération en génération, d’une culture…. VinoSpirit Expériences vous plonge dans des univers qui regorgent de senteurs, de saveurs, d’anecdotes, avec en prime la magie des rencontres humaines.",Taradeau,614 route des Arcs 83460 Taradeau,Provence-Alpes-Côte d'Azur,2025-04-07 10:00:00,2025-12-31 18:00:00,,https://openagenda.com/pci-provence-alpes-cote-dazur/events/vinospirit-experiences-6195339,"Titre: Vinospirit Expériences
Description: Seul lieu en région Sud Provence-Alpes-Côte d’Azur et l’un des rares lieux en France où cohabitent production de vins et de spiritueux, VinoSpirit Expériences est structuré autour de plusieurs et : …
Détails: Seul lieu en région Sud Provence-Alpes-Côte d’Azur et l’un des rares lieux en France où cohabitent production de vins et de spiritueux, VinoSpirit Expériences est structuré autour de plusieurs espaces interactifs, ludiques et pédagogiques : le P’tit jardin du liquoriste, la distillerie, la cave de vinification, d'une part, les Vinoscénies et les LiquoStories d'autre part. Cette nouvelle offre propose une immersion dans un domaine familial et artisanal, qui a su franchir les siècles et sublimer la richesse qui fait ce territoire. VINOSPIRIT EXPÉRIENCES : CINQ ESPACES À DÉCOUVRIR INDÉPENDAMMENT Accessible à tous - petits et grands, initiés ou non-initiés, en couple ou entre amis - VinoSpirit Expériences plonge dès son arrivée les visiteurs dans un espace intemporel où les nectars de Provence sont omniprésents. En visite libre ou en visite guidée chacun peut, selon ses goûts et son temps disponible, trouver la formule qui lui est la plus adaptée. « Nous avons voulu ouvrir au plus grand nombre notre domaine afin de partager nos passions. Cette offre répond à un désir de faire vivre une véritable expérience aux visiteurs, en les plaçant en tant qu’acteurs et plus seulement spectateurs. Six mois de travaux ont été nécessaires pour transformer le lieu et donner naissance à un concept qui nous ressemble, avec plusieurs espaces qui proposent une offre globale et diversifiée de l’univers du monde des vins et des spiritueux. Parmi eux, les Vinoscénies situées dans la cave souterraine du Château. Elles offrent un voyage audiovisuel dans le temps de Jules César à aujourd’hui, à la rencontre de l’histoire de la Provence, de la vie d’un prieuré viticole et d’une famille à travers les siècles. Autre temps fort les LiquoStories, un musée interactif où les cinq sens sont sollicités. Cet ensemble d’une superficie de 200 m2, a été entièrement remodelé à cet effet et se structure autour d’une dizaine de cabinets de curiosité représentant les grandes familles de spiritueux. » Découverte d’un terroir, de savoir-faire et de secrets transmis de génération en génération, d’une culture…. VinoSpirit Expériences vous plonge dans des univers qui regorgent de senteurs, de saveurs, d’anecdotes, avec en prime la magie des rencontres humaines.
Lieu: Taradeau, 614 route des Arcs 83460 Taradeau
Date de début: 2025-04-07 10:00:00
Date de fin: 2025-12-31 18:00:00"
41118920,"Colloque ""Les savoir-faire liés au parfum en Pays de Grasse face aux défis du XXIe siècle""","Inscrits par l’UNESCO au Patrimoine culturel immatériel de l’humanité, les savoir-faire liés au parfum en Pays de Grasse doivent aujourd’hui relever de nombreux défis : adaptation au changement des …","Inscrits par l’UNESCO au Patrimoine culturel immatériel de l’humanité, les savoir-faire liés au parfum en Pays de Grasse doivent aujourd’hui relever de nombreux défis : adaptation au changement climatique, innovations technologiques, évolution des marchés, transmission aux nouvelles générations. Le colloque 2025 propose d'explorer ces enjeux à travers des tables rondes réunissant chercheurs, professionnels et acteurs institutionnels. Seront abordés : \- la culture des plantes à parfum face aux pressions climatiques, économiques et réglementaires, \- les innovations en matière d’extraction et de durabilité, \- l’impact du big data et de l’intelligence artificielle sur la création, \- la transmission des savoir-faire entre familles, écoles et institutions. En savoir plus et s'inscrire: [https://6beud.r.bh.d.sendibt3.com/mk/mr/sh/OycXxlTDIzvGUzJMuH84C0TD/N4BsqTGzLVef](https://6beud.r.bh.d.sendibt3.com/mk/mr/sh/OycXxlTDIzvGUzJMuH84C0TD/N4BsqTGzLVef)",Grasse,"2 Boulevard du Jeu de Ballon, 06130 Grasse, France",Provence-Alpes-Côte d'Azur,2025-11-28 08:00:00,2025-11-29 16:30:00,,https://openagenda.com/pci-provence-alpes-cote-dazur/events/colloque-les-savoir-faire-lies-au-parfum-en-pays-de-grasse-face-aux-defis-du-xxie-siecle,"Titre: Colloque ""Les savoir-faire liés au parfum en Pays de Grasse face aux défis du XXIe siècle""
Description: Inscrits par l’UNESCO au Patrimoine culturel immatériel de l’humanité, les savoir-faire liés au parfum en Pays de Grasse doivent aujourd’hui relever de nombreux défis : adaptation au changement des …
Détails: Inscrits par l’UNESCO au Patrimoine culturel immatériel de l’humanité, les savoir-faire liés au parfum en Pays de Grasse doivent aujourd’hui relever de nombreux défis : adaptation au changement climatique, innovations technologiques, évolution des marchés, transmission aux nouvelles générations. Le colloque 2025 propose d'explorer ces enjeux à travers des tables rondes réunissant chercheurs, professionnels et acteurs institutionnels. Seront abordés : \- la culture des plantes à parfum face aux pressions climatiques, économiques et réglementaires, \- les innovations en matière d’extraction et de durabilité, \- l’impact du big data et de l’intelligence artificielle sur la création, \- la transmission des savoir-faire entre familles, écoles et institutions. En savoir plus et s'inscrire: [https://6beud.r.bh.d.sendibt3.com/mk/mr/sh/OycXxlTDIzvGUzJMuH84C0TD/N4BsqTGzLVef](https://6beud.r.bh.d.sendibt3.com/mk/mr/sh/OycXxlTDIzvGUzJMuH84C0TD/N4BsqTGzLVef)
Lieu: Grasse, 2 Boulevard du Jeu de Ballon, 06130 Grasse, France
Date de début: 2025-11-28 08:00:00
Date de fin: 2025-11-29 16:30:00"
88358733,Échansonnerie des Papes - Grand Conseil d'Hiver,Le Grand Conseil d’Hiver de l’Échansonnerie des Papes est un rendez-vous solennel et convivial qui célèbre l’excellence des vins de Châteauneuf-du-Pape. Dans le respect des traditions séculaires de à…,"Le Grand Conseil d’Hiver de l’Échansonnerie des Papes est un rendez-vous solennel et convivial qui célèbre l’excellence des vins de Châteauneuf-du-Pape. Dans le respect des traditions séculaires de la confrérie, la cérémonie met à l’honneur les nouveaux intronisés et les ambassadeurs du terroir, dans une ambiance mêlant prestige, passion et transmission. L’événement s’ouvre sur une procession officielle, suivie des intronisations et d’un moment de dégustation placé sous le signe du partage et de la convivialité.",Avignon,"Place du palais, 84000 Avignon, France",Provence-Alpes-Côte d'Azur,2025-11-22 18:30:00,2025-11-22 23:30:00,,https://openagenda.com/pci-provence-alpes-cote-dazur/events/echansonnerie-des-papes-grand-conseil-dhiver,"Titre: Échansonnerie des Papes - Grand Conseil d'Hiver
Description: Le Grand Conseil d’Hiver de l’Échansonnerie des Papes est un rendez-vous solennel et convivial qui célèbre l’excellence des vins de Châteauneuf-du-Pape. Dans le respect des traditions séculaires de à…
Détails: Le Grand Conseil d’Hiver de l’Échansonnerie des Papes est un rendez-vous solennel et convivial qui célèbre l’excellence des vins de Châteauneuf-du-Pape. Dans le respect des traditions séculaires de la confrérie, la cérémonie met à l’honneur les nouveaux intronisés et les ambassadeurs du terroir, dans une ambiance mêlant prestige, passion et transmission. L’événement s’ouvre sur une procession officielle, suivie des intronisations et d’un moment de dégustation placé sous le signe du partage et de la convivialité.
Lieu: Avignon, Place du palais, 84000 Avignon, France
Date de début: 2025-11-22 18:30:00
Date de fin: 2025-11-22 23:30:00"
69777168,"Rencontre avec Alex Benvenuto / Festins niçois, une transmission culinaire secrète et familiale","Rencontre avec Alex Benvenuto, écrivain et historien, sur la cuisine niçoise.","### Rencontre avec Alex Benvenuto, écrivain et historien, sur la cuisine niçoise. La cuisine niçoise est avant tout une cuisine de transmission sociale. Nous raconterons comment les secrets de cuisine se transmettent pour conserver le plaisir de vivre ensemble. Manifestation organisée dans le cadre du festival ""À table ! Ripailles littéraires"" : [https://www.cinematheque-nice.com/cycle/a-table-ripailles-litteraires](https://www.cinematheque-nice.com/cycle/a-table-ripailles-litteraires)",Nice,"33 avenue Malausséna, 06000 Nice, France",Provence-Alpes-Côte d'Azur,2025-11-22 13:00:00,2025-11-22 15:00:00,,https://openagenda.com/pci-provence-alpes-cote-dazur/events/festins-nicois-une-transmission-culinaire-secrete-et-familiale,"Titre: Rencontre avec Alex Benvenuto / Festins niçois, une transmission culinaire secrète et familiale
Description: Rencontre avec Alex Benvenuto, écrivain et historien, sur la cuisine niçoise.
Détails: ### Rencontre avec Alex Benvenuto, écrivain et historien, sur la cuisine niçoise. La cuisine niçoise est avant tout une cuisine de transmission sociale. Nous raconterons comment les secrets de cuisine se transmettent pour conserver le plaisir de vivre ensemble. Manifestation organisée dans le cadre du festival ""À table ! Ripailles littéraires"" : [https://www.cinematheque-nice.com/cycle/a-table-ripailles-litteraires](https://www.cinematheque-nice.com/cycle/a-table-ripailles-litteraires)
Lieu: Nice, 33 avenue Malausséna, 06000 Nice, France
Date de début: 2025-11-22 13:00:00
Date de fin: 2025-11-22 15:00:00"
88639541,"Rendez-vous Ethnologiques : Sensibilités photographiques, le terrain au prisme des images",Sensibilités photographiques : le terrain au prisme des images,"### Sensibilités photographiques : le terrain au prisme des images Journée co-organisée avec Camilo Leon-Quijano (CNRS/CRESSON) Le musée et jardins de Salagon, labellisé ethnopôle depuis 1996 vous invite aux rendez-vous ethnologiques ""Sensibilités photographiques : le terrain au prisme des images"". Aujourd'hui, à l'ère de l'intelligence artificielle, la photographie peut révéler des phénomènes invisibles et ouvrir de nouvelles voies pour représenter de manière critique l’expérience de terrain. À la croisée de l’art et des sciences, elle forge un espace hybride où la recherche devient aussi création, et où les images produites par les chercheur·ses transcendent les frontières du témoignage pour interroger les sens, les regards et les sensibilités des mondes sociaux. Cette rencontre invite à explorer les potentialités de la photographie. Nous vous proposons d'examiner les nouvelles pratiques photographiques, tant ""sur"" que ""du terrain selon une perspective multimodale. Nous explorerons, d’une part, le rôle des choix matériels et scénographiques dans la construction d’un objet et d’une démarche de recherche. D’autre part, nous interrogerons les dialogues entre divers médias (images, sons, textes) et la manière dont ceux-ci peuvent enrichir les pratiques ethnographiques. Plus largement, cette journée vise à enrichir les récents débats autour de la photographie en sciences sociales , en s’appuyant sur des contributions interdisciplinaires qui envisagent la photographie comme une pratique critique permettant de mieux saisir l’expérience d’enquête. Pour cela, nous suivrons trois axes de recherche : 1. Dialogues multimodaux et participatifs : sons, images et textes 2. Partage et scénographie des savoirs ethnographiques 3. Dialogues visuels et sensoriels : le terrain des objets et des archives **Programme définitif communiqué courant juillet 2025.**",Mane,"Route de Salagon, 04300 Mane, France",Provence-Alpes-Côte d'Azur,2025-11-07 09:30:00,2025-11-07 17:30:00,,https://openagenda.com/pci-provence-alpes-cote-dazur/events/rendez-vous-ethnobotaniques-sensibilites-photographiques-le-terrain-au-prisme-des-images,"Titre: Rendez-vous Ethnologiques : Sensibilités photographiques, le terrain au prisme des images
Description: Sensibilités photographiques : le terrain au prisme des images
Détails: ### Sensibilités photographiques : le terrain au prisme des images Journée co-organisée avec Camilo Leon-Quijano (CNRS/CRESSON) Le musée et jardins de Salagon, labellisé ethnopôle depuis 1996 vous invite aux rendez-vous ethnologiques ""Sensibilités photographiques : le terrain au prisme des images"". Aujourd'hui, à l'ère de l'intelligence artificielle, la photographie peut révéler des phénomènes invisibles et ouvrir de nouvelles voies pour représenter de manière critique l’expérience de terrain. À la croisée de l’art et des sciences, elle forge un espace hybride où la recherche devient aussi création, et où les images produites par les chercheur·ses transcendent les frontières du témoignage pour interroger les sens, les regards et les sensibilités des mondes sociaux. Cette rencontre invite à explorer les potentialités de la photographie. Nous vous proposons d'examiner les nouvelles pratiques photographiques, tant ""sur"" que ""du terrain selon une perspective multimodale. Nous explorerons, d’une part, le rôle des choix matériels et scénographiques dans la construction d’un objet et d’une démarche de recherche. D’autre part, nous interrogerons les dialogues entre divers médias (images, sons, textes) et la manière dont ceux-ci peuvent enrichir les pratiques ethnographiques. Plus largement, cette journée vise à enrichir les récents débats autour de la photographie en sciences sociales , en s’appuyant sur des contributions interdisciplinaires qui envisagent la photographie comme une pratique critique permettant de mieux saisir l’expérience d’enquête. Pour cela, nous suivrons trois axes de recherche : 1. Dialogues multimodaux et participatifs : sons, images et textes 2. Partage et scénographie des savoirs ethnographiques 3. Dialogues visuels et sensoriels : le terrain des objets et des archives **Programme définitif communiqué courant juillet 2025.**
Lieu: Mane, Route de Salagon, 04300 Mane, France
Date de début: 2025-11-07 09:30:00
Date de fin: 2025-11-07 17:30:00"
891081,"Exposition ""Vibration du vivant"" - Antoine Pierini","Artiste verrier installé à Biot et créateur du Centre du verre contemporain , Antoine Pierini investit le Musée International de la Parfumerie et ses jardins.","Artiste verrier installé à Biot et créateur du Centre du verre contemporain , Antoine Pierini investit le Musée International de la Parfumerie et ses jardins. Il puise son inspiration dans le grand héritage méditerranéen, les éléments naturels et la culture grécoromaine et propose des oeuvres en résonnance avec le patrimoine naturel et olfactif grassois. Cette exposition installée au sein des magnifiques jardins du musée international de la parfumerie est en parfaite résonnace avec les ""savoir-faire liés au parfum en Pays de Grasse"".",Mouans-Sartoux,"979 Chemin des Gourettes, 06370 Mouans-Sartoux",Provence-Alpes-Côte d'Azur,2025-04-07 10:00:00,2025-11-01 19:00:00,,https://openagenda.com/pci-provence-alpes-cote-dazur/events/exposition-vibration-du-vivant-antoine-pierini,"Titre: Exposition ""Vibration du vivant"" - Antoine Pierini
Description: Artiste verrier installé à Biot et créateur du Centre du verre contemporain , Antoine Pierini investit le Musée International de la Parfumerie et ses jardins.
Détails: Artiste verrier installé à Biot et créateur du Centre du verre contemporain , Antoine Pierini investit le Musée International de la Parfumerie et ses jardins. Il puise son inspiration dans le grand héritage méditerranéen, les éléments naturels et la culture grécoromaine et propose des oeuvres en résonnance avec le patrimoine naturel et olfactif grassois. Cette exposition installée au sein des magnifiques jardins du musée international de la parfumerie est en parfaite résonnace avec les ""savoir-faire liés au parfum en Pays de Grasse"".
Lieu: Mouans-Sartoux, 979 Chemin des Gourettes, 06370 Mouans-Sartoux
Date de début: 2025-04-07 10:00:00
Date de fin: 2025-11-01 19:00:00"
61920598,Révélez les usines à parfum,Ce parcours permet d’évoquer les lieux de production de l’industrie de la parfumerie et l’histoire de cette activité dont Grasse est la capitale mondiale.,Ce parcours permet d’évoquer les lieux de production de l’industrie de la parfumerie et l’histoire de cette activité dont Grasse est la capitale mondiale. Découvrez le monde ouvrier dans les anciens sites de production et les techniques d’extraction. Visite en extérieur uniquement.,Grasse,22 rue de l'oratoire 06130 Grasse,Provence-Alpes-Côte d'Azur,2025-10-23 09:00:00,2025-10-30 11:30:00,,https://openagenda.com/pci-provence-alpes-cote-dazur/events/revelez-les-usines-a-parfum,"Titre: Révélez les usines à parfum
Description: Ce parcours permet d’évoquer les lieux de production de l’industrie de la parfumerie et l’histoire de cette activité dont Grasse est la capitale mondiale.
Détails: Ce parcours permet d’évoquer les lieux de production de l’industrie de la parfumerie et l’histoire de cette activité dont Grasse est la capitale mondiale. Découvrez le monde ouvrier dans les anciens sites de production et les techniques d’extraction. Visite en extérieur uniquement.
Lieu: Grasse, 22 rue de l'oratoire 06130 Grasse
Date de début: 2025-10-23 09:00:00
Date de fin: 2025-10-30 11:30:00"
79093432,Journée porte ouverte à la carrière de pierre de Crillon,✨ Découvrez les coulisses de la carrière de la pierre de Crillon ! ✨,"✨ Découvrez les coulisses de la carrière de la pierre de Crillon ! ✨ À l’occasion des Journées Portes Ouvertes qui auront lieu les 19, 20 et 21 septembre 2025, nous sommes heureux de vous inviter à visiter notre site « Carrière la pierre de Crillon » 📍 à Crillon le Brave (84), au pied du Mont Ventoux 📆 le vendredi 19 septembre de 10h à 16h30. Au programme : 🔹 Accueil café & présentation de la carrière 🔹 Visite guidée de la carrière 🔹 Buffet déjeunatoire convivial sur place 🔹 Démonstration de nos savoir-faire en atelier 🔹 Visite historique du village avec Monsieur le Maire Un moment unique pour découvrir un métier passionnant, échanger avec des professionnels et valoriser toute la richesse de notre patrimoine minéral. Que vous soyez artisan, architecte, élu local, membre d’association ou simplement curieux, venez partager ce temps fort avec nous ! ⚠️ Attention, nombre de places limité ! Merci de confirmer votre présence avant le 9 septembre 2025 en précisant le nombre de participants (par mail) : [secretariat@carrierelapierredecrillon.fr](mailto:secretariat@carrierelapierredecrillon.fr) Nous serions heureux de partager ce moment convivial et enrichissant avec vous !",Crillon-le-Brave,1005 chemin des carrières de pierre,Provence-Alpes-Côte d'Azur,2025-10-19 10:00:00,2025-10-19 16:30:00,,https://openagenda.com/pci-provence-alpes-cote-dazur/events/journee-porte-ouverte-a-la-carriere-de-pierre-de-crillon,"Titre: Journée porte ouverte à la carrière de pierre de Crillon
Description: ✨ Découvrez les coulisses de la carrière de la pierre de Crillon ! ✨
Détails: ✨ Découvrez les coulisses de la carrière de la pierre de Crillon ! ✨ À l’occasion des Journées Portes Ouvertes qui auront lieu les 19, 20 et 21 septembre 2025, nous sommes heureux de vous inviter à visiter notre site « Carrière la pierre de Crillon » 📍 à Crillon le Brave (84), au pied du Mont Ventoux 📆 le vendredi 19 septembre de 10h à 16h30. Au programme : 🔹 Accueil café & présentation de la carrière 🔹 Visite guidée de la carrière 🔹 Buffet déjeunatoire convivial sur place 🔹 Démonstration de nos savoir-faire en atelier 🔹 Visite historique du village avec Monsieur le Maire Un moment unique pour découvrir un métier passionnant, échanger avec des professionnels et valoriser toute la richesse de notre patrimoine minéral. Que vous soyez artisan, architecte, élu local, membre d’association ou simplement curieux, venez partager ce temps fort avec nous ! ⚠️ Attention, nombre de places limité ! Merci de confirmer votre présence avant le 9 septembre 2025 en précisant le nombre de participants (par mail) : [secretariat@carrierelapierredecrillon.fr](mailto:secretariat@carrierelapierredecrillon.fr) Nous serions heureux de partager ce moment convivial et enrichissant avec vous !
Lieu: Crillon-le-Brave, 1005 chemin des carrières de pierre
Date de début: 2025-10-19 10:00:00
Date de fin: 2025-10-19 16:30:00"
80566056,Le syndicalisme Mulhousien,visite-conférence au sein du cimetière central de Mulhouse,"Le syndicalisme Mulhousien -------------------------- Mulhouse , l'un des berceaux de l'industrie au début du XXème siècle a vu naitre peu à peu des associations ouvrières qui se se sont muées en un syndicat au milieu du XIXème siècle. Les nombreux conflits qui ont émaillé son histoire ont aussi mis en lumière des personnages qui ont marqué l'histoire de la cité.",Mulhouse,1 rue Lefebvre,Grand Est,2026-09-20 14:00:00,2026-09-20 15:00:00,"Mulhouse, cimetière, syndicalisme",https://openagenda.com/le-syndicalisme-mulhousien/events/le-syndicalisme-mulhousien,"Titre: Le syndicalisme Mulhousien
Description: visite-conférence au sein du cimetière central de Mulhouse
Détails: Le syndicalisme Mulhousien -------------------------- Mulhouse , l'un des berceaux de l'industrie au début du XXème siècle a vu naitre peu à peu des associations ouvrières qui se se sont muées en un syndicat au milieu du XIXème siècle. Les nombreux conflits qui ont émaillé son histoire ont aussi mis en lumière des personnages qui ont marqué l'histoire de la cité.
Lieu: Mulhouse, 1 rue Lefebvre
Date de début: 2026-09-20 14:00:00
Date de fin: 2026-09-20 15:00:00
Catégories: Mulhouse, cimetière, syndicalisme"
90049497,Exposition Si on cherchait la petite bête ?,L'exposition temporaire dans le Parc : encore une nouveauté pour les vacances !,"Lors de vos prochaines balades au Parc, pensez à emprunter l’allée de l’Observatoire ! Vous ne serez pas déçus ! L’exposition temporaire « Et si on cherchait la petite bête ? » sera visible jusqu’à la fin de l’année. Vous l’aurez compris, cette exposition fait la part belle au peuple de l’herbe et plus particulièrement aux insectes du Parc ! Plus d'infos : [https://www.parc-peuple-herbe.fr/ses-evenements/exposition-temporaire-exterieure-3](https://www.parc-peuple-herbe.fr/ses-evenements/exposition-temporaire-exterieure-3)",Carrières-sous-Poissy,718 avenue du docteur Marcel Touboul 78955 Carrières-sous-Poissy,Île-de-France,2026-06-27 00:00:00,2026-08-30 23:00:00,,https://openagenda.com/jardins-ouverts-2026/events/exposition-si-on-cherchait-la-petite-bete,"Titre: Exposition Si on cherchait la petite bête ?
Description: L'exposition temporaire dans le Parc : encore une nouveauté pour les vacances !
Détails: Lors de vos prochaines balades au Parc, pensez à emprunter l’allée de l’Observatoire ! Vous ne serez pas déçus ! L’exposition temporaire « Et si on cherchait la petite bête ? » sera visible jusqu’à la fin de l’année. Vous l’aurez compris, cette exposition fait la part belle au peuple de l’herbe et plus particulièrement aux insectes du Parc ! Plus d'infos : [https://www.parc-peuple-herbe.fr/ses-evenements/exposition-temporaire-exterieure-3](https://www.parc-peuple-herbe.fr/ses-evenements/exposition-temporaire-exterieure-3)
Lieu: Carrières-sous-Poissy, 718 avenue du docteur Marcel Touboul 78955 Carrières-sous-Poissy
Date de début: 2026-06-27 00:00:00
Date de fin: 2026-08-30 23:00:00"
72423589,"Exposition photographique : Châteaux, villas et folies. Villégiature en Île-de-France","Découvrez une exposition de photographies, présentée en plein air dans le cadre intime du jardin de Valois.","Découvrez une exposition de photographies, présentée en plein air dans le cadre intime du jardin de Valois. La villégiature, cette pratique consistant à séjourner dans une résidence secondaire pour les loisirs, a façonné le paysage francilien depuis le XVIIe siècle. Des châteaux et demeures aux maisons de campagne ou aux résidences d’artistes, l'architecture de la villégiature en Île-de-France témoigne de l'évolution des modes de vie et des goûts esthétiques. Par une ouverture sur le fleuve, la forêt ou le paysage, la maison de campagne offre une échappée loin du vacarme de la ville. La Région Île-de-France a conduit un inventaire de ces maisons de campagne autour de Paris dont voici une sélection représentative, du château aristocratique à la villa éclectique en passant par les très originales folies.",Saint-Cloud,1 avenue de la Grille d'Honneur 92210 Saint-Cloud,Île-de-France,2026-06-30 07:30:00,2026-08-30 22:00:00,,https://openagenda.com/jardins-ouverts-2026/events/exposition-photographique-chateaux-villas-et-folies-villegiature-en-ile-de-france,"Titre: Exposition photographique : Châteaux, villas et folies. Villégiature en Île-de-France
Description: Découvrez une exposition de photographies, présentée en plein air dans le cadre intime du jardin de Valois.
Détails: Découvrez une exposition de photographies, présentée en plein air dans le cadre intime du jardin de Valois. La villégiature, cette pratique consistant à séjourner dans une résidence secondaire pour les loisirs, a façonné le paysage francilien depuis le XVIIe siècle. Des châteaux et demeures aux maisons de campagne ou aux résidences d’artistes, l'architecture de la villégiature en Île-de-France témoigne de l'évolution des modes de vie et des goûts esthétiques. Par une ouverture sur le fleuve, la forêt ou le paysage, la maison de campagne offre une échappée loin du vacarme de la ville. La Région Île-de-France a conduit un inventaire de ces maisons de campagne autour de Paris dont voici une sélection représentative, du château aristocratique à la villa éclectique en passant par les très originales folies.
Lieu: Saint-Cloud, 1 avenue de la Grille d'Honneur 92210 Saint-Cloud
Date de début: 2026-06-30 07:30:00
Date de fin: 2026-08-30 22:00:00"
2289990,Dessin & poésie au jardin,Jardin ouvert aux peintres et aux poètes d'un jour,"Venez dessiner et écrire au jardin, inspiration garantie pour les petits et les grands",Paris,32 Rue du clos Feuquieres 75015 Paris,Île-de-France,2026-06-29 08:00:00,2026-08-30 21:00:00,"dessin, poésie, faune, flore, insectes, petits, enfants, adultes, rêverie, oiseaux, culture, potager, rosiers, roseraie",https://openagenda.com/jardins-ouverts-2026/events/dessin-and-poesie-au-jardin,"Titre: Dessin & poésie au jardin
Description: Jardin ouvert aux peintres et aux poètes d'un jour
Détails: Venez dessiner et écrire au jardin, inspiration garantie pour les petits et les grands
Lieu: Paris, 32 Rue du clos Feuquieres 75015 Paris
Date de début: 2026-06-29 08:00:00
Date de fin: 2026-08-30 21:00:00
Catégories: dessin, poésie, faune, flore, insectes, petits, enfants, adultes, rêverie, oiseaux, culture, potager, rosiers, roseraie"
50451534,Installation Tree Hug par l'artiste Monsieur Plant,Venez admirer une installation végétale signée par l'artiste Monsieur Plant qui viendra habiller plusieurs arbres du parc de la Maison de Chateaubriand durant tout l'été !,"Depuis plus de dix ans, **Christophe Guinet, alias Monsieur Plant**, crée avec l’aide de la nature. Passionné à la fois par le monde des plantes et par l’esthétique et les codes de la culture urbaine, il a toujours cherché à créer un dialogue entre eux. Il cultive littéralement son art : il prend le temps de faire pousser, d’observer et de comprendre les plantes afin de leur offrir une place unique, mise en valeur dans l’espace urbain et au coeur même de la création artistique. À travers ses oeuvres, fragiles et éphémères à l’image des créations végétales qui les composent, il transmet un message sensible, poétique et engagé. L’installation **TREE HUG** s’inscrit comme un hommage sensible aux bienfaits du monde végétal. À travers une sculpture de bras enlaçant un tronc, l’oeuvre donnera à voir un geste universel : celui de l’attachement, du besoin de lien, mais aussi de la reconnaissance. Elle évoquera également une transformation, presque surréaliste, où la frontière entre l’humain et l’arbre s’efface. Cette fusion, à la fois troublante et poétique, interrogera notre place dans le cycle du vivant : sommes-nous extérieurs à la nature, ou en faisons-nous intimement partie ? Par cette étreinte figée, l’oeuvre invitera à une réflexion profonde sur notre responsabilité, mais aussi sur la possibilité d’une réconciliation entre l’humain et son environnement.",Châtenay-Malabry,87 rue de Chateaubriand 92290 Châtenay-Malabry,Île-de-France,2026-06-27 09:00:00,2026-08-30 19:00:00,"Arbre, mains, littérature, mousse, Hug, Tree",https://openagenda.com/jardins-ouverts-2026/events/tree-hug,"Titre: Installation Tree Hug par l'artiste Monsieur Plant
Description: Venez admirer une installation végétale signée par l'artiste Monsieur Plant qui viendra habiller plusieurs arbres du parc de la Maison de Chateaubriand durant tout l'été !
Détails: Depuis plus de dix ans, **Christophe Guinet, alias Monsieur Plant**, crée avec l’aide de la nature. Passionné à la fois par le monde des plantes et par l’esthétique et les codes de la culture urbaine, il a toujours cherché à créer un dialogue entre eux. Il cultive littéralement son art : il prend le temps de faire pousser, d’observer et de comprendre les plantes afin de leur offrir une place unique, mise en valeur dans l’espace urbain et au coeur même de la création artistique. À travers ses oeuvres, fragiles et éphémères à l’image des créations végétales qui les composent, il transmet un message sensible, poétique et engagé. L’installation **TREE HUG** s’inscrit comme un hommage sensible aux bienfaits du monde végétal. À travers une sculpture de bras enlaçant un tronc, l’oeuvre donnera à voir un geste universel : celui de l’attachement, du besoin de lien, mais aussi de la reconnaissance. Elle évoquera également une transformation, presque surréaliste, où la frontière entre l’humain et l’arbre s’efface. Cette fusion, à la fois troublante et poétique, interrogera notre place dans le cycle du vivant : sommes-nous extérieurs à la nature, ou en faisons-nous intimement partie ? Par cette étreinte figée, l’oeuvre invitera à une réflexion profonde sur notre responsabilité, mais aussi sur la possibilité d’une réconciliation entre l’humain et son environnement.
Lieu: Châtenay-Malabry, 87 rue de Chateaubriand 92290 Châtenay-Malabry
Date de début: 2026-06-27 09:00:00
Date de fin: 2026-08-30 19:00:00
Catégories: Arbre, mains, littérature, mousse, Hug, Tree"
61941144,Découverte d'un jardin extraordinaire au cœur du bois de Vincennes,"Un jardin, de nombreux paysages et collections végétales","Venez découvrir ce magnifique jardin-école dont 5 hectares sur les 10 sont ouverts au public. Un formidable laboratoire de la biodiversité parisienne, un espace d'apprentissage et de découverte où se mêlent des centaines de variétés de plantes, arbres et fleurs.",Paris,Route de la Ferme 75012 Paris,Île-de-France,2026-06-27 09:00:00,2026-08-30 19:00:00,"jardin, remarquable, collection, végétales",https://openagenda.com/jardins-ouverts-2026/events/decouverte-dun-jardin-extraordinaire-au-coeur-du-bois-de-vincennes,"Titre: Découverte d'un jardin extraordinaire au cœur du bois de Vincennes
Description: Un jardin, de nombreux paysages et collections végétales
Détails: Venez découvrir ce magnifique jardin-école dont 5 hectares sur les 10 sont ouverts au public. Un formidable laboratoire de la biodiversité parisienne, un espace d'apprentissage et de découverte où se mêlent des centaines de variétés de plantes, arbres et fleurs.
Lieu: Paris, Route de la Ferme 75012 Paris
Date de début: 2026-06-27 09:00:00
Date de fin: 2026-08-30 19:00:00
Catégories: jardin, remarquable, collection, végétales"
28862952,Fantastiques insectes !,Exposition de photographies d'insectes grand format,"**A la découverte du Peuple de l’herbe, un monde infiniment petit !** Dans le cadre de l’évènement « Jardins ouverts en Ile de France cet été ! » du 27 juin au 30 août, la Maison du Parc accueille l’exposition photographique **« Fantastiques insectes ! »** du photographe Joël Tribhout révélant la beauté et la complexité des insectes à travers des photos couleurs, exposées en grands formats. L’exposition plonge les visiteurs dans un monde infiniment petit et offre un regard intime sur leur existence. « _Je suis au plus près des insectes, les yeux dans les yeux. C’est un travail de patience qui m’a permis d’obtenir des images uniques. Quand je suis à quelques millimètres d’une libellule, elle est comme hypnotisée, voire en confiance et je communique avec elle_ », confie Joël Tribhout. À travers ses images, l’artiste partage sa passion pour ces petites créatures et s’applique à faire découvrir le monde des insectes souvent méconnu. L'exposition sera visible à la Maison du Parc du 27 juin au 30 août aux horaires d'ouverture du domaine ; un livret jeu accompagnera les plus petits dans sa découverte !",Théméricourt,Maison du Parc 95450 Théméricourt,Île-de-France,2026-06-27 14:00:00,2026-08-30 18:00:00,,https://openagenda.com/jardins-ouverts-2026/events/fantastiques-insectes,"Titre: Fantastiques insectes !
Description: Exposition de photographies d'insectes grand format
Détails: **A la découverte du Peuple de l’herbe, un monde infiniment petit !** Dans le cadre de l’évènement « Jardins ouverts en Ile de France cet été ! » du 27 juin au 30 août, la Maison du Parc accueille l’exposition photographique **« Fantastiques insectes ! »** du photographe Joël Tribhout révélant la beauté et la complexité des insectes à travers des photos couleurs, exposées en grands formats. L’exposition plonge les visiteurs dans un monde infiniment petit et offre un regard intime sur leur existence. « _Je suis au plus près des insectes, les yeux dans les yeux. C’est un travail de patience qui m’a permis d’obtenir des images uniques. Quand je suis à quelques millimètres d’une libellule, elle est comme hypnotisée, voire en confiance et je communique avec elle_ », confie Joël Tribhout. À travers ses images, l’artiste partage sa passion pour ces petites créatures et s’applique à faire découvrir le monde des insectes souvent méconnu. L'exposition sera visible à la Maison du Parc du 27 juin au 30 août aux horaires d'ouverture du domaine ; un livret jeu accompagnera les plus petits dans sa découverte !
Lieu: Théméricourt, Maison du Parc 95450 Théméricourt
Date de début: 2026-06-27 14:00:00
Date de fin: 2026-08-30 18:00:00"
8036989,Visite guidée du la Roseraie du Clos Paradénia,La propriétaire de la Roseraie du Clos Paradénia vous propose une visite guidée de son jardin exceptionnel sur rendez-vous.,"Lors de cette visite, vous pourrez découvrir un incroyable jardin composé d'une roseraie de plus de 300 espèces, de 50 espèces d'arbres remarquables, d'arbres fruitiers, d'un potager mais aussi de plus de 500 espèces de fleurs et un jardin à la française. La propriétaire, Marie-Chantal ROBIN aura plaisir à vous présenter son paradis vert.",Rosay,Hameau de Garré 78790 Rosay,Île-de-France,2026-06-27 09:00:00,2026-08-30 17:00:00,"jardin, rose, arbre",https://openagenda.com/jardins-ouverts-2026/events/visite-guidee-du-la-roseraie-du-clos-paradenia,"Titre: Visite guidée du la Roseraie du Clos Paradénia
Description: La propriétaire de la Roseraie du Clos Paradénia vous propose une visite guidée de son jardin exceptionnel sur rendez-vous.
Détails: Lors de cette visite, vous pourrez découvrir un incroyable jardin composé d'une roseraie de plus de 300 espèces, de 50 espèces d'arbres remarquables, d'arbres fruitiers, d'un potager mais aussi de plus de 500 espèces de fleurs et un jardin à la française. La propriétaire, Marie-Chantal ROBIN aura plaisir à vous présenter son paradis vert.
Lieu: Rosay, Hameau de Garré 78790 Rosay
Date de début: 2026-06-27 09:00:00
Date de fin: 2026-08-30 17:00:00
Catégories: jardin, rose, arbre"
646795,🔎 Le mystère du jardin du Musée de la vie d'autrefois,"Cet été, vivez Jardins Ouverts au musée : une chasse au trésor gratuite avec Huguette la chouette 🦉, énigmes et QR codes à découvrir en famille sur le parcours extérieur !","Cet été, le musée participe à l’événement Jardins Ouverts organisé par la région Ile-de-France et vous invite à profiter d’un espace extérieur vivant, accessible librement et gratuitement à tous. 🦉 Une chasse au trésor ludique et immersive pour les enfants ! Partez à l’aventure avec Huguette la chouette 🦉 et laissez-vous guider à travers le parcours extérieur du musée ! Des QR codes sont dissimulés tout au long du chemin : à chaque étape, une énigme à résoudre, un indice à découvrir… 🎯 Votre mission : reconstituer un mot mystère ! Une activité accessible à tous, idéale pour les familles, qui transforme la visite en véritable jeu de piste.",Les Ormes-sur-Voulzie,Les Ormes-sur-Voulzie 77134 12 route nationale,Île-de-France,2026-07-04 09:30:00,2026-08-05 19:00:00,"Famille, Numérique, Chasse aux trésors, Découverte, Nature, Jeux, Ludiques, Entraides, Jardins ouverts 77, 77, Seine et Marne, Animations jeune public",https://openagenda.com/jardins-ouverts-2026/events/2516354,"Titre: 🔎 Le mystère du jardin du Musée de la vie d'autrefois
Description: Cet été, vivez Jardins Ouverts au musée : une chasse au trésor gratuite avec Huguette la chouette 🦉, énigmes et QR codes à découvrir en famille sur le parcours extérieur !
Détails: Cet été, le musée participe à l’événement Jardins Ouverts organisé par la région Ile-de-France et vous invite à profiter d’un espace extérieur vivant, accessible librement et gratuitement à tous. 🦉 Une chasse au trésor ludique et immersive pour les enfants ! Partez à l’aventure avec Huguette la chouette 🦉 et laissez-vous guider à travers le parcours extérieur du musée ! Des QR codes sont dissimulés tout au long du chemin : à chaque étape, une énigme à résoudre, un indice à découvrir… 🎯 Votre mission : reconstituer un mot mystère ! Une activité accessible à tous, idéale pour les familles, qui transforme la visite en véritable jeu de piste.
Lieu: Les Ormes-sur-Voulzie, Les Ormes-sur-Voulzie 77134 12 route nationale
Date de début: 2026-07-04 09:30:00
Date de fin: 2026-08-05 19:00:00
Catégories: Famille, Numérique, Chasse aux trésors, Découverte, Nature, Jeux, Ludiques, Entraides, Jardins ouverts 77, 77, Seine et Marne, Animations jeune public"
62738956,Visite libre du domaine départemental de Méréville,Visite libre du domaine départemental de Méréville,"Emblématique des jardins dits pittoresques ou anglo-chinois, le parc de Méréville a été imaginé à la fin du XVIIIème siècle. Dès 1784, le marquis de Laborde, propriétaire des lieux et commanditaire impliqué, s’entoure des artistes les plus en vogue pour concevoir ses jardins. L’architecte François-Joseph Bélanger remodèle le paysage du site, puis le peintre Hubert Robert lui succède et parfait le projet initial en créant des « tableaux naturels » visant à reconstituer une nature idéalisée. Durant 10 ans, ce sont ainsi jusqu’à 400 ouvriers qui œuvrent à ce chantier colossal. La composition générale du site et de nombreux éléments fondateurs (rivière, ponts et îles, grottes et enrochements, etc.) ont subsisté au fil du temps, faisant ainsi du domaine de Méréville l’un des rares témoins de ce type de jardins parvenus jusqu’à nous. Propriété du Conseil Départemental de l’Essonne depuis 2000, le domaine de Méréville a fait l’objet de plusieurs campagnes de travaux de restauration. Il est ouvert au public depuis 2018. Les mercredis, week-ends et jours fériés de 10h à 20h. Dernier accès 1h avant la fermeture. Accès libre Chiens tenus en laisse autorisés",Le Mérévillois,Rue Voltaire 91660 Méréville,Île-de-France,2026-06-27 10:00:00,2026-08-30 20:00:00,,https://openagenda.com/jardins-ouverts-2026/events/visite-libre-du-domaine-departemental-de-mereville-5773154,"Titre: Visite libre du domaine départemental de Méréville
Description: Visite libre du domaine départemental de Méréville
Détails: Emblématique des jardins dits pittoresques ou anglo-chinois, le parc de Méréville a été imaginé à la fin du XVIIIème siècle. Dès 1784, le marquis de Laborde, propriétaire des lieux et commanditaire impliqué, s’entoure des artistes les plus en vogue pour concevoir ses jardins. L’architecte François-Joseph Bélanger remodèle le paysage du site, puis le peintre Hubert Robert lui succède et parfait le projet initial en créant des « tableaux naturels » visant à reconstituer une nature idéalisée. Durant 10 ans, ce sont ainsi jusqu’à 400 ouvriers qui œuvrent à ce chantier colossal. La composition générale du site et de nombreux éléments fondateurs (rivière, ponts et îles, grottes et enrochements, etc.) ont subsisté au fil du temps, faisant ainsi du domaine de Méréville l’un des rares témoins de ce type de jardins parvenus jusqu’à nous. Propriété du Conseil Départemental de l’Essonne depuis 2000, le domaine de Méréville a fait l’objet de plusieurs campagnes de travaux de restauration. Il est ouvert au public depuis 2018. Les mercredis, week-ends et jours fériés de 10h à 20h. Dernier accès 1h avant la fermeture. Accès libre Chiens tenus en laisse autorisés
Lieu: Le Mérévillois, Rue Voltaire 91660 Méréville
Date de début: 2026-06-27 10:00:00
Date de fin: 2026-08-30 20:00:00"
59707566,Visite libre du jardin pédagogique de l'Île de la Jatte,"Cet été, partez à la découverte du jardin pédagogique de l'Île de la Jatte à Levallois ! Explorez ce jardin vivant et inspirant mêlant aromatiques, médicinales, potagers et biodiversité urbaine.","Dans le cadre de Jardins Ouverts 2026, partez en exploration libre du jardin pédagogique de l’Île de la Jatte à Levallois ! Créé en 2006 avec le soutien des Espaces Verts de la Ville de Levallois, ce jardin est un véritable havre de verdure en ville, pensé comme un espace de vie, de transmission et de créativité. Accessible librement tous les jours, il se découvre en toute autonomie grâce à un QR code à scanner à l'entrée du jardin ou un plan avec questions-découvertes à retirer à l’accueil de la Maison de la Pêche et de la Nature, les mercredis et les week-ends, située à proximité immédiate. Au fil de votre promenade, explorez une spirale d’aromatiques, un clos de plantes médicinales, deux grands potagers en carrés, une zone d’arbustes fruitiers, des pommiers palissés, un espace de permaculture avec keyhole, une tour à pommes de terre, un rucher, un hôtel à insectes, un système de récupération des eaux de pluie, ainsi qu’une mini-mare avec vitre d’observation. Conçu pour sensibiliser petits et grands à une gestion écologique et poétique des espaces verts, ce jardin accueille tout au long de l’année des groupes scolaires et des centres de loisirs pour expérimenter d’autres façons de cultiver. Lieu de partage et de détente, il abrite également une cabane en bambou propice à la rêverie, à la créativité et à l’exploration du monde végétal. Venez flâner, observer, sentir, apprendre… et vous inspirer ! 🌿 Vous pourrez ensuite continuer votre visite du parc de la jatte ou même de l'Ile de la jatte pour les plus passionnés d'impressionnisme (parcours illustré).",Levallois-Perret,22 allée Claude Monet 92300 Levallois,Île-de-France,2026-06-27 10:00:00,2026-08-30 19:00:00,"biodiversite, permaculture, nature en ville, jardin partage, gestion durable, jardin pedagogique, faune auxiliaire, hotel insectes, sensibilisation, ile de la jatte, levallois, impressionnistes",https://openagenda.com/jardins-ouverts-2026/events/visite-libre-du-jardin-pedagogique-de-lile-de-la-jatte,"Titre: Visite libre du jardin pédagogique de l'Île de la Jatte
Description: Cet été, partez à la découverte du jardin pédagogique de l'Île de la Jatte à Levallois ! Explorez ce jardin vivant et inspirant mêlant aromatiques, médicinales, potagers et biodiversité urbaine.
Détails: Dans le cadre de Jardins Ouverts 2026, partez en exploration libre du jardin pédagogique de l’Île de la Jatte à Levallois ! Créé en 2006 avec le soutien des Espaces Verts de la Ville de Levallois, ce jardin est un véritable havre de verdure en ville, pensé comme un espace de vie, de transmission et de créativité. Accessible librement tous les jours, il se découvre en toute autonomie grâce à un QR code à scanner à l'entrée du jardin ou un plan avec questions-découvertes à retirer à l’accueil de la Maison de la Pêche et de la Nature, les mercredis et les week-ends, située à proximité immédiate. Au fil de votre promenade, explorez une spirale d’aromatiques, un clos de plantes médicinales, deux grands potagers en carrés, une zone d’arbustes fruitiers, des pommiers palissés, un espace de permaculture avec keyhole, une tour à pommes de terre, un rucher, un hôtel à insectes, un système de récupération des eaux de pluie, ainsi qu’une mini-mare avec vitre d’observation. Conçu pour sensibiliser petits et grands à une gestion écologique et poétique des espaces verts, ce jardin accueille tout au long de l’année des groupes scolaires et des centres de loisirs pour expérimenter d’autres façons de cultiver. Lieu de partage et de détente, il abrite également une cabane en bambou propice à la rêverie, à la créativité et à l’exploration du monde végétal. Venez flâner, observer, sentir, apprendre… et vous inspirer ! 🌿 Vous pourrez ensuite continuer votre visite du parc de la jatte ou même de l'Ile de la jatte pour les plus passionnés d'impressionnisme (parcours illustré).
Lieu: Levallois-Perret, 22 allée Claude Monet 92300 Levallois
Date de début: 2026-06-27 10:00:00
Date de fin: 2026-08-30 19:00:00
Catégories: biodiversite, permaculture, nature en ville, jardin partage, gestion durable, jardin pedagogique, faune auxiliaire, hotel insectes, sensibilisation, ile de la jatte, levallois, impressionnistes"
74300056,Visite libre des Jardins Renoir,Découvrez les jardins du Musée de Montmartre où Renoir a peint le Bal du Moulin de la Galette,"Venez flâner dans les jardins du Musée de Montmartre, nommés en souvenir d’Auguste Renoir, qui vécut sur place entre 1875 et 1877. Il y peignit plusieurs chefs-d’œuvre, comme le Bal du moulin de la Galette, la Balançoire ou le Jardin de la rue Cortot. Ainsi, chaque jardin a son caractère propre inspiré de la palette du peintre impressionniste\*\*. Suzanne Valadon\*\* et André Utter son compagnon ont également immortalisé ces jardins. Vous pouvez également profiter de la terrasse du Café Renoir, ouvert du mercredi au dimanche, de 11h à 18h. Avant votre visite, vérifiez sur le site du Musée de Montmartre que les jardins et le Musée sont bien ouverts le jour prévu pour votre visite.",Paris,12 rue Cortot 75018 Paris,Île-de-France,2026-06-27 10:00:00,2026-08-30 19:00:00,,https://openagenda.com/jardins-ouverts-2026/events/visite-libre-des-jardins-renoir-21427,"Titre: Visite libre des Jardins Renoir
Description: Découvrez les jardins du Musée de Montmartre où Renoir a peint le Bal du Moulin de la Galette
Détails: Venez flâner dans les jardins du Musée de Montmartre, nommés en souvenir d’Auguste Renoir, qui vécut sur place entre 1875 et 1877. Il y peignit plusieurs chefs-d’œuvre, comme le Bal du moulin de la Galette, la Balançoire ou le Jardin de la rue Cortot. Ainsi, chaque jardin a son caractère propre inspiré de la palette du peintre impressionniste\*\*. Suzanne Valadon\*\* et André Utter son compagnon ont également immortalisé ces jardins. Vous pouvez également profiter de la terrasse du Café Renoir, ouvert du mercredi au dimanche, de 11h à 18h. Avant votre visite, vérifiez sur le site du Musée de Montmartre que les jardins et le Musée sont bien ouverts le jour prévu pour votre visite.
Lieu: Paris, 12 rue Cortot 75018 Paris
Date de début: 2026-06-27 10:00:00
Date de fin: 2026-08-30 19:00:00"
85109891,"Installation ""C'était un éternel printemps"", par Delphine Delas","L’installation de Delphine Delas mêle histoire et imaginaire. Complétée par des œuvres disséminées dans le jardin, elle invite les visiteurs à une déambulation poétique et ludique dans le Potager.","### C’était un éternel printemps Au sein du Potager du Roi, au cœur du domaine national du Château de Versailles, l'installation de Delphine Delas prend la forme d’une fresque sur panneau qui déploie une traversée sensible du temps. Comme une mémoire stratifiée, elle fait dialoguer les époques : la création du jardin, l’ombre tutélaire de Jean-Baptiste de La Quintinie, la présence de Louis XIV, les gestes répétés des jardiniers, animaux et vie végétale, toujours recommencée. La fresque tisse ces temporalités en un seul paysage mouvant, où l’histoire se mêle au présent, où la rigueur du dessin dialogue avec une forme de rêverie. Elle entre en résonance directe avec le lieu, comme si les murs eux-mêmes se souvenaient, comme si les cultures anciennes affleuraient sous la surface. En écho à cette narration visuelle, des éléments disséminés dans le potager viennent troubler la lecture et éveiller la curiosité. Objets singuliers, formes inattendues, présences discrètes et parfois facétieuses : ces œuvres ponctuent l’espace comme les indices d’une histoire parallèle. Elles invitent le visiteur à une déambulation active, presque ludique, transformant le jardin en territoire d’exploration. Ainsi se dessine une sorte de chasse au trésor poétique, où chaque détail compte, où l’œil s’attarde, cherche, découvre. Entre histoire et imaginaire, rigueur et fantaisie, l’installation propose une expérience sensible du lieu : un parcours où le passé se rejoue, et où l’étrangeté vient délicatement bousculer l’ordre du jardin. ### L’artiste Formée en Histoire de l’art (École du Louvre, Paris 1), Delphine Delas développe une pratique nourrie de références transhistoriques - du maniérisme au baroque, de l’iconographie classique aux récits mythologiques - qu’elle transpose dans un langage contemporain issu également de l’art urbain. Son travail interroge la figure, la métamorphose, le récit et la théâtralité de l’espace.",Versailles,10 rue du Maréchal Joffre 78000 Versailles,Île-de-France,2026-06-27 10:00:00,2026-08-30 18:00:00,"Exposition, Art, Jardin",https://openagenda.com/jardins-ouverts-2026/events/jardins-ouverts-3836533,"Titre: Installation ""C'était un éternel printemps"", par Delphine Delas
Description: L’installation de Delphine Delas mêle histoire et imaginaire. Complétée par des œuvres disséminées dans le jardin, elle invite les visiteurs à une déambulation poétique et ludique dans le Potager.
Détails: ### C’était un éternel printemps Au sein du Potager du Roi, au cœur du domaine national du Château de Versailles, l'installation de Delphine Delas prend la forme d’une fresque sur panneau qui déploie une traversée sensible du temps. Comme une mémoire stratifiée, elle fait dialoguer les époques : la création du jardin, l’ombre tutélaire de Jean-Baptiste de La Quintinie, la présence de Louis XIV, les gestes répétés des jardiniers, animaux et vie végétale, toujours recommencée. La fresque tisse ces temporalités en un seul paysage mouvant, où l’histoire se mêle au présent, où la rigueur du dessin dialogue avec une forme de rêverie. Elle entre en résonance directe avec le lieu, comme si les murs eux-mêmes se souvenaient, comme si les cultures anciennes affleuraient sous la surface. En écho à cette narration visuelle, des éléments disséminés dans le potager viennent troubler la lecture et éveiller la curiosité. Objets singuliers, formes inattendues, présences discrètes et parfois facétieuses : ces œuvres ponctuent l’espace comme les indices d’une histoire parallèle. Elles invitent le visiteur à une déambulation active, presque ludique, transformant le jardin en territoire d’exploration. Ainsi se dessine une sorte de chasse au trésor poétique, où chaque détail compte, où l’œil s’attarde, cherche, découvre. Entre histoire et imaginaire, rigueur et fantaisie, l’installation propose une expérience sensible du lieu : un parcours où le passé se rejoue, et où l’étrangeté vient délicatement bousculer l’ordre du jardin. ### L’artiste Formée en Histoire de l’art (École du Louvre, Paris 1), Delphine Delas développe une pratique nourrie de références transhistoriques - du maniérisme au baroque, de l’iconographie classique aux récits mythologiques - qu’elle transpose dans un langage contemporain issu également de l’art urbain. Son travail interroge la figure, la métamorphose, le récit et la théâtralité de l’espace.
Lieu: Versailles, 10 rue du Maréchal Joffre 78000 Versailles
Date de début: 2026-06-27 10:00:00
Date de fin: 2026-08-30 18:00:00
Catégories: Exposition, Art, Jardin"
87267484,Visite du domaine de la Grange - la Prévôté,"Visite du parcours botanique, du château, de la ferme pédagogique et du jardin-potager et fruitier","Passez un moment de découverte et de surprise en vos promenant dans un lieu hors du temps et ouvert aux visiteurs \- le parc et son parcours botanique sont ouverts tous les jours ; \- la ferme pdégogique est ouverte aux visites libres et aux groupes accompagnées suivant les jours de la semaine \- le jardin-potager est ouvert en semaine, surtout le matin par temps de canicule \- les amis du Château de la Grange proposent des visites guidées du château les premiers dimanches après-midi du mois.",Savigny-le-Temple,Avenue du 8 mai 1945 77176 Savigny-le-Temple,Île-de-France,2026-06-27 10:00:00,2026-08-28 18:00:00,parcours botanique - ferme pédagogique - jardin potager et fruitier - château 2nd Empire,https://openagenda.com/jardins-ouverts-2026/events/domaine-de-la-grange-la-prevote-7408761,"Titre: Visite du domaine de la Grange - la Prévôté
Description: Visite du parcours botanique, du château, de la ferme pédagogique et du jardin-potager et fruitier
Détails: Passez un moment de découverte et de surprise en vos promenant dans un lieu hors du temps et ouvert aux visiteurs \- le parc et son parcours botanique sont ouverts tous les jours ; \- la ferme pdégogique est ouverte aux visites libres et aux groupes accompagnées suivant les jours de la semaine \- le jardin-potager est ouvert en semaine, surtout le matin par temps de canicule \- les amis du Château de la Grange proposent des visites guidées du château les premiers dimanches après-midi du mois.
Lieu: Savigny-le-Temple, Avenue du 8 mai 1945 77176 Savigny-le-Temple
Date de début: 2026-06-27 10:00:00
Date de fin: 2026-08-28 18:00:00
Catégories: parcours botanique - ferme pédagogique - jardin potager et fruitier - château 2nd Empire"
72112923,Visite libre jardin pédagogique,Visite libre du jardin pédagogique du Musée départemental de la Seine-et-Marne,,Saint-Cyr-sur-Morin,17 avenue de la Ferté-sous-Jouarre 77750 Saint-Cyr-sur-Morin,Île-de-France,2026-06-29 10:00:00,2026-07-31 17:00:00,,https://openagenda.com/jardins-ouverts-2026/events/visite-jardin-pedagogique,"Titre: Visite libre jardin pédagogique
Description: Visite libre du jardin pédagogique du Musée départemental de la Seine-et-Marne
Lieu: Saint-Cyr-sur-Morin, 17 avenue de la Ferté-sous-Jouarre 77750 Saint-Cyr-sur-Morin
Date de début: 2026-06-29 10:00:00
Date de fin: 2026-07-31 17:00:00"
66547449,Installation artistique par Ilona Mikneviciute,"L’artiste lituanienne Ilona Mikneviciute présente Albédo 85%, accumulation de nuages blancs suspendus dans le paysage, comme un fragment de ciel tombé dans le parc du Hangar Y.","L’artiste lituanienne Ilona Mikneviciute présente Albédo 85%, accumulation de nuages blancs suspendus dans le paysage, comme un fragment de ciel tombé dans le parc du Hangar Y… Composée de voiles translucides suspendus, l’œuvre évolue avec le vent et le soleil, explorant le phénomène d’albédo qui désigne la capacité de réflexion de la lumière. Entre ciel et terre, elle invite à ressentir les équilibres du vivant et la fragilité de notre environnement.",Meudon,9 avenue de Trivaux 92190 Meudon,Île-de-France,2026-07-03 11:00:00,2026-08-30 19:00:00,art installation exposition nature paysage ciel parc,https://openagenda.com/jardins-ouverts-2026/events/installation-artistique-par-ilona-mikneviciute,"Titre: Installation artistique par Ilona Mikneviciute
Description: L’artiste lituanienne Ilona Mikneviciute présente Albédo 85%, accumulation de nuages blancs suspendus dans le paysage, comme un fragment de ciel tombé dans le parc du Hangar Y.
Détails: L’artiste lituanienne Ilona Mikneviciute présente Albédo 85%, accumulation de nuages blancs suspendus dans le paysage, comme un fragment de ciel tombé dans le parc du Hangar Y… Composée de voiles translucides suspendus, l’œuvre évolue avec le vent et le soleil, explorant le phénomène d’albédo qui désigne la capacité de réflexion de la lumière. Entre ciel et terre, elle invite à ressentir les équilibres du vivant et la fragilité de notre environnement.
Lieu: Meudon, 9 avenue de Trivaux 92190 Meudon
Date de début: 2026-07-03 11:00:00
Date de fin: 2026-08-30 19:00:00
Catégories: art installation exposition nature paysage ciel parc"
98554768,Visite du jardin de sculptures du MAC VAL,Visite libre du jardin agrémenté de sculptures de la collection du musée,"**Le MAC VAL est entouré d’un parc départemental de plus 10000 m2.** Agrémenté de **sculptures** de la collection du musée, ce jardin paysagé a été créé dans un esprit minimaliste par Gilles Vexlard. Le musée forme une enceinte protectrice autour de cet espace composé d’essences multiples d’arbres et de plantes. C’est aussi un véritable lieu de vie où se retrouver en famille ou entre amis et contempler des œuvres du MAC VAL. Pendant toute la durée de l'opération _**Jardins Ouverts en Île-de-France,**_ venez découvrir librement ce jardin unique et les œuvres de Julien Berthier, Christian Boltanski, Eugène Dodeigne, Sara Favriau, Didier Marcel, Alain Séchas et James Webb qui le composent.",Vitry-sur-Seine,Place de la libération 94400 Vitry-sur-seine,Île-de-France,2026-06-27 11:00:00,2026-08-30 19:00:00,"visite, sculptures, art contemporain, musée",https://openagenda.com/jardins-ouverts-2026/events/visite-du-jardin-de-sculptures-du-mac-val-2936824,"Titre: Visite du jardin de sculptures du MAC VAL
Description: Visite libre du jardin agrémenté de sculptures de la collection du musée
Détails: **Le MAC VAL est entouré d’un parc départemental de plus 10000 m2.** Agrémenté de **sculptures** de la collection du musée, ce jardin paysagé a été créé dans un esprit minimaliste par Gilles Vexlard. Le musée forme une enceinte protectrice autour de cet espace composé d’essences multiples d’arbres et de plantes. C’est aussi un véritable lieu de vie où se retrouver en famille ou entre amis et contempler des œuvres du MAC VAL. Pendant toute la durée de l'opération _**Jardins Ouverts en Île-de-France,**_ venez découvrir librement ce jardin unique et les œuvres de Julien Berthier, Christian Boltanski, Eugène Dodeigne, Sara Favriau, Didier Marcel, Alain Séchas et James Webb qui le composent.
Lieu: Vitry-sur-Seine, Place de la libération 94400 Vitry-sur-seine
Date de début: 2026-06-27 11:00:00
Date de fin: 2026-08-30 19:00:00
Catégories: visite, sculptures, art contemporain, musée"
66528611,Visite libre du musée (Jardin en accès libre),Découvrez la collection du musée en Visite libre du (Jardin en accès libre),Découvrez la collection du musée en Visite libre du (Jardin en accès libre),Auvers-sur-Oise,44 Rue Alphonse Callè 95430 Auvers-sur-Oise,Île-de-France,2026-06-27 11:30:00,2026-08-30 21:00:00,"jardin, musée, art, culture, auvers",https://openagenda.com/jardins-ouverts-2026/events/visite-libre-du-musee-jardin-en-acces-libre,"Titre: Visite libre du musée (Jardin en accès libre)
Description: Découvrez la collection du musée en Visite libre du (Jardin en accès libre)
Lieu: Auvers-sur-Oise, 44 Rue Alphonse Callè 95430 Auvers-sur-Oise
Date de début: 2026-06-27 11:30:00
Date de fin: 2026-08-30 21:00:00
Catégories: jardin, musée, art, culture, auvers"
5405488,Visite du Potager conservatoire,Découvrez la richesse des fruits et légumes anciens,"Inauguré à l’été 2025, le Potager conservatoire du domaine de Villarceaux, créé en partenariat avec Île-de-France Nature, invite à (re)découvrir la richesse des fruits et légumes anciens de la région. Situé à l’entrée du domaine, ce jardin vivant et évolutif sensibilise simplement aux enjeux de biodiversité, de saisonnalité et de pratiques agricoles respectueuses des sols. Il constitue également un espace privilégié de découverte et de transmission, accessible à tous les publics.",Chaussy,"D142, 95710 Chaussy",Île-de-France,2026-06-30 14:00:00,2026-08-30 18:00:00,,https://openagenda.com/jardins-ouverts-2026/events/visite-du-potager-conservatoire-1545678,"Titre: Visite du Potager conservatoire
Description: Découvrez la richesse des fruits et légumes anciens
Détails: Inauguré à l’été 2025, le Potager conservatoire du domaine de Villarceaux, créé en partenariat avec Île-de-France Nature, invite à (re)découvrir la richesse des fruits et légumes anciens de la région. Situé à l’entrée du domaine, ce jardin vivant et évolutif sensibilise simplement aux enjeux de biodiversité, de saisonnalité et de pratiques agricoles respectueuses des sols. Il constitue également un espace privilégié de découverte et de transmission, accessible à tous les publics.
Lieu: Chaussy, D142, 95710 Chaussy
Date de début: 2026-06-30 14:00:00
Date de fin: 2026-08-30 18:00:00"
62052431,"Jeux, lectures et farniente dans le jardin du Musée","Durant tout l'été, des livres, jeux de société et jeux en bois sont à votre disposition pour vous détendre et vous amuser dans le jardin.","Plongez-vous dans les histoires de votre choix à l’ombre des arbres. Le temps d’un jeu, en famille ou entre amis, voyagez à travers le temps ou laissez libre cours à votre créativité en créant vos propres œuvres d’art ! Et pourquoi ne pas défier vos proches lors d’une partie de quilles, d’anneaux ou de morpion ?",Montmorency,5 rue Jean-Jacques-Rousseau 95160 Montmorency,Île-de-France,2026-06-27 14:00:00,2026-08-30 18:00:00,,https://openagenda.com/jardins-ouverts-2026/events/jeux-lectures-et-farniente-dans-le-jardin-du-musee-1856169,"Titre: Jeux, lectures et farniente dans le jardin du Musée
Description: Durant tout l'été, des livres, jeux de société et jeux en bois sont à votre disposition pour vous détendre et vous amuser dans le jardin.
Détails: Plongez-vous dans les histoires de votre choix à l’ombre des arbres. Le temps d’un jeu, en famille ou entre amis, voyagez à travers le temps ou laissez libre cours à votre créativité en créant vos propres œuvres d’art ! Et pourquoi ne pas défier vos proches lors d’une partie de quilles, d’anneaux ou de morpion ?
Lieu: Montmorency, 5 rue Jean-Jacques-Rousseau 95160 Montmorency
Date de début: 2026-06-27 14:00:00
Date de fin: 2026-08-30 18:00:00"
97379502,Bibliambuler au domaine Brialy,La bibliothèque ambulante pose ses hamacs dans le parc du domaine,"Le temps d’une journée, laissez votre imagination et vos rêveries vagabonder dans le parc au gré des hamacs de la bibliambule, une bibliothèque ambulante, et de ses sélections d'ouvrages pour petits et grands. D'autres activités accompagneront cette journée pour proposer une pause estivale conviviale.",Monthyon,1 rue Thiers 77122 Monthyon,Île-de-France,2026-07-15 10:00:00,2026-07-15 17:00:00,,https://openagenda.com/jardins-ouverts-2026/events/bibliambuller-au-domaine-brialy,"Titre: Bibliambuler au domaine Brialy
Description: La bibliothèque ambulante pose ses hamacs dans le parc du domaine
Détails: Le temps d’une journée, laissez votre imagination et vos rêveries vagabonder dans le parc au gré des hamacs de la bibliambule, une bibliothèque ambulante, et de ses sélections d'ouvrages pour petits et grands. D'autres activités accompagneront cette journée pour proposer une pause estivale conviviale.
Lieu: Monthyon, 1 rue Thiers 77122 Monthyon
Date de début: 2026-07-15 10:00:00
Date de fin: 2026-07-15 17:00:00"
5967384,Atelier Hors les murs... pour de vrai !,"Rosa Bonheur et Anna Klumpke ont peint dans ce parc. Venez vous essayer à peindre des arbres, des roses... Vous verrez peut-être une partie de leur ménagerie !","Rosa Bonheur et Anna Klumpke ont peint dans ce parc. Venez vous essayer à peindre des arbres, des roses... Vous verrez peut-être une partie de leur ménagerie ! Installez-vous devant notre grand chevalet et laissez parler votre créativité ! Fusains, pastels et peintures sont à votre disposition pour donner vie à vos inspirations.",Thomery,12 rue Rosa Bonheur 77810 Thomery,Île-de-France,2026-06-27 11:00:00,2026-08-30 18:00:00,"Chevalet, Peindre en plein air",https://openagenda.com/jardins-ouverts-2026/events/atelier-hors-les-murs-pour-de-vrai,"Titre: Atelier Hors les murs... pour de vrai !
Description: Rosa Bonheur et Anna Klumpke ont peint dans ce parc. Venez vous essayer à peindre des arbres, des roses... Vous verrez peut-être une partie de leur ménagerie !
Détails: Rosa Bonheur et Anna Klumpke ont peint dans ce parc. Venez vous essayer à peindre des arbres, des roses... Vous verrez peut-être une partie de leur ménagerie ! Installez-vous devant notre grand chevalet et laissez parler votre créativité ! Fusains, pastels et peintures sont à votre disposition pour donner vie à vos inspirations.
Lieu: Thomery, 12 rue Rosa Bonheur 77810 Thomery
Date de début: 2026-06-27 11:00:00
Date de fin: 2026-08-30 18:00:00
Catégories: Chevalet, Peindre en plein air"
69696389,L'Antiquité réinventée,Et si vous visitiez le château de Gramont à travers son décors Renaissance?,,Gramont,5 place du château 82120 GRAMONT,Occitanie,2026-07-15 10:30:00,2026-08-19 11:30:00,,https://openagenda.com/chateau-de-gramont/events/lantiquite-reinventee,"Titre: L'Antiquité réinventée
Description: Et si vous visitiez le château de Gramont à travers son décors Renaissance?
Lieu: Gramont, 5 place du château 82120 GRAMONT
Date de début: 2026-07-15 10:30:00
Date de fin: 2026-08-19 11:30:00"
10872500,Réalise ton blason !,Découvrez l'héraldique et réalisez votre blason au château de Gramont !,"Découvrez le château et son histoire, observez les différents blasons visibles dans le monument. Sculptés ou peints, sur un vitrail ou au-dessus d'une porte, l'héraldique et son vocabulaire n'auront plus de secrets pour vous ! Une fois la visite terminée, réalisez votre blason en respectant les codes de l'héraldique !",Gramont,5 place du château 82120 GRAMONT,Occitanie,2023-04-27 16:30:00,2026-08-06 16:30:00,,https://openagenda.com/chateau-de-gramont/events/realise-ton-blason,"Titre: Réalise ton blason !
Description: Découvrez l'héraldique et réalisez votre blason au château de Gramont !
Détails: Découvrez le château et son histoire, observez les différents blasons visibles dans le monument. Sculptés ou peints, sur un vitrail ou au-dessus d'une porte, l'héraldique et son vocabulaire n'auront plus de secrets pour vous ! Une fois la visite terminée, réalisez votre blason en respectant les codes de l'héraldique !
Lieu: Gramont, 5 place du château 82120 GRAMONT
Date de début: 2023-04-27 16:30:00
Date de fin: 2026-08-06 16:30:00"
64774759,Visite Les Petits Seigneurs,Et si les tout-petits découvraient le château de Gramont lors d'une visite pensée pour eux?,"Pensée pour les tout-petits, cette visite est une invitation à découvrir le château de Gramont et sa vie historique ! De lectures en expériences, déambulez dans les différentes salles et vivez la vie de château ! Cette visite est ludique et interactive, parfaite pour une première approche du patrimoine !",Gramont,5 place du château 82120 GRAMONT,Occitanie,2025-08-14 10:30:00,2026-08-13 11:30:00,,https://openagenda.com/chateau-de-gramont/events/visite-les-petits-seigneurs,"Titre: Visite Les Petits Seigneurs
Description: Et si les tout-petits découvraient le château de Gramont lors d'une visite pensée pour eux?
Détails: Pensée pour les tout-petits, cette visite est une invitation à découvrir le château de Gramont et sa vie historique ! De lectures en expériences, déambulez dans les différentes salles et vivez la vie de château ! Cette visite est ludique et interactive, parfaite pour une première approche du patrimoine !
Lieu: Gramont, 5 place du château 82120 GRAMONT
Date de début: 2025-08-14 10:30:00
Date de fin: 2026-08-13 11:30:00"
47059328,Saveurs d'antan,"Découvrez les usages de la table au château de Gramont, du Moyen Âge à la Renaissance !","Suivez la visite de la cuisine du château, présentée dans l'esprit du XIXe siècle, qui vous plonge dans un univers du quotidien, dressez une table et sentez les épices utilisées fréquemment ! Pour finir, réalisez une petite recette à déguster pour le goûter !",Gramont,5 place du château 82120 GRAMONT,Occitanie,2023-05-04 14:30:00,2026-08-13 16:30:00,,https://openagenda.com/chateau-de-gramont/events/saveurs-dantan,"Titre: Saveurs d'antan
Description: Découvrez les usages de la table au château de Gramont, du Moyen Âge à la Renaissance !
Détails: Suivez la visite de la cuisine du château, présentée dans l'esprit du XIXe siècle, qui vous plonge dans un univers du quotidien, dressez une table et sentez les épices utilisées fréquemment ! Pour finir, réalisez une petite recette à déguster pour le goûter !
Lieu: Gramont, 5 place du château 82120 GRAMONT
Date de début: 2023-05-04 14:30:00
Date de fin: 2026-08-13 16:30:00"
64649561,Journées européennes du patrimoine,Profitez des Journées européennes du patrimoine pour visiter le château de Gramont !,,Gramont,5 place du château 82120 GRAMONT,Occitanie,2023-09-16 10:00:00,2026-09-20 17:30:00,,https://openagenda.com/chateau-de-gramont/events/journees-europeennes-du-patrimoine-7760765,"Titre: Journées européennes du patrimoine
Description: Profitez des Journées européennes du patrimoine pour visiter le château de Gramont !
Lieu: Gramont, 5 place du château 82120 GRAMONT
Date de début: 2023-09-16 10:00:00
Date de fin: 2026-09-20 17:30:00"
51313674,"Projection du documentaire ""Penser l'incertitude""","Projection du documentaire ""Penser l'incertitude"" de Christian Barani au cinéma municipal Les Arts de Cluny","Projection du documentaire ""Penser l'incertitude"" de Christian Barani au cinéma municipal Les Arts de Cluny Tel un voyage à travers la France, ses territoires et les paysages, le film dresse le portrait d’une nouvelle génération, dévoile ses valeurs communes et les espoirs qu’elle porte. Parcourant les paysages, traversant les chantiers, visitant des bâtiments, ces jeunes professionnel.le.s témoignent de leur travail, du sens d’un engagement délicat et d’une attention à prendre soin des territoires, de celles et de ceux qui y vivent. Après la projection, échanges avec un membre d'Ejo Coopérative, installée au Mont-Saint-Vincent et lauréate des Albums des Jeunes Architectes et Paysagistes 2023, décernés par le Ministère de la Culture.",Cluny,"Place du marché, 71250 CLUNY",Bourgogne-Franche-Comté,2026-09-27 17:00:00,2026-09-27 18:30:00,,https://openagenda.com/jnarchi-2026-bourgogne-franche-comte/events/projection-du-documentaire-penser-lincertitude-7291303,"Titre: Projection du documentaire ""Penser l'incertitude""
Description: Projection du documentaire ""Penser l'incertitude"" de Christian Barani au cinéma municipal Les Arts de Cluny
Détails: Projection du documentaire ""Penser l'incertitude"" de Christian Barani au cinéma municipal Les Arts de Cluny Tel un voyage à travers la France, ses territoires et les paysages, le film dresse le portrait d’une nouvelle génération, dévoile ses valeurs communes et les espoirs qu’elle porte. Parcourant les paysages, traversant les chantiers, visitant des bâtiments, ces jeunes professionnel.le.s témoignent de leur travail, du sens d’un engagement délicat et d’une attention à prendre soin des territoires, de celles et de ceux qui y vivent. Après la projection, échanges avec un membre d'Ejo Coopérative, installée au Mont-Saint-Vincent et lauréate des Albums des Jeunes Architectes et Paysagistes 2023, décernés par le Ministère de la Culture.
Lieu: Cluny, Place du marché, 71250 CLUNY
Date de début: 2026-09-27 17:00:00
Date de fin: 2026-09-27 18:30:00"
86137069,Le Panthéon botanique,Premier Panthéon vivant où les arbres racontent l'histoire des femmes et des hommes qui ont façonné notre civilisation. Si les monuments honorent les hommes. Les arbres prolongent leur héritage.,"Sur 3 hectares, dans une prairie ensoleillée, près de la Chartreuse de Valprofonde, pénétrez dans ce parc en devenir à la sortie du bois dans la commune de Béon (Yonne). L'idée étant de mettre en valeur des arbres, des fleurs, des arbustes par l'intermédiaire d'hommes ou de femmes célèbres (ou moins connus) qui les ont évoqués dans leur texte, sur leur toile et qui les ont plantés parfois. Une façon ludique d'associer nature et culture.",Vaugenets,Béon,Bourgogne-Franche-Comté,2026-09-19 14:00:00,2026-09-20 18:30:00,,https://openagenda.com/le-pantheon-botanique/events/le-pantheon-botanique,"Titre: Le Panthéon botanique
Description: Premier Panthéon vivant où les arbres racontent l'histoire des femmes et des hommes qui ont façonné notre civilisation. Si les monuments honorent les hommes. Les arbres prolongent leur héritage.
Détails: Sur 3 hectares, dans une prairie ensoleillée, près de la Chartreuse de Valprofonde, pénétrez dans ce parc en devenir à la sortie du bois dans la commune de Béon (Yonne). L'idée étant de mettre en valeur des arbres, des fleurs, des arbustes par l'intermédiaire d'hommes ou de femmes célèbres (ou moins connus) qui les ont évoqués dans leur texte, sur leur toile et qui les ont plantés parfois. Une façon ludique d'associer nature et culture.
Lieu: Vaugenets, Béon
Date de début: 2026-09-19 14:00:00
Date de fin: 2026-09-20 18:30:00"
19885657,Semaine de découverte Culturelle & Scientifique,Plusieurs activités tout au long de la semaine pour découvrir le Pôle Culturel et Scientifique de Rochebelle !,"### **DU LUNDI 6 JUILLET AU VENDREDI 10 JUILLET 2026** **\- STAGE : « Construis ton Robot Abeille »** _proposé par Eurêk’Alès_ Rejoins-nous pour découvrir l’électricité à travers des notions comme l’interrupteur, l’inverseur et le moteur électrique. Tu mettras ces concepts en pratique en construisant ton propre “robot abeille”, que tu pourras emporter chez toi à la fin du stage. Amuse-toi tout en apprenant ! **Horaire : de 14h00 à 16h00 / Enfants de 8 à 12 ans Présence sur les 5 demi-journées obligatoire** _(du lundi 6 au vendredi 10)_ **Inscription obligatoire au 04 66 56 42 30 / Gratuit** **\- STAGE : « Réalisation »** _proposé par Itinérances_ En 5 jours, initiez-vous à la création d’un film, de la réalisation au montage, en passant par l’écriture de scénario, le repérage, le tournage et le cadrage aux côtés d’un professionnel. **Horaire : de 10h00 à 18h00 / Ados de 12 à 18 ans** **Information & réservation au 04 66 30 24 26 ou** [**jeunepublic@itinerances.org**](mailto:jeunepublic@itinerances.org) **Tarif : 250 €** ### **LUNDI 6 JUILLET 2026** **\- ATELIER : « Robot Dash »**_proposé par les médiateurs du Pôle_ Développez la curiosité de vos enfants au sujet des nouvelles technologies ? Le Robot « Dash » est programmable, il se déplace, danse, chante... Ce robot est fait pour vous ! **Horaire : 9h00 - 11h00 / Enfants 8 - 10 ans** **Inscription obligatoire au 04 66 56 42 30 / Gratuit** **\- ATELIER : « Enquête : Sauvons la petite loutre »** _proposé par Les chercheurs de l’IMT Mines Alès_ Une petite loutre tombe dans une mare étrange et ne se sent pas bien. Les jeunes détectives doivent enquêter sur la pollution ! Avec un HydroQuizz sur les changements climatiques et le jeu “Mystère dans la Mare”, ils découvriront les causes de la contamination et sauveront la loutre ! **Horaire : de 14h00 à 16h00 / Enfants de 10 à 12 ans** **Inscription obligatoire au 04 66 56 42 30 / Gratuit** ### **MARDI 7 JUILLET 2026** **\- ATELIER : « Robot Lego® Mindstorm® »** _proposé par les médiateurs du Pôle_ Crée ton propre robot et deviens un génie de la programmation ! Ensemble, nous allons relever le défi et l’aider à s’échapper d’un labyrinthe. **Horaire : 9h00 - 11h00 / Enfants 10 - 12 ans** **Inscription obligatoire au 04 66 56 42 30 / Gratuit** **\- ATELIER : « Girafe de danse »** _proposé par les médiateurs du Pôle_ Fabriquez cette amusante girafe qui danse de façon incontrôlée en se balançant d’avant en arrière ! Apportez 2 piles micro 1.5V (AAA) pour animer votre création et vous amuser ! **Horaire : de 14h00 à 16h00 / Enfants à partir de 10 ans** **Inscription obligatoire au 04 66 56 42 30 /Gratuit** ### **MERCREDI 8 JUILLET 2026** **\- ATELIER : « Création d’images Anaglyphes »** _proposé par les médiateurs du Pôle_ Jouer avec votre perception pour tromper votre cerveau et lui faire voir du relief dans une image en deux dimensions. **Horaire : 9h00 - 11h00 / Enfants 8 - 10 ans** **Inscription obligatoire au 04 66 56 42 30 / Gratuit** **\- ATELIER : « Explorateurs des Mers et des Océans »** _proposé par Le CPIE du Gard_ Découvrez la vie marine grâce à des jeux pour comprendre les écosystèmes et protéger les océans et les mers tout en s’amusant ! **Horaire : de 14h00 à 16h30 / Parents - Enfants à partir de 6 ans** **Inscription obligatoire au 04 66 52 61 38 ou** [**contact@cpiegard.fr**](mailto:contact@cpiegard.fr) **Gratuit** ### **JEUDI 9 JUILLET 2026** **\- ATELIER : « Arduino »** _proposé par les médiateurs du Pôle_ Les enfants découvriront l’électronique et la programmation à travers des projets amusants. **Horaire : de 9h00 à 11h00 / Enfants à partir de 10 ans** **Inscription obligatoire au 04 66 56 42 30 / Gratuit** **\- ATELIER : « Les petits secrets du jardin »** _proposé par les médiateurs du Pôle_ Explore le jardin et découvre ses petits habitants ! Avec nos loupes binoculaires, observe les insectes et apprends leur classification grâce à un livret. Prêt pour l’aventure ? **Horaire : de 14h00 à 16h00 / Enfants à partir de 7 ans** **Inscription obligatoire au 04 66 56 42 30 / Gratuit** ### **VENDREDI 10 JUILLET 2026** **\- ATELIER : « Robot Sphero »** _proposé par les médiateurs du Pôle_ Ce robot est à la fois étanche et flottant, ce qui vous permet de l’utiliser aussi bien sur terre que dans l’eau. Préparez-vous à transformer votre façon de jouer et d’apprendre ! **Horaire : de 9h00 à 11h00 /Enfants à partir de 10 ans** **Inscription obligatoire au 04 66 56 42 30 / Gratuit** **\- ATELIER : « Fleurs et Insectes : Écosystème en Couleurs ! »** _proposé par l’École Municipale d’Astronomie et l’Étoile Cévenole_ Nous allons plonger dans l’univers des fleurs colorées et des insectes qui les attirent. En ajoutant du nectar, nous aurons l’opportunité d’observer abeilles et papillons en pleine action. Ensemble, nous découvrirons l’importance des couleurs et des insectes dans notre écosystème. Vous participerez ensuite à une séance de planétarium intitulée “De la Terre à l’Univers”. **Horaire : de 14h00 à 16h00 / Enfants à partir de 8 ans** **Inscription obligatoire au 04 66 56 42 30 / Gratuit** **\- PROJECTION : « Réalisation »** _proposé par Itinérances_ Restitution du film créé durant le « Stage Réalisation » en présence de l’équipe du film. Après avoir exploré toutes les étapes de la création cinématographique, venez découvrir l’aboutissement de leur travail ! **Horaire : 18h Verre de l’amitié / 18h30 Projection** **Accès libre / Gratuit**",Alès,"155 faubourg de Rochebelle, 30100 Alès",Occitanie,2026-07-06 09:00:00,2026-07-10 16:00:00,"ateliers, enfants, stages, robotique, astronomie, gratuit, culture, science, ado, nature",https://openagenda.com/pole-culturel-et-scientifique-de-rochebelle/events/semaine-de-decouverte-culturelle-and-scientifique-8928118,"Titre: Semaine de découverte Culturelle & Scientifique
Description: Plusieurs activités tout au long de la semaine pour découvrir le Pôle Culturel et Scientifique de Rochebelle !
Détails: ### **DU LUNDI 6 JUILLET AU VENDREDI 10 JUILLET 2026** **\- STAGE : « Construis ton Robot Abeille »** _proposé par Eurêk’Alès_ Rejoins-nous pour découvrir l’électricité à travers des notions comme l’interrupteur, l’inverseur et le moteur électrique. Tu mettras ces concepts en pratique en construisant ton propre “robot abeille”, que tu pourras emporter chez toi à la fin du stage. Amuse-toi tout en apprenant ! **Horaire : de 14h00 à 16h00 / Enfants de 8 à 12 ans Présence sur les 5 demi-journées obligatoire** _(du lundi 6 au vendredi 10)_ **Inscription obligatoire au 04 66 56 42 30 / Gratuit** **\- STAGE : « Réalisation »** _proposé par Itinérances_ En 5 jours, initiez-vous à la création d’un film, de la réalisation au montage, en passant par l’écriture de scénario, le repérage, le tournage et le cadrage aux côtés d’un professionnel. **Horaire : de 10h00 à 18h00 / Ados de 12 à 18 ans** **Information & réservation au 04 66 30 24 26 ou** [**jeunepublic@itinerances.org**](mailto:jeunepublic@itinerances.org) **Tarif : 250 €** ### **LUNDI 6 JUILLET 2026** **\- ATELIER : « Robot Dash »**_proposé par les médiateurs du Pôle_ Développez la curiosité de vos enfants au sujet des nouvelles technologies ? Le Robot « Dash » est programmable, il se déplace, danse, chante... Ce robot est fait pour vous ! **Horaire : 9h00 - 11h00 / Enfants 8 - 10 ans** **Inscription obligatoire au 04 66 56 42 30 / Gratuit** **\- ATELIER : « Enquête : Sauvons la petite loutre »** _proposé par Les chercheurs de l’IMT Mines Alès_ Une petite loutre tombe dans une mare étrange et ne se sent pas bien. Les jeunes détectives doivent enquêter sur la pollution ! Avec un HydroQuizz sur les changements climatiques et le jeu “Mystère dans la Mare”, ils découvriront les causes de la contamination et sauveront la loutre ! **Horaire : de 14h00 à 16h00 / Enfants de 10 à 12 ans** **Inscription obligatoire au 04 66 56 42 30 / Gratuit** ### **MARDI 7 JUILLET 2026** **\- ATELIER : « Robot Lego® Mindstorm® »** _proposé par les médiateurs du Pôle_ Crée ton propre robot et deviens un génie de la programmation ! Ensemble, nous allons relever le défi et l’aider à s’échapper d’un labyrinthe. **Horaire : 9h00 - 11h00 / Enfants 10 - 12 ans** **Inscription obligatoire au 04 66 56 42 30 / Gratuit** **\- ATELIER : « Girafe de danse »** _proposé par les médiateurs du Pôle_ Fabriquez cette amusante girafe qui danse de façon incontrôlée en se balançant d’avant en arrière ! Apportez 2 piles micro 1.5V (AAA) pour animer votre création et vous amuser ! **Horaire : de 14h00 à 16h00 / Enfants à partir de 10 ans** **Inscription obligatoire au 04 66 56 42 30 /Gratuit** ### **MERCREDI 8 JUILLET 2026** **\- ATELIER : « Création d’images Anaglyphes »** _proposé par les médiateurs du Pôle_ Jouer avec votre perception pour tromper votre cerveau et lui faire voir du relief dans une image en deux dimensions. **Horaire : 9h00 - 11h00 / Enfants 8 - 10 ans** **Inscription obligatoire au 04 66 56 42 30 / Gratuit** **\- ATELIER : « Explorateurs des Mers et des Océans »** _proposé par Le CPIE du Gard_ Découvrez la vie marine grâce à des jeux pour comprendre les écosystèmes et protéger les océans et les mers tout en s’amusant ! **Horaire : de 14h00 à 16h30 / Parents - Enfants à partir de 6 ans** **Inscription obligatoire au 04 66 52 61 38 ou** [**contact@cpiegard.fr**](mailto:contact@cpiegard.fr) **Gratuit** ### **JEUDI 9 JUILLET 2026** **\- ATELIER : « Arduino »** _proposé par les médiateurs du Pôle_ Les enfants découvriront l’électronique et la programmation à travers des projets amusants. **Horaire : de 9h00 à 11h00 / Enfants à partir de 10 ans** **Inscription obligatoire au 04 66 56 42 30 / Gratuit** **\- ATELIER : « Les petits secrets du jardin »** _proposé par les médiateurs du Pôle_ Explore le jardin et découvre ses petits habitants ! Avec nos loupes binoculaires, observe les insectes et apprends leur classification grâce à un livret. Prêt pour l’aventure ? **Horaire : de 14h00 à 16h00 / Enfants à partir de 7 ans** **Inscription obligatoire au 04 66 56 42 30 / Gratuit** ### **VENDREDI 10 JUILLET 2026** **\- ATELIER : « Robot Sphero »** _proposé par les médiateurs du Pôle_ Ce robot est à la fois étanche et flottant, ce qui vous permet de l’utiliser aussi bien sur terre que dans l’eau. Préparez-vous à transformer votre façon de jouer et d’apprendre ! **Horaire : de 9h00 à 11h00 /Enfants à partir de 10 ans** **Inscription obligatoire au 04 66 56 42 30 / Gratuit** **\- ATELIER : « Fleurs et Insectes : Écosystème en Couleurs ! »** _proposé par l’École Municipale d’Astronomie et l’Étoile Cévenole_ Nous allons plonger dans l’univers des fleurs colorées et des insectes qui les attirent. En ajoutant du nectar, nous aurons l’opportunité d’observer abeilles et papillons en pleine action. Ensemble, nous découvrirons l’importance des couleurs et des insectes dans notre écosystème. Vous participerez ensuite à une séance de planétarium intitulée “De la Terre à l’Univers”. **Horaire : de 14h00 à 16h00 / Enfants à partir de 8 ans** **Inscription obligatoire au 04 66 56 42 30 / Gratuit** **\- PROJECTION : « Réalisation »** _proposé par Itinérances_ Restitution du film créé durant le « Stage Réalisation » en présence de l’équipe du film. Après avoir exploré toutes les étapes de la création cinématographique, venez découvrir l’aboutissement de leur travail ! **Horaire : 18h Verre de l’amitié / 18h30 Projection** **Accès libre / Gratuit**
Lieu: Alès, 155 faubourg de Rochebelle, 30100 Alès
Date de début: 2026-07-06 09:00:00
Date de fin: 2026-07-10 16:00:00
Catégories: ateliers, enfants, stages, robotique, astronomie, gratuit, culture, science, ado, nature"
23982859,Les Mercredis du Pôle,"Des ateliers pour enfant, tous les mercredis au Pôle Culturel et Scientifique d'Alès !","Tous les mercredis après midi à partir de 14H, hors vacances scolaires, découvrez les ateliers ludiques et pédagogiques du Pôle culturel et scientifique ainsi que de ses partenaires. Sur inscription, en salle ou aux jardins, ils se déroulent généralement entre 14h à 17h, sur des thématiques très variées et adaptées à tous les âges ! Un programme détaillé est disponible chaque mois. Proposés par la Ville d'Alès, les médiateurs du Pôle, le CPIE du Gard, l'Ecole municipale d’Astronomie de la Ville d’Alès\*\*,\*\* l'Etoile Cévenole ou encore Eurek'Alès. Renseignements et inscriptions au 04 66 56 42 30. Pôle Culturel et Scientifique d'Alès - 155 faubourg de Rochebelle - 30 100 Alès.",Alès,"155 faubourg de Rochebelle, 30100 Alès",Occitanie,2025-09-24 14:00:00,2026-06-17 16:00:00,"ateliers, activités enfant, gratuit, mercredi, culture, sciences, arts plastiques, jardinage, jardin pédagogique, expositions, stages",https://openagenda.com/pole-culturel-et-scientifique-de-rochebelle/events/les-mercredis-du-pole,"Titre: Les Mercredis du Pôle
Description: Des ateliers pour enfant, tous les mercredis au Pôle Culturel et Scientifique d'Alès !
Détails: Tous les mercredis après midi à partir de 14H, hors vacances scolaires, découvrez les ateliers ludiques et pédagogiques du Pôle culturel et scientifique ainsi que de ses partenaires. Sur inscription, en salle ou aux jardins, ils se déroulent généralement entre 14h à 17h, sur des thématiques très variées et adaptées à tous les âges ! Un programme détaillé est disponible chaque mois. Proposés par la Ville d'Alès, les médiateurs du Pôle, le CPIE du Gard, l'Ecole municipale d’Astronomie de la Ville d’Alès\*\*,\*\* l'Etoile Cévenole ou encore Eurek'Alès. Renseignements et inscriptions au 04 66 56 42 30. Pôle Culturel et Scientifique d'Alès - 155 faubourg de Rochebelle - 30 100 Alès.
Lieu: Alès, 155 faubourg de Rochebelle, 30100 Alès
Date de début: 2025-09-24 14:00:00
Date de fin: 2026-06-17 16:00:00
Catégories: ateliers, activités enfant, gratuit, mercredi, culture, sciences, arts plastiques, jardinage, jardin pédagogique, expositions, stages"
18620995,"Les Mercredis du Pôle - Atelier "" Arduino """,À la Découverte de l’Électronique et de la Programmation !,"**Les Mercredis du Pôle** ------------------------- ### **Atelier "" Arduino ""** Bienvenue dans notre atelier où l’électronique et la programmation prennent vie ! Préparez-vous à plonger dans un monde fascinant rempli de découvertes, de créativité et de projets amusants ! **Enfants à partir de10 ans / Insciption obligatoire au 04 66 56 42 30** **Horaires : 14h00 - 16h00 / Gratuit**",Alès,"155 faubourg de Rochebelle, 30100 Alès",Occitanie,2026-01-28 14:00:00,2026-01-28 16:00:00,"atelier, programmation, enfant, mercredi, gratuit, arduino, electronique",https://openagenda.com/pole-culturel-et-scientifique-de-rochebelle/events/les-mercredis-du-pole-atelier-arduino,"Titre: Les Mercredis du Pôle - Atelier "" Arduino ""
Description: À la Découverte de l’Électronique et de la Programmation !
Détails: **Les Mercredis du Pôle** ------------------------- ### **Atelier "" Arduino ""** Bienvenue dans notre atelier où l’électronique et la programmation prennent vie ! Préparez-vous à plonger dans un monde fascinant rempli de découvertes, de créativité et de projets amusants ! **Enfants à partir de10 ans / Insciption obligatoire au 04 66 56 42 30** **Horaires : 14h00 - 16h00 / Gratuit**
Lieu: Alès, 155 faubourg de Rochebelle, 30100 Alès
Date de début: 2026-01-28 14:00:00
Date de fin: 2026-01-28 16:00:00
Catégories: atelier, programmation, enfant, mercredi, gratuit, arduino, electronique"
99250417,"Exposition "" Intelligences : du naturel au numérique """,Exposition produite par le Centre de l'Imaginaire Scientifique et Technique (CIST),"Cette exposition interactive vous propose un parcours en plusieurs étapes pour découvrir la richesse des intelligences : humaines, animales et artificielles. Un cheminement allant de l'observation à l'action, où chaque espace permet de comprendre notre façon de percevoir, de mémoriser, de raisonner et d'agir. Vous découvrirez , dans une ambiance joyeuse et ludique, que l'intelligence ne se limite ni à un quotient intellectuel ni à une définition unique. Grâce à des jeux, des quiz et des expériences pratiques, les visiteurs sont invités à réfléchir sur leurs propres capacités cognitives ainsi que sur celles des autres espèces et des intelligences artificielles. Accessible à tous les âges et à toutes les curiosités, cette visite peut être vécue en solo, en famille ou en groupe, permettant d'apprendre tout en s'amusant et de se poser des questions essentielles : Peut-on améliorer son intelligence ? Une plante peut-elle être intelligente ? Les machines possèdent-elles une conscience ?"" **Gratuit**",Alès,"155 faubourg de Rochebelle, 30100 Alès",Occitanie,2025-10-11 14:00:00,2025-12-10 17:00:00,"exposition, atelier",https://openagenda.com/pole-culturel-et-scientifique-de-rochebelle/events/exposition-intelligences-du-naturel-au-numerique,"Titre: Exposition "" Intelligences : du naturel au numérique ""
Description: Exposition produite par le Centre de l'Imaginaire Scientifique et Technique (CIST)
Détails: Cette exposition interactive vous propose un parcours en plusieurs étapes pour découvrir la richesse des intelligences : humaines, animales et artificielles. Un cheminement allant de l'observation à l'action, où chaque espace permet de comprendre notre façon de percevoir, de mémoriser, de raisonner et d'agir. Vous découvrirez , dans une ambiance joyeuse et ludique, que l'intelligence ne se limite ni à un quotient intellectuel ni à une définition unique. Grâce à des jeux, des quiz et des expériences pratiques, les visiteurs sont invités à réfléchir sur leurs propres capacités cognitives ainsi que sur celles des autres espèces et des intelligences artificielles. Accessible à tous les âges et à toutes les curiosités, cette visite peut être vécue en solo, en famille ou en groupe, permettant d'apprendre tout en s'amusant et de se poser des questions essentielles : Peut-on améliorer son intelligence ? Une plante peut-elle être intelligente ? Les machines possèdent-elles une conscience ?"" **Gratuit**
Lieu: Alès, 155 faubourg de Rochebelle, 30100 Alès
Date de début: 2025-10-11 14:00:00
Date de fin: 2025-12-10 17:00:00
Catégories: exposition, atelier"
26305796,Les Journées du Climat 2025,Célébrons notre atmosphère actuelle tout en abordant le changement climatique de façon ludique et accessible à tous.,"À l’occasion de la journée mondiale du climat, le Climatographe en partenariat avec la Ville d'Alès organisent un événement axé sur la découverte et l’échange autour du climat. L’objectif est de célébrer le climat dans son état actuel, son inspiration et son interprétation, tout en abordant le changement climatique de manière ludique et accessible au grand public. ### **𝗣𝗥𝗢𝗚𝗥𝗔𝗠𝗠𝗘 / 𝗗𝗜𝗠𝗔𝗡𝗖𝗛𝗘 𝟳 𝗗𝗘𝗖𝗘𝗠𝗕𝗥𝗘** ### 𝐋𝐄𝐒 𝐂𝐎𝐍𝐅𝐄𝐑𝐄𝐍𝐂𝐄𝐒 𝐀 𝐋’𝐀𝐔𝐃𝐈𝐓𝐎𝐑𝐈𝐔𝐌 (𝟏𝟎𝐇-𝟏𝟗𝐇) **10h – Inauguration :** Les journées du climat : une aventure à vivre ensemble ! Ouverture de la manifestation en présence d’ Irène Lebeau, Vice-Présidente à l’Environnement et Transition Écologique de la communauté de commune Causses, Aigoual, Cévennes – Terres Solidaires ; Elu de la ville d’Alès ; Marion Angelini, médiatrice scientifique au Climatographe. Verre de l’amitié offert par nos partenaires. _**Tout public**_ **11h – Projection : « Cultiver la pluie » de Marc Khanne – 75min** Alertés par les enjeux liés à l’eau, les auteurs du film ont rencontré une quinzaine d’acteurs et d’agriculteurs, dont le botaniste Francis Hallé. À travers des témoignages du Larzac au Cap-Vert, le documentaire met en lumière l’efficacité de pratiques telles que l’agroforesterie, le maraîchage sur sol vivant et l’hydrologie régénérative face aux sécheresses et inondations. _**Tout public**_ **13h45 – Conférence & débat : Tout comprendre sur le changement climatique : l’exemple d’Alès et du Gard dans une France à +4°C** _**par Sophie Ricard et Malo Tiriau, ingénieur.es à Météo France**_ Météo-France abordera les différences entre météo et climat, l’observation du changement climatique, et son évolution dans le Gard et à Alès sous un scénario de +4 °C. Le point sera fait sur les bases du changement climatique et les résultats de la TRACC, qui prévoient les conséquences pour la région. **15h00 – Conférence & débat : La machine climat et son évolution naturelle au cours du temps** _**par Daniel Larribe, Géologue hydrogéologue**_ Le climat, influencé par des facteurs astronomiques, géologiques et biologiques, a toujours varié, avec des périodes telles qu’un Sahara verdoyant ou des Amériques gelées. Quelles en sont les causes et les mécanismes ? **16h15 – Quiz ! Combien pèse un nuage, quel âge à la météo… Êtes-vous incollable sur le climat ?** _**par Marion Angelini, médiatrice scientifique au Climatographe – Observatoire du Mont Aigoual**_ Accessible à tous âges, venez tester vos connaissances, et montrer ce que vous avez appris de cette journée avec ce grand jeu de questions autour de la météo, du climat, du changement climatique et de l’environnement. De multiples lots seront à gagner ! **17h00 – Conférence & débat : Bilan carbone 2024 : le spectacle, ça consomme ?** _**par La Verrerie, Pôle National de Cirque**_ Sous l’impulsion du ministère de la Culture, neuf Pôles nationaux Cirque, dont La Verrerie d’Alès, réalisent un bilan carbone, finalisé en juin 2025. Ce travail permet de comprendre les impacts environnementaux du cirque et d’initier des actions concrètes. À l’occasion de la journée du Climat, La Verrerie d’Alès présentera les résultats du bilan et les initiatives pour une transition écologique adaptée aux enjeux actuels. **17h45 – Théâtre forum et table ronde : On n’a pas la clim’, mais on a des idées fraîches !** _**par les jeunes de l’ADPS de Nîmes**_ Avec Valérie Masson-Delmotte, co-présidente du GIEC 2023 ; Marc Delmotte, ingénieur en climatologie ; Cédric Champollion, géologue à l'Université de Montpellier ; et La Verrerie. Des jeunes des quartiers populaires de Nîmes explorent la perception du climat et de ses bouleversements à travers un documentaire, où ils interrogent des experts. Ils organiseront une table ronde, accompagnée d’extraits du film et de scénettes, pour discuter de la place du climat et du changement climatique dans l’inconscient collectif et des disparités sociales qui en découlent. ### 𝗟𝗘𝗦 𝗘𝗫𝗣𝗢𝗦𝗜𝗧𝗜𝗢𝗡𝗦 **EXPOSITION « LES ÉCHARPES DE L’AIGOUAL »** Depuis plus de 130 ans, l’observatoire du Mont Aigoual collecte des données météorologiques, en faisant un site clé pour étudier le climat. L’association Viganaise de tricoteur.ses a créé des écharpes Climate-stripes pour représenter cette évolution. Ne ratez pas cette exposition originale ! _**Proposé par Les pélardons tricotent - Tout public (10H/18H)**_ **EXPOSITION « L’ŒIL DU CLIMAT »** Les photographes, amateurs ou professionnels, peuvent soumettre des images illustrant le réchauffement climatique, qu’il s’agisse de faune, flore, paysages ou actions locales. Le concours “L’Œil du climat” met en avant les conséquences du réchauffement et les initiatives positives face à cette urgence. _**Proposé par GEO, Météo-France, Le Climatographe - Tout public (10H/18H)**_ **EXPOSITION « INTELLIGENCES, DU NATUREL AU NUMÉRIQUE »** Cette exposition interactive offre un parcours en plusieurs étapes pour explorer les intelligences humaines, animales et artificielles. À travers des jeux et des expériences pratiques, les visiteurs réfléchissent à leurs capacités cognitives et à celles des autres espèces. Accessible à tous, cette visite se vit en solo, en famille ou en groupe, tout en soulevant des questions essentielles sur l’intelligence et la conscience. _**Proposé par le Pôle culturel et scientifique et le Centre de l’Imaginaire scientifique et technique - Tout public (14H/18H)**_ ### 𝗟𝐄𝐒 𝐀𝐓𝐄𝐋𝐈𝐄𝐑𝐒 **PRATIQUONS LE CLIMAT** Enfilez votre blouse pour des expériences climatiques amusantes ! Observez les courants océaniques en colorant l’eau, créez des nuages dans des bocaux et faites gonfler des ballons sans les toucher, tout en découvrant la machine climatique. _**Proposé par Le Climatographe / Tout au long de la journée - Tous publics**_ **LES ESPÈCES ET L’ALTITUDE SUR L’AIGOUAL** Participez à un atelier ludique pour explorer la répartition des espèces sur le mont Aigoual selon l’altitude et le climat. Manipulez des cubes pour comprendre comment la vie s’adapte aux variations de climat et de relief ! _**Proposé par le Parc National des Cévennes / Tout au long de la journée (durée 20 minutes) – A partir de 5 ans**_. **DÉCLARATION D’AIGOUAL** Profitez d’un moment de détente avec une série de podcasts captivants, où habitants et acteurs de l’Aigoual partagent leurs récits sur des sujets variés comme la naissance, la politique, l’art et l’amour. _**Proposé par La Filature du Mazel / Tout au long de la journée - Tous publics**_ **LE MOUSTIQUE TIGRE** Le moustique tigre peut causer des nuisances, mais avec les bons gestes, il est possible de le combattre et de profiter de nos étés sans piqûres. _**Proposé par Graine de Jade / Tout au long de la journée - Tous publics**_ **AUTOCONSOMMATION COLLECTIVE CITOYENNE – L’ÉNERGIE SOLAIRE** Découvrez l’autoconsommation collective : partagez votre électricité avec d’autres, sans avoir besoin de panneaux photovoltaïques ni d’être propriétaire. Objectifs : réduire l’empreinte carbone, maîtriser les factures et renforcer le lien social autour des énergies renouvelables._**Proposé par le Syndicat des Hautes Vallées Cévenoles / Tout au long de la journée - Tous publics**_ **CLIMAT ET ÉNERGIE** Et si vous passiez un moment à vous amuser tout en apprenant sur le sujet du climat et de l’énergie ? Seul, en famille ou entre amis, venez découvrir des jeux de société lors de la journée du climat"". _**Proposé par le Syndicat des Hautes Vallées Cévenoles / Tout au long de la journée – Dès 6 ans, sans inscription.**_ **ENTER THE BOX** Participez à un escape game inversé pour résoudre une situation d’inondation en équipe. Une manière ludique de comprendre les risques de crues et les bons réflexes à adopter. _**Proposé par Les Petits Débrouillards / Sur réservation : 06.44.82.74.97 – 10h30 – 13h30 – 15h30 (Durée 1h30) Public familial**_ **MALLE A MANIP’** Découvrez, à travers des expériences ludiques et visuelles, le réchauffement de notre planète, la fonte des glaces et son impact sur la biodiversité. Un stand interactif pour observer, comprendre et agir face au changement climatique. _**Proposé par Les Petits Débrouillards / Tout au long de la journée - Tous publics**_ **RESSOURCES NATURELLES ET ENJEUX DES TERRITOIRES GARDOIS** Explorez le Gard avec une maquette interactive sur ses ressources naturelles et le mouvement des rivières. Profitez aussi de jeux, lectures et diverses ressources sur le climat ! _**Proposé par le CPIE du Gard / Tout au long de la journée - Tous publics**_ **VOYAGES ENTRE TERRE ET COSMOS** L’école d’Astronomie propose une après-midi d’ateliers pour mieux comprendre les mécanismes du climat. Un programme pour petits et grands, à la croisée de l’astronomie, de la science et de la conscience environnementale. \- 𝑨𝒕𝒆𝒍𝒊𝒆𝒓 “𝑳𝒆𝒔 𝒄𝒚𝒄𝒍𝒆𝒔 𝒅𝒆 𝑴𝒊𝒍𝒂𝒏𝒌𝒐𝒗𝒊𝒕𝒄𝒉”, \- 𝑨𝒕𝒆𝒍𝒊𝒆𝒓 “𝑳𝒆 𝒄𝒍𝒊𝒎𝒂𝒕 𝒅𝒆𝒔 𝒑𝒍𝒂𝒏𝒆̀𝒕𝒆𝒔 𝒅𝒖 𝑺𝒚𝒔𝒕𝒆̀𝒎𝒆 𝒔𝒐𝒍𝒂𝒊𝒓𝒆” \- 𝑶𝒃𝒔𝒆𝒓𝒗𝒂𝒕𝒊𝒐𝒏 𝒅𝒖 𝑺𝒐𝒍𝒆𝒊𝒍 (𝒔𝒆𝒍𝒐𝒏 𝒎𝒆́𝒕𝒆́𝒐) **E̳n̳ ̳s̳u̳p̳p̳l̳é̳m̳e̳n̳t̳ ̳(̳3̳€̳)̳** : 𝑺𝒆́𝒂𝒏𝒄𝒆 𝒅𝒆 𝒑𝒍𝒂𝒏𝒆́𝒕𝒂𝒓𝒊𝒖𝒎 “𝑨𝒖-𝒅𝒆𝒍𝒂̀ 𝒅𝒖 𝑺𝒐𝒍𝒆𝒊𝒍, 𝒂̀ 𝒍𝒂 𝒓𝒆𝒄𝒉𝒆𝒓𝒄𝒉𝒆 𝒅𝒆 𝒏𝒐𝒖𝒗𝒆𝒍𝒍𝒆𝒔 𝑻𝒆𝒓𝒓𝒆𝒔” : Un voyage immersif à la découverte des exoplanètes et des mondes potentiellement habitables. _**Proposé par l’École d’Astronomie / De 14H à 17H – Inscriptions obligatoires sur Alès.fr**_ **INTELLIGENCE ARTIFICIELLE : AMIE OU ENNEMIE DU CLIMAT** Explorez un espace interactif avec quiz et expériences visuelles pour comprendre la consommation d’énergie des IA et leur rôle dans la préservation de la planète. Participez à un atelier sur une technologie plus sobre et utile ! _**Proposé par Cultivons-nous / Tout au long de la journée – Public familial à partir de 8 ans**_",Alès,"155 faubourg de Rochebelle, 30100 Alès",Occitanie,2025-12-07 10:00:00,2025-12-07 19:00:00,"climat, ateliers, conférences, débats, gratuit, astronomie, exposition, ressources",https://openagenda.com/pole-culturel-et-scientifique-de-rochebelle/events/les-journees-du-climat-2025,"Titre: Les Journées du Climat 2025
Description: Célébrons notre atmosphère actuelle tout en abordant le changement climatique de façon ludique et accessible à tous.
Détails: À l’occasion de la journée mondiale du climat, le Climatographe en partenariat avec la Ville d'Alès organisent un événement axé sur la découverte et l’échange autour du climat. L’objectif est de célébrer le climat dans son état actuel, son inspiration et son interprétation, tout en abordant le changement climatique de manière ludique et accessible au grand public. ### **𝗣𝗥𝗢𝗚𝗥𝗔𝗠𝗠𝗘 / 𝗗𝗜𝗠𝗔𝗡𝗖𝗛𝗘 𝟳 𝗗𝗘𝗖𝗘𝗠𝗕𝗥𝗘** ### 𝐋𝐄𝐒 𝐂𝐎𝐍𝐅𝐄𝐑𝐄𝐍𝐂𝐄𝐒 𝐀 𝐋’𝐀𝐔𝐃𝐈𝐓𝐎𝐑𝐈𝐔𝐌 (𝟏𝟎𝐇-𝟏𝟗𝐇) **10h – Inauguration :** Les journées du climat : une aventure à vivre ensemble ! Ouverture de la manifestation en présence d’ Irène Lebeau, Vice-Présidente à l’Environnement et Transition Écologique de la communauté de commune Causses, Aigoual, Cévennes – Terres Solidaires ; Elu de la ville d’Alès ; Marion Angelini, médiatrice scientifique au Climatographe. Verre de l’amitié offert par nos partenaires. _**Tout public**_ **11h – Projection : « Cultiver la pluie » de Marc Khanne – 75min** Alertés par les enjeux liés à l’eau, les auteurs du film ont rencontré une quinzaine d’acteurs et d’agriculteurs, dont le botaniste Francis Hallé. À travers des témoignages du Larzac au Cap-Vert, le documentaire met en lumière l’efficacité de pratiques telles que l’agroforesterie, le maraîchage sur sol vivant et l’hydrologie régénérative face aux sécheresses et inondations. _**Tout public**_ **13h45 – Conférence & débat : Tout comprendre sur le changement climatique : l’exemple d’Alès et du Gard dans une France à +4°C** _**par Sophie Ricard et Malo Tiriau, ingénieur.es à Météo France**_ Météo-France abordera les différences entre météo et climat, l’observation du changement climatique, et son évolution dans le Gard et à Alès sous un scénario de +4 °C. Le point sera fait sur les bases du changement climatique et les résultats de la TRACC, qui prévoient les conséquences pour la région. **15h00 – Conférence & débat : La machine climat et son évolution naturelle au cours du temps** _**par Daniel Larribe, Géologue hydrogéologue**_ Le climat, influencé par des facteurs astronomiques, géologiques et biologiques, a toujours varié, avec des périodes telles qu’un Sahara verdoyant ou des Amériques gelées. Quelles en sont les causes et les mécanismes ? **16h15 – Quiz ! Combien pèse un nuage, quel âge à la météo… Êtes-vous incollable sur le climat ?** _**par Marion Angelini, médiatrice scientifique au Climatographe – Observatoire du Mont Aigoual**_ Accessible à tous âges, venez tester vos connaissances, et montrer ce que vous avez appris de cette journée avec ce grand jeu de questions autour de la météo, du climat, du changement climatique et de l’environnement. De multiples lots seront à gagner ! **17h00 – Conférence & débat : Bilan carbone 2024 : le spectacle, ça consomme ?** _**par La Verrerie, Pôle National de Cirque**_ Sous l’impulsion du ministère de la Culture, neuf Pôles nationaux Cirque, dont La Verrerie d’Alès, réalisent un bilan carbone, finalisé en juin 2025. Ce travail permet de comprendre les impacts environnementaux du cirque et d’initier des actions concrètes. À l’occasion de la journée du Climat, La Verrerie d’Alès présentera les résultats du bilan et les initiatives pour une transition écologique adaptée aux enjeux actuels. **17h45 – Théâtre forum et table ronde : On n’a pas la clim’, mais on a des idées fraîches !** _**par les jeunes de l’ADPS de Nîmes**_ Avec Valérie Masson-Delmotte, co-présidente du GIEC 2023 ; Marc Delmotte, ingénieur en climatologie ; Cédric Champollion, géologue à l'Université de Montpellier ; et La Verrerie. Des jeunes des quartiers populaires de Nîmes explorent la perception du climat et de ses bouleversements à travers un documentaire, où ils interrogent des experts. Ils organiseront une table ronde, accompagnée d’extraits du film et de scénettes, pour discuter de la place du climat et du changement climatique dans l’inconscient collectif et des disparités sociales qui en découlent. ### 𝗟𝗘𝗦 𝗘𝗫𝗣𝗢𝗦𝗜𝗧𝗜𝗢𝗡𝗦 **EXPOSITION « LES ÉCHARPES DE L’AIGOUAL »** Depuis plus de 130 ans, l’observatoire du Mont Aigoual collecte des données météorologiques, en faisant un site clé pour étudier le climat. L’association Viganaise de tricoteur.ses a créé des écharpes Climate-stripes pour représenter cette évolution. Ne ratez pas cette exposition originale ! _**Proposé par Les pélardons tricotent - Tout public (10H/18H)**_ **EXPOSITION « L’ŒIL DU CLIMAT »** Les photographes, amateurs ou professionnels, peuvent soumettre des images illustrant le réchauffement climatique, qu’il s’agisse de faune, flore, paysages ou actions locales. Le concours “L’Œil du climat” met en avant les conséquences du réchauffement et les initiatives positives face à cette urgence. _**Proposé par GEO, Météo-France, Le Climatographe - Tout public (10H/18H)**_ **EXPOSITION « INTELLIGENCES, DU NATUREL AU NUMÉRIQUE »** Cette exposition interactive offre un parcours en plusieurs étapes pour explorer les intelligences humaines, animales et artificielles. À travers des jeux et des expériences pratiques, les visiteurs réfléchissent à leurs capacités cognitives et à celles des autres espèces. Accessible à tous, cette visite se vit en solo, en famille ou en groupe, tout en soulevant des questions essentielles sur l’intelligence et la conscience. _**Proposé par le Pôle culturel et scientifique et le Centre de l’Imaginaire scientifique et technique - Tout public (14H/18H)**_ ### 𝗟𝐄𝐒 𝐀𝐓𝐄𝐋𝐈𝐄𝐑𝐒 **PRATIQUONS LE CLIMAT** Enfilez votre blouse pour des expériences climatiques amusantes ! Observez les courants océaniques en colorant l’eau, créez des nuages dans des bocaux et faites gonfler des ballons sans les toucher, tout en découvrant la machine climatique. _**Proposé par Le Climatographe / Tout au long de la journée - Tous publics**_ **LES ESPÈCES ET L’ALTITUDE SUR L’AIGOUAL** Participez à un atelier ludique pour explorer la répartition des espèces sur le mont Aigoual selon l’altitude et le climat. Manipulez des cubes pour comprendre comment la vie s’adapte aux variations de climat et de relief ! _**Proposé par le Parc National des Cévennes / Tout au long de la journée (durée 20 minutes) – A partir de 5 ans**_. **DÉCLARATION D’AIGOUAL** Profitez d’un moment de détente avec une série de podcasts captivants, où habitants et acteurs de l’Aigoual partagent leurs récits sur des sujets variés comme la naissance, la politique, l’art et l’amour. _**Proposé par La Filature du Mazel / Tout au long de la journée - Tous publics**_ **LE MOUSTIQUE TIGRE** Le moustique tigre peut causer des nuisances, mais avec les bons gestes, il est possible de le combattre et de profiter de nos étés sans piqûres. _**Proposé par Graine de Jade / Tout au long de la journée - Tous publics**_ **AUTOCONSOMMATION COLLECTIVE CITOYENNE – L’ÉNERGIE SOLAIRE** Découvrez l’autoconsommation collective : partagez votre électricité avec d’autres, sans avoir besoin de panneaux photovoltaïques ni d’être propriétaire. Objectifs : réduire l’empreinte carbone, maîtriser les factures et renforcer le lien social autour des énergies renouvelables._**Proposé par le Syndicat des Hautes Vallées Cévenoles / Tout au long de la journée - Tous publics**_ **CLIMAT ET ÉNERGIE** Et si vous passiez un moment à vous amuser tout en apprenant sur le sujet du climat et de l’énergie ? Seul, en famille ou entre amis, venez découvrir des jeux de société lors de la journée du climat"". _**Proposé par le Syndicat des Hautes Vallées Cévenoles / Tout au long de la journée – Dès 6 ans, sans inscription.**_ **ENTER THE BOX** Participez à un escape game inversé pour résoudre une situation d’inondation en équipe. Une manière ludique de comprendre les risques de crues et les bons réflexes à adopter. _**Proposé par Les Petits Débrouillards / Sur réservation : 06.44.82.74.97 – 10h30 – 13h30 – 15h30 (Durée 1h30) Public familial**_ **MALLE A MANIP’** Découvrez, à travers des expériences ludiques et visuelles, le réchauffement de notre planète, la fonte des glaces et son impact sur la biodiversité. Un stand interactif pour observer, comprendre et agir face au changement climatique. _**Proposé par Les Petits Débrouillards / Tout au long de la journée - Tous publics**_ **RESSOURCES NATURELLES ET ENJEUX DES TERRITOIRES GARDOIS** Explorez le Gard avec une maquette interactive sur ses ressources naturelles et le mouvement des rivières. Profitez aussi de jeux, lectures et diverses ressources sur le climat ! _**Proposé par le CPIE du Gard / Tout au long de la journée - Tous publics**_ **VOYAGES ENTRE TERRE ET COSMOS** L’école d’Astronomie propose une après-midi d’ateliers pour mieux comprendre les mécanismes du climat. Un programme pour petits et grands, à la croisée de l’astronomie, de la science et de la conscience environnementale. \- 𝑨𝒕𝒆𝒍𝒊𝒆𝒓 “𝑳𝒆𝒔 𝒄𝒚𝒄𝒍𝒆𝒔 𝒅𝒆 𝑴𝒊𝒍𝒂𝒏𝒌𝒐𝒗𝒊𝒕𝒄𝒉”, \- 𝑨𝒕𝒆𝒍𝒊𝒆𝒓 “𝑳𝒆 𝒄𝒍𝒊𝒎𝒂𝒕 𝒅𝒆𝒔 𝒑𝒍𝒂𝒏𝒆̀𝒕𝒆𝒔 𝒅𝒖 𝑺𝒚𝒔𝒕𝒆̀𝒎𝒆 𝒔𝒐𝒍𝒂𝒊𝒓𝒆” \- 𝑶𝒃𝒔𝒆𝒓𝒗𝒂𝒕𝒊𝒐𝒏 𝒅𝒖 𝑺𝒐𝒍𝒆𝒊𝒍 (𝒔𝒆𝒍𝒐𝒏 𝒎𝒆́𝒕𝒆́𝒐) **E̳n̳ ̳s̳u̳p̳p̳l̳é̳m̳e̳n̳t̳ ̳(̳3̳€̳)̳** : 𝑺𝒆́𝒂𝒏𝒄𝒆 𝒅𝒆 𝒑𝒍𝒂𝒏𝒆́𝒕𝒂𝒓𝒊𝒖𝒎 “𝑨𝒖-𝒅𝒆𝒍𝒂̀ 𝒅𝒖 𝑺𝒐𝒍𝒆𝒊𝒍, 𝒂̀ 𝒍𝒂 𝒓𝒆𝒄𝒉𝒆𝒓𝒄𝒉𝒆 𝒅𝒆 𝒏𝒐𝒖𝒗𝒆𝒍𝒍𝒆𝒔 𝑻𝒆𝒓𝒓𝒆𝒔” : Un voyage immersif à la découverte des exoplanètes et des mondes potentiellement habitables. _**Proposé par l’École d’Astronomie / De 14H à 17H – Inscriptions obligatoires sur Alès.fr**_ **INTELLIGENCE ARTIFICIELLE : AMIE OU ENNEMIE DU CLIMAT** Explorez un espace interactif avec quiz et expériences visuelles pour comprendre la consommation d’énergie des IA et leur rôle dans la préservation de la planète. Participez à un atelier sur une technologie plus sobre et utile ! _**Proposé par Cultivons-nous / Tout au long de la journée – Public familial à partir de 8 ans**_
Lieu: Alès, 155 faubourg de Rochebelle, 30100 Alès
Date de début: 2025-12-07 10:00:00
Date de fin: 2025-12-07 19:00:00
Catégories: climat, ateliers, conférences, débats, gratuit, astronomie, exposition, ressources"
39607590,La Sainte Barbe 2025 au Pôle culturel et scientifique de Rochebelle,"Deux journées de rencontres, découvertes et partages autour du patrimoine minier cévenol","La Sainte Barbe n’est pas seulement une tradition, c’est une véritable célébration d’union, de transmission et de fête, mettant en lumière l’histoire minière qui a façonné notre territoire. Cette année encore, le Pôle Culturel et Scientifique de Rochebelle rend hommage à la patronne des mineurs avec un programme varié et chaleureux, conçu pour ravir tant les enfants que les aînés. **Tout public / Gratuit** ### 𝗠𝗘𝗥𝗖𝗥𝗘𝗗𝗜 𝟬𝟯 𝗗𝗘𝗖𝗘𝗠𝗕𝗥𝗘 **𝙲𝙴𝙻𝙴𝙱𝚁𝙾𝙽𝚂 𝙻𝙰 𝚂𝙰𝙸𝙽𝚃𝙴 𝙱𝙰𝚁𝙱𝙴 𝙰𝚅𝙴𝙲 𝙻𝙴𝚂 𝙴𝙽𝙵𝙰𝙽𝚃𝚂** 𝑳𝒆𝒔 ""𝑴𝒆𝒓𝒄𝒓𝒆𝒅𝒊𝒔 𝒅𝒖 𝑷𝒐𝒍𝒆"" 𝒔'𝒉𝒂𝒃𝒊𝒍𝒍𝒆𝒏𝒕 𝒂𝒖𝒙 𝒄𝒐𝒖𝒍𝒆𝒖𝒓𝒔 𝒅𝒆 𝑺𝒂𝒊𝒏𝒕𝒆 𝑩𝒂𝒓𝒃𝒆 **!** **Balade : ""Sur les traces des Mines""** Une balade d'1H30 sur le thème de la mine au départ du Pôle avec Fabrice (Attention départ 14H, être présent dès 13H45). _**Prévoir baskets et bouteille d'eau.**_ **De 14H à 16H - Parents/enfants à partir de 6 ans / Inscription obligatoire au 04 66 56 42 30** **Goûter des enfants !** Pour les enfants inscris aux activités du mercredi, un petit goûter sera offer ! **16H Inscriptions à l'après-midi du 3 décembre : 04 66 56 42 30.** ### 𝐉𝐄𝐔𝐃𝐈 𝟒 𝐃𝐄́𝐂𝐄𝐌𝐁𝐑𝐄 𝑼𝑵𝑬 𝑩𝑬𝑳𝑳𝑬 𝑹𝑬𝑵𝑪𝑶𝑵𝑻𝑹𝑬 𝑰𝑵𝑻𝑬𝑹𝑮𝑬́𝑵𝑬́𝑹𝑨𝑻𝑰𝑶𝑵𝑵𝑬𝑳𝑳𝑬 𝑷𝑶𝑼𝑹 𝑷𝑬𝑻𝑰𝑻𝑺 & 𝑮𝑹𝑨𝑵𝑫𝑺 ! **Diffusion du film « Les Placières » par La Maison du Mineur de La Grand’Combe.** Mêlant témoignages et images d’archives de la cité minière, ce film complète la série de témoignages compilés depuis 2008, hommage aux Femmes, une main d’œuvre employée par les houillères durant 150 ans. **A partir de 14H – à l’Auditorium du Pôle Culturel et Scientifique de Rochebelle.** **Conférence ""causerie et témoignages""** Un temps de partage et de convivialité sur le thème de la Mine avec René Doussière à l'Auditorium. Vous souhaitez témoigner ? Venez transmettre vos savoirs, vos souvenirs, vos valeurs et anecdotes - **contactez-nous au 04.66.56.42.30 pour vous inscrire.** 𝑺𝑨𝑰𝑵𝑻𝑬 𝑩𝑨𝑹𝑩𝑬 𝑨 𝑳𝑨 𝑴𝑰𝑵𝑬 𝑻𝑬́𝑴𝑶𝑰𝑵 **Le mercredi 03 et le jeudi 04 Décembre : Ouverture exceptionnelle de la Mine Témoin d'Alès au public de 9h00 à 12h30 & de 14h00 à 18h00**. À l'occasion de la célébration de Sainte Barbe, patronne des mineurs, la Mine Témoin d'Alès vous invite à un voyage unique au cœur de l'histoire minière des Cévennes. Tarif unique spécial Sainte-Barbe : 7,50€ (Adultes) et 5,50€ (6/17ans). **Réservation obligatoire au 04 66 30 45 15 /** [**contact@mine-temoin.fr**](mailto:contact@mine-temoin.fr) **\- Chemin de la cité Sainte Marie - Rochebelle - 30100 Alès.**",Alès,"155 faubourg de Rochebelle, 30100 Alès",Occitanie,2025-12-03 14:00:00,2025-12-04 17:00:00,"sainte-barbe, randonnée, balade, causerie, film, conférence, goûter",https://openagenda.com/pole-culturel-et-scientifique-de-rochebelle/events/sainte-barbe-4763422,"Titre: La Sainte Barbe 2025 au Pôle culturel et scientifique de Rochebelle
Description: Deux journées de rencontres, découvertes et partages autour du patrimoine minier cévenol
Détails: La Sainte Barbe n’est pas seulement une tradition, c’est une véritable célébration d’union, de transmission et de fête, mettant en lumière l’histoire minière qui a façonné notre territoire. Cette année encore, le Pôle Culturel et Scientifique de Rochebelle rend hommage à la patronne des mineurs avec un programme varié et chaleureux, conçu pour ravir tant les enfants que les aînés. **Tout public / Gratuit** ### 𝗠𝗘𝗥𝗖𝗥𝗘𝗗𝗜 𝟬𝟯 𝗗𝗘𝗖𝗘𝗠𝗕𝗥𝗘 **𝙲𝙴𝙻𝙴𝙱𝚁𝙾𝙽𝚂 𝙻𝙰 𝚂𝙰𝙸𝙽𝚃𝙴 𝙱𝙰𝚁𝙱𝙴 𝙰𝚅𝙴𝙲 𝙻𝙴𝚂 𝙴𝙽𝙵𝙰𝙽𝚃𝚂** 𝑳𝒆𝒔 ""𝑴𝒆𝒓𝒄𝒓𝒆𝒅𝒊𝒔 𝒅𝒖 𝑷𝒐𝒍𝒆"" 𝒔'𝒉𝒂𝒃𝒊𝒍𝒍𝒆𝒏𝒕 𝒂𝒖𝒙 𝒄𝒐𝒖𝒍𝒆𝒖𝒓𝒔 𝒅𝒆 𝑺𝒂𝒊𝒏𝒕𝒆 𝑩𝒂𝒓𝒃𝒆 **!** **Balade : ""Sur les traces des Mines""** Une balade d'1H30 sur le thème de la mine au départ du Pôle avec Fabrice (Attention départ 14H, être présent dès 13H45). _**Prévoir baskets et bouteille d'eau.**_ **De 14H à 16H - Parents/enfants à partir de 6 ans / Inscription obligatoire au 04 66 56 42 30** **Goûter des enfants !** Pour les enfants inscris aux activités du mercredi, un petit goûter sera offer ! **16H Inscriptions à l'après-midi du 3 décembre : 04 66 56 42 30.** ### 𝐉𝐄𝐔𝐃𝐈 𝟒 𝐃𝐄́𝐂𝐄𝐌𝐁𝐑𝐄 𝑼𝑵𝑬 𝑩𝑬𝑳𝑳𝑬 𝑹𝑬𝑵𝑪𝑶𝑵𝑻𝑹𝑬 𝑰𝑵𝑻𝑬𝑹𝑮𝑬́𝑵𝑬́𝑹𝑨𝑻𝑰𝑶𝑵𝑵𝑬𝑳𝑳𝑬 𝑷𝑶𝑼𝑹 𝑷𝑬𝑻𝑰𝑻𝑺 & 𝑮𝑹𝑨𝑵𝑫𝑺 ! **Diffusion du film « Les Placières » par La Maison du Mineur de La Grand’Combe.** Mêlant témoignages et images d’archives de la cité minière, ce film complète la série de témoignages compilés depuis 2008, hommage aux Femmes, une main d’œuvre employée par les houillères durant 150 ans. **A partir de 14H – à l’Auditorium du Pôle Culturel et Scientifique de Rochebelle.** **Conférence ""causerie et témoignages""** Un temps de partage et de convivialité sur le thème de la Mine avec René Doussière à l'Auditorium. Vous souhaitez témoigner ? Venez transmettre vos savoirs, vos souvenirs, vos valeurs et anecdotes - **contactez-nous au 04.66.56.42.30 pour vous inscrire.** 𝑺𝑨𝑰𝑵𝑻𝑬 𝑩𝑨𝑹𝑩𝑬 𝑨 𝑳𝑨 𝑴𝑰𝑵𝑬 𝑻𝑬́𝑴𝑶𝑰𝑵 **Le mercredi 03 et le jeudi 04 Décembre : Ouverture exceptionnelle de la Mine Témoin d'Alès au public de 9h00 à 12h30 & de 14h00 à 18h00**. À l'occasion de la célébration de Sainte Barbe, patronne des mineurs, la Mine Témoin d'Alès vous invite à un voyage unique au cœur de l'histoire minière des Cévennes. Tarif unique spécial Sainte-Barbe : 7,50€ (Adultes) et 5,50€ (6/17ans). **Réservation obligatoire au 04 66 30 45 15 /** [**contact@mine-temoin.fr**](mailto:contact@mine-temoin.fr) **\- Chemin de la cité Sainte Marie - Rochebelle - 30100 Alès.**
Lieu: Alès, 155 faubourg de Rochebelle, 30100 Alès
Date de début: 2025-12-03 14:00:00
Date de fin: 2025-12-04 17:00:00
Catégories: sainte-barbe, randonnée, balade, causerie, film, conférence, goûter"
59632083,Fête de la Science - Village des Sciences du Pôle Culturel et scientifique de Rochebelle,"Samedi 11 / dimanche 12 & lundi 13 octobre 2025, c'est le Village des Sciences dans le cadre de la Fête de la Science, sur la thématique nationale ""Intelligences, différentes par nature"".","### La fête de la science, vous attend avec un programme qui allie expositions, ateliers et animations pour tous les âges ! Ne manquez pas l’événement incontournable de cette année sur la thématique “Intelligences, différente par nature”. ✅Venez explorer l’exposition interactive « Intelligences : du naturel au numérique » et embarquez pour un parcours fascinant en six étapes. Découvrez la diversité des intelligences humaines, animales et artificielles à travers des jeux, des quiz et des expériences pratiques qui vous inviteront à réfléchir sur vos propres capacités et celles des autres espèces. ✅Au cœur du **VILLAGE DES SCIENCES du Pôle Culturel et Scientifique**, plongez dans une multitude d’ateliers et d’animations autour des intelligences : participez à l’Atelier « Intelligences animales » animé par Les Petits Débrouillards, testez vos compétences avec l’Atelier de Mash-up « L’effet Loulechov » du Festival du cinéma - Itinérances, ou devenez un « champion de la mémoire ! » avec des expériences fascinantes. Sans oublier l’atelier « Mission Labyrinthe » et l’« Immersion ludique dans le biomimétisme ! »… la liste est encore longue ! ✅La Fête de la Science au Pôle Culturel et Scientifique est également l’occasion de découvrir les animations « incontournables » : les expositions “Une histoire de codes” et “La mesure”, les jeux mathématiques d’Eurek’Alès, des démonstrations de robotique avec CyborgBulls, et même un lâcher de livres sur le thème des sciences ! ✅Cycle de conférences original autour des Intelligences vous sera proposé le samedi. Et le meilleur dans tout ça ? C’est **GRATUIT** pour les petits comme pour les grands ! Rejoignez-nous pour une journée riche en découvertes et en surprises ! Programme détaillé à venir....",Alès,"155 faubourg de Rochebelle, 30100 Alès",Occitanie,2025-10-11 14:00:00,2025-10-13 18:00:00,"ateliers, animations, spectacles, expositions, conférences, sciences, jeux, expériences scientifique",https://openagenda.com/pole-culturel-et-scientifique-de-rochebelle/events/fete-de-la-science-pole-culturel-et-scientifique-de-rochebelle-62831,"Titre: Fête de la Science - Village des Sciences du Pôle Culturel et scientifique de Rochebelle
Description: Samedi 11 / dimanche 12 & lundi 13 octobre 2025, c'est le Village des Sciences dans le cadre de la Fête de la Science, sur la thématique nationale ""Intelligences, différentes par nature"".
Détails: ### La fête de la science, vous attend avec un programme qui allie expositions, ateliers et animations pour tous les âges ! Ne manquez pas l’événement incontournable de cette année sur la thématique “Intelligences, différente par nature”. ✅Venez explorer l’exposition interactive « Intelligences : du naturel au numérique » et embarquez pour un parcours fascinant en six étapes. Découvrez la diversité des intelligences humaines, animales et artificielles à travers des jeux, des quiz et des expériences pratiques qui vous inviteront à réfléchir sur vos propres capacités et celles des autres espèces. ✅Au cœur du **VILLAGE DES SCIENCES du Pôle Culturel et Scientifique**, plongez dans une multitude d’ateliers et d’animations autour des intelligences : participez à l’Atelier « Intelligences animales » animé par Les Petits Débrouillards, testez vos compétences avec l’Atelier de Mash-up « L’effet Loulechov » du Festival du cinéma - Itinérances, ou devenez un « champion de la mémoire ! » avec des expériences fascinantes. Sans oublier l’atelier « Mission Labyrinthe » et l’« Immersion ludique dans le biomimétisme ! »… la liste est encore longue ! ✅La Fête de la Science au Pôle Culturel et Scientifique est également l’occasion de découvrir les animations « incontournables » : les expositions “Une histoire de codes” et “La mesure”, les jeux mathématiques d’Eurek’Alès, des démonstrations de robotique avec CyborgBulls, et même un lâcher de livres sur le thème des sciences ! ✅Cycle de conférences original autour des Intelligences vous sera proposé le samedi. Et le meilleur dans tout ça ? C’est **GRATUIT** pour les petits comme pour les grands ! Rejoignez-nous pour une journée riche en découvertes et en surprises ! Programme détaillé à venir....
Lieu: Alès, 155 faubourg de Rochebelle, 30100 Alès
Date de début: 2025-10-11 14:00:00
Date de fin: 2025-10-13 18:00:00
Catégories: ateliers, animations, spectacles, expositions, conférences, sciences, jeux, expériences scientifique"
25221696,De la Terre à l'Univers,Séance de Planétarium Tout public à partir de 10 ans,"Séance de 15h55 : Tout public à partir de 10 ans ﻿Produit par l’Observatoire Européen Austral, ce spectacle vous propose un fascinant voyage à travers le temps afin de découvrir comment a évolué au fil des siècles la perception par l’homme de notre Univers et la place qu’il y occupe. Mais également un voyage à travers l’espace depuis les astres familiers peuplant notre système solaire jusqu’aux confins de l’Univers avec les amas de galaxies qui en sont les plus grandes structures",Alès,"Pôle Culturel et Scientifique, 155 rue du Faubourg de Rochebelle, 30100 Alès",Occitanie,2026-07-01 15:55:00,2026-08-26 16:30:00,"planétarium, découverte, univers, sceince, jeunesse, enfants, astronomie, atelier",https://openagenda.com/ecole-municipale-dastronomie-dales/events/de-la-terre-a-lunivers-6424962,"Titre: De la Terre à l'Univers
Description: Séance de Planétarium Tout public à partir de 10 ans
Détails: Séance de 15h55 : Tout public à partir de 10 ans ﻿Produit par l’Observatoire Européen Austral, ce spectacle vous propose un fascinant voyage à travers le temps afin de découvrir comment a évolué au fil des siècles la perception par l’homme de notre Univers et la place qu’il y occupe. Mais également un voyage à travers l’espace depuis les astres familiers peuplant notre système solaire jusqu’aux confins de l’Univers avec les amas de galaxies qui en sont les plus grandes structures
Lieu: Alès, Pôle Culturel et Scientifique, 155 rue du Faubourg de Rochebelle, 30100 Alès
Date de début: 2026-07-01 15:55:00
Date de fin: 2026-08-26 16:30:00
Catégories: planétarium, découverte, univers, sceince, jeunesse, enfants, astronomie, atelier"
92341388,Un stage de réalisation pendant les vacances d’été,Itinérances propose un stage de réalisation pour les 12-18 ans,"DES VACANCES AVEC ITINÉRANCES Itinérances propose une stage de réalisation pour les 12–18 ans. En 5 jours, initiez-vous à la création d’un film, de la réalisation au montage, en passant par l’écriture de scénario, le repérage, le tournage et le cadrage aux côtés d’un professionnel. ­**Du 17 au 21 août** **De 10h à 18h** **Pôle culturel et scientifique** (155 faubourg de Rochebelle, 30100 Alès) TARIFS : 250€ / personne **INFORMATIONS ET RÉSERVATIONS :** [**jeunepublic@itinerances.org**](jeunepublic@itinerances.org) **– 04 66 30 24 26**",Alès,"155 faubourg de Rochebelle, 30100 Alès",Occitanie,2026-08-17 10:00:00,2026-08-21 18:00:00,,https://openagenda.com/itinerances/events/deux-stages-de-realisation-pendant-les-vacances-dete,"Titre: Un stage de réalisation pendant les vacances d’été
Description: Itinérances propose un stage de réalisation pour les 12-18 ans
Détails: DES VACANCES AVEC ITINÉRANCES Itinérances propose une stage de réalisation pour les 12–18 ans. En 5 jours, initiez-vous à la création d’un film, de la réalisation au montage, en passant par l’écriture de scénario, le repérage, le tournage et le cadrage aux côtés d’un professionnel. ­**Du 17 au 21 août** **De 10h à 18h** **Pôle culturel et scientifique** (155 faubourg de Rochebelle, 30100 Alès) TARIFS : 250€ / personne **INFORMATIONS ET RÉSERVATIONS :** [**jeunepublic@itinerances.org**](jeunepublic@itinerances.org) **– 04 66 30 24 26**
Lieu: Alès, 155 faubourg de Rochebelle, 30100 Alès
Date de début: 2026-08-17 10:00:00
Date de fin: 2026-08-21 18:00:00"
16692,"Ateliers : ""Mots et Impros""","Découvrez les ateliers ""Mots et impros"" dirigés par la comédienne Élisabeth Gavalda ! Que vous soyez amateur ou simplement curieux d'explorer le jeu théâtral, ces séances sont faites pour VOUS !","**La comédie dans l'histoire du théâtre** Plongez dans un univers créatif où le mouvement, l'espace, et le corps prennent vie à travers des échauffements. Laissez-vous emporter par l'improvisation et les textes théâtraux autour du rire, de la fantaisie et de l'humour. Regarder nos petites habitudes, nos originalités, construire des situations cocasses à partir de textes comiques ou de pièces qui utilisent les rebondissements de situations. Entre farce, sourire et comédie, le rire sera à l'honneur. **Inscriptions : [Palabretheatre@wanadoo.fr](mailto:Palabretheatre@wanadoo.fr)** ou **06 47 36 24 82** **Gratuit**",Alès,"155 rue du Faubourg de Rochebelle, 30100 Alès",Occitanie,2026-09-15 14:00:00,2026-12-08 16:45:00,"atelier, théâtre, gratuit",https://openagenda.com/pole-culturel-et-scientifique-de-rochebelle/events/ateliers-mots-et-impros-3681169,"Titre: Ateliers : ""Mots et Impros""
Description: Découvrez les ateliers ""Mots et impros"" dirigés par la comédienne Élisabeth Gavalda ! Que vous soyez amateur ou simplement curieux d'explorer le jeu théâtral, ces séances sont faites pour VOUS !
Détails: **La comédie dans l'histoire du théâtre** Plongez dans un univers créatif où le mouvement, l'espace, et le corps prennent vie à travers des échauffements. Laissez-vous emporter par l'improvisation et les textes théâtraux autour du rire, de la fantaisie et de l'humour. Regarder nos petites habitudes, nos originalités, construire des situations cocasses à partir de textes comiques ou de pièces qui utilisent les rebondissements de situations. Entre farce, sourire et comédie, le rire sera à l'honneur. **Inscriptions : [Palabretheatre@wanadoo.fr](mailto:Palabretheatre@wanadoo.fr)** ou **06 47 36 24 82** **Gratuit**
Lieu: Alès, 155 rue du Faubourg de Rochebelle, 30100 Alès
Date de début: 2026-09-15 14:00:00
Date de fin: 2026-12-08 16:45:00
Catégories: atelier, théâtre, gratuit"
8792513,"Les Mercredis du Pôle "" Costume Médiéval """,Les Mercredis du Pôle à l’heure de la Semaine Cévenole,"### **Mercredis 30 septembre 2026** ### **Atelier : «Fabrique ton costume Médiéval»** Concevez votre propre costume médiéval en utilisant du papier et des matières colorées. Que vous souhaitiez devenir chevalier ou princesse, laissez libre cours à votre créativité. **Enfants 6 - 10 ans / Horaire : 14h – 16h** **Inscription obligatoire au 04 66 56 42 30** **GRATUIT**",Alès,"155 faubourg de Rochebelle, 30100 Alès",Occitanie,2026-09-30 14:00:00,2026-09-30 16:00:00,"atelier, enfant, mercredi, gratuit",https://openagenda.com/pole-culturel-et-scientifique-de-rochebelle/events/les-mercredis-du-pole-costume-medieval,"Titre: Les Mercredis du Pôle "" Costume Médiéval ""
Description: Les Mercredis du Pôle à l’heure de la Semaine Cévenole
Détails: ### **Mercredis 30 septembre 2026** ### **Atelier : «Fabrique ton costume Médiéval»** Concevez votre propre costume médiéval en utilisant du papier et des matières colorées. Que vous souhaitiez devenir chevalier ou princesse, laissez libre cours à votre créativité. **Enfants 6 - 10 ans / Horaire : 14h – 16h** **Inscription obligatoire au 04 66 56 42 30** **GRATUIT**
Lieu: Alès, 155 faubourg de Rochebelle, 30100 Alès
Date de début: 2026-09-30 14:00:00
Date de fin: 2026-09-30 16:00:00
Catégories: atelier, enfant, mercredi, gratuit"
13585693,"Les Mercredis du Pôle "" Tambour """,Les Mercredis du Pôle à l’heure de la Semaine Cévenole,### **Mercredis 30 septembre 2026** ### **Atelier : « Fabrique ton Tambour »** Fabrique ton propre tambour comme les troubadours d’antan et repars avec un instrument digne des joyeux cortèges d’autrefois ! **Enfants 8 ans et + / Horaire : 14h – 16h** **Inscription obligatoire au 04 66 56 42 30** **GRATUIT**,Alès,"155 faubourg de Rochebelle, 30100 Alès",Occitanie,2026-09-30 14:00:00,2026-09-30 16:00:00,"atelier, enfant, mercredi, gratuit",https://openagenda.com/pole-culturel-et-scientifique-de-rochebelle/events/les-mercredis-du-pole-tambour,"Titre: Les Mercredis du Pôle "" Tambour ""
Description: Les Mercredis du Pôle à l’heure de la Semaine Cévenole
Détails: ### **Mercredis 30 septembre 2026** ### **Atelier : « Fabrique ton Tambour »** Fabrique ton propre tambour comme les troubadours d’antan et repars avec un instrument digne des joyeux cortèges d’autrefois ! **Enfants 8 ans et + / Horaire : 14h – 16h** **Inscription obligatoire au 04 66 56 42 30** **GRATUIT**
Lieu: Alès, 155 faubourg de Rochebelle, 30100 Alès
Date de début: 2026-09-30 14:00:00
Date de fin: 2026-09-30 16:00:00
Catégories: atelier, enfant, mercredi, gratuit"
44449228,"Les Mercredis du Pôle ""Crée ta broche Blason""",Les Mercredis du Pôle à l’heure de la Semaine Cévenole,### **Mercredis 30 septembre 2026** ### **Atelier : « Crée ta broche Blason »** Rejoins-nous pour créer ta propre broche blason en perles à repasser et représente fièrement ta caste avec cette création unique. **Enfants 6 – 10 ans / Horaire : 14h – 16h** **Inscription obligatoire au 04 66 56 42 30** **GRATUIT**,Alès,"155 faubourg de Rochebelle, 30100 Alès",Occitanie,2026-09-30 14:00:00,2026-09-30 16:00:00,"atelier, gratuit, enfant, mercredi",https://openagenda.com/pole-culturel-et-scientifique-de-rochebelle/events/les-mercredis-du-pole-cree-ta-broche-blason,"Titre: Les Mercredis du Pôle ""Crée ta broche Blason""
Description: Les Mercredis du Pôle à l’heure de la Semaine Cévenole
Détails: ### **Mercredis 30 septembre 2026** ### **Atelier : « Crée ta broche Blason »** Rejoins-nous pour créer ta propre broche blason en perles à repasser et représente fièrement ta caste avec cette création unique. **Enfants 6 – 10 ans / Horaire : 14h – 16h** **Inscription obligatoire au 04 66 56 42 30** **GRATUIT**
Lieu: Alès, 155 faubourg de Rochebelle, 30100 Alès
Date de début: 2026-09-30 14:00:00
Date de fin: 2026-09-30 16:00:00
Catégories: atelier, gratuit, enfant, mercredi"
66351493,"Jonglez, vous êtes filmé·e·s ! #2",Stage jonglage & vidéo : Lancez vous dans un parcours de pratique du jonglage au cœur des travaux de la Verrerie !,"Afin de vous initier à l’art du jonglage ou de perfectionner votre habileté, vous serez encadré•es par Valentina SANTORI (Artiste associée à La Verrerie d’Alès) et capturé•es par Coline GODINOT (Vidéaste et Photographe). Découvrez ci-dessous la vidéo issue de l’atelier « Jonglez vous êtes filmé·e·s! » saison 24-25 ♦︎ Ce stage s’adresse à un public jeune & adolescent tous niveaux (à partir de 8 ans) ♦︎ Le projet ""Jonglez, vous êtes filmé•es!"" est composé de 5 stages qui seront suivis d'une restitution public en septembre 2026 (précisions à venir) 29 & 30 Novembre 13 & 14 Décembre 28 Fév & 01 Mars 09 & 10 Mai 11 & 12 Juillet Restitution Septembre 2026 [Film JVEF#1 (S24-25)](https://www.youtube.com/watch?v=HlWJa-UrygI) | [Capsule 01 JVEF#2](https://youtu.be/YiId-d7fUzE) | [Capsule 02 JVEF#2](https://www.youtube.com/watch?v=mbz9_CgqCLc)",Alès,"155 rue Faubourg de Rochebelle, 30100 Alès",Occitanie,2026-07-11 14:00:00,2026-07-12 17:00:00,"Stage, Gratuit, Sur inscription, Jonglage, Film, Dès 8 ans, Tous niveaux, Cirque",https://openagenda.com/agenda-culturel-scene-des-mondes/events/jonglez-vous-etes-filmees-2-2838867,"Titre: Jonglez, vous êtes filmé·e·s ! #2
Description: Stage jonglage & vidéo : Lancez vous dans un parcours de pratique du jonglage au cœur des travaux de la Verrerie !
Détails: Afin de vous initier à l’art du jonglage ou de perfectionner votre habileté, vous serez encadré•es par Valentina SANTORI (Artiste associée à La Verrerie d’Alès) et capturé•es par Coline GODINOT (Vidéaste et Photographe). Découvrez ci-dessous la vidéo issue de l’atelier « Jonglez vous êtes filmé·e·s! » saison 24-25 ♦︎ Ce stage s’adresse à un public jeune & adolescent tous niveaux (à partir de 8 ans) ♦︎ Le projet ""Jonglez, vous êtes filmé•es!"" est composé de 5 stages qui seront suivis d'une restitution public en septembre 2026 (précisions à venir) 29 & 30 Novembre 13 & 14 Décembre 28 Fév & 01 Mars 09 & 10 Mai 11 & 12 Juillet Restitution Septembre 2026 [Film JVEF#1 (S24-25)](https://www.youtube.com/watch?v=HlWJa-UrygI) | [Capsule 01 JVEF#2](https://youtu.be/YiId-d7fUzE) | [Capsule 02 JVEF#2](https://www.youtube.com/watch?v=mbz9_CgqCLc)
Lieu: Alès, 155 rue Faubourg de Rochebelle, 30100 Alès
Date de début: 2026-07-11 14:00:00
Date de fin: 2026-07-12 17:00:00
Catégories: Stage, Gratuit, Sur inscription, Jonglage, Film, Dès 8 ans, Tous niveaux, Cirque"
76145924,La Verrerie l'Été 1/3,Assistez à un spectacle de cirque gratuit dans le cadre de “la semaine de découverte culturelle et scientifique”,"### UN SPECTACLE FORAIN – UNE PERFORMANCE TECHNOLOGIQUE Rita et Marco, deux forains vieillissants, parcourent les routes, malgré leur âge, présentant acrobaties, danses, et performances robotiques. Ils voyagent avec leur fidèle compagnon, Roméro, robot industriel reprogrammé pour être acteur, qui propose d’incroyables exploits. Ce protagoniste d’acier, ce personnage surprenant et attachant, les accompagne dans leurs prouesses acrobatiques fragiles, au vu de leur âge. Ensemble, ils interrogent la vieillesse, et la place de l’humain, du couple, dans un monde qui valorise la vitesse et l’efficacité. Le spectacle est une fable burlesque, où le spectacle vivant et l’ère technologique se rencontrent. La performance oscille entre poésie, vertige et humour, entre l’acier et la chair.",Alès,"155 rue Faubourg de Rochebelle, 30100 Alès",Occitanie,2026-07-09 18:00:00,2026-07-09 19:00:00,#spectacle #cirque #gratuit #toutPublic,https://openagenda.com/la-verrerie-pole-national-cirque-occitanie/events/la-verrerie-lete-13,"Titre: La Verrerie l'Été 1/3
Description: Assistez à un spectacle de cirque gratuit dans le cadre de “la semaine de découverte culturelle et scientifique”
Détails: ### UN SPECTACLE FORAIN – UNE PERFORMANCE TECHNOLOGIQUE Rita et Marco, deux forains vieillissants, parcourent les routes, malgré leur âge, présentant acrobaties, danses, et performances robotiques. Ils voyagent avec leur fidèle compagnon, Roméro, robot industriel reprogrammé pour être acteur, qui propose d’incroyables exploits. Ce protagoniste d’acier, ce personnage surprenant et attachant, les accompagne dans leurs prouesses acrobatiques fragiles, au vu de leur âge. Ensemble, ils interrogent la vieillesse, et la place de l’humain, du couple, dans un monde qui valorise la vitesse et l’efficacité. Le spectacle est une fable burlesque, où le spectacle vivant et l’ère technologique se rencontrent. La performance oscille entre poésie, vertige et humour, entre l’acier et la chair.
Lieu: Alès, 155 rue Faubourg de Rochebelle, 30100 Alès
Date de début: 2026-07-09 18:00:00
Date de fin: 2026-07-09 19:00:00
Catégories: #spectacle #cirque #gratuit #toutPublic"
87188227,"Conférence : ""Le chemin de Régordane, une route à péage au Moyen Âge""",Organisée par l'Académie Cévenole & Animée par Mireille Pluchard,"Présentée par **Mireille Pluchard**, écrivaine passionnée d’histoire, cette conférence ne traitera pas du célèbre chemin de grande randonnée, le GR 700, mais se concentrera sur les origines de cette route qui reliait Paris au Bas-Languedoc et comptait au moins 140 changeurs de monnaie. **Accès Libre**",Alès,"155 rue du Faubourg de Rochebelle, 30100 Alès",Occitanie,2026-06-24 17:00:00,2026-06-24 18:30:00,"conférence, gratuit, Cévennes",https://openagenda.com/pole-culturel-et-scientifique-de-rochebelle/events/conference-le-chemin-de-regordane-une-route-a-peage-au-moyen-age-8655627,"Titre: Conférence : ""Le chemin de Régordane, une route à péage au Moyen Âge""
Description: Organisée par l'Académie Cévenole & Animée par Mireille Pluchard
Détails: Présentée par **Mireille Pluchard**, écrivaine passionnée d’histoire, cette conférence ne traitera pas du célèbre chemin de grande randonnée, le GR 700, mais se concentrera sur les origines de cette route qui reliait Paris au Bas-Languedoc et comptait au moins 140 changeurs de monnaie. **Accès Libre**
Lieu: Alès, 155 rue du Faubourg de Rochebelle, 30100 Alès
Date de début: 2026-06-24 17:00:00
Date de fin: 2026-06-24 18:30:00
Catégories: conférence, gratuit, Cévennes"
96369036,Château de Méré,Journées européennes du patrimoine 2026-Centre-val de Loire,Le château de Méré a vu passer de nombreuses transformations faites par ses différents propriétaires. Son histaire commence au 10ème siecle.,Artannes-sur-Indre,Lieu dit Potard Artannes sur Indre,Centre-Val de Loire,2026-09-20 14:00:00,2026-09-20 18:00:00,Château,https://openagenda.com/aapa/events/chateau-de-mere-791845,"Titre: Château de Méré
Description: Journées européennes du patrimoine 2026-Centre-val de Loire
Détails: Le château de Méré a vu passer de nombreuses transformations faites par ses différents propriétaires. Son histaire commence au 10ème siecle.
Lieu: Artannes-sur-Indre, Lieu dit Potard Artannes sur Indre
Date de début: 2026-09-20 14:00:00
Date de fin: 2026-09-20 18:00:00
Catégories: Château"
69361242,Cadastre Napoléonien,Cadastre de 1820 qui est présenté sur tables dans la mairie,vous pouvez regarder le cadastre napoléonien présenté sur des tables dans la mairie.,Artannes-sur-Indre,Place Saint Maurice Artannes,Centre-Val de Loire,2025-09-21 14:00:00,2025-09-21 18:00:00,Cadastre,https://openagenda.com/aapa/events/cadastre-napoleonien,"Titre: Cadastre Napoléonien
Description: Cadastre de 1820 qui est présenté sur tables dans la mairie
Détails: vous pouvez regarder le cadastre napoléonien présenté sur des tables dans la mairie.
Lieu: Artannes-sur-Indre, Place Saint Maurice Artannes
Date de début: 2025-09-21 14:00:00
Date de fin: 2025-09-21 18:00:00
Catégories: Cadastre"
78640133,Château des Archevêques du 15ème siècle,Visite des jardins et explications sur l’histoire du chateau,,Artannes-sur-Indre,Avenue des Moulins 37260 Artannes sur Indre,Centre-Val de Loire,2025-09-21 14:30:00,2025-09-21 18:00:00,Château,https://openagenda.com/aapa/events/chateau-des-archeveques-6200289,"Titre: Château des Archevêques du 15ème siècle
Description: Visite des jardins et explications sur l’histoire du chateau
Lieu: Artannes-sur-Indre, Avenue des Moulins 37260 Artannes sur Indre
Date de début: 2025-09-21 14:30:00
Date de fin: 2025-09-21 18:00:00
Catégories: Château"
99208192,Exposition sur l’architecture.,Le thème porte sur toute l’architecture ancienne et moderne. Avec documents et photos,,Artannes-sur-Indre,place Saint Maurice Artannes,Centre-Val de Loire,2025-09-21 14:00:00,2025-09-21 18:00:00,Exposition,https://openagenda.com/aapa/events/exposition-sur-larchitecture,"Titre: Exposition sur l’architecture.
Description: Le thème porte sur toute l’architecture ancienne et moderne. Avec documents et photos
Lieu: Artannes-sur-Indre, place Saint Maurice Artannes
Date de début: 2025-09-21 14:00:00
Date de fin: 2025-09-21 18:00:00
Catégories: Exposition"
7713594,"Exposition Vanités : Pierre Buraglio, Zipora Bodek, Claude Buraglio","Vanités, trois manières d’affronter l’art et le temps, trois personnalités pour un dialogue entre matière et mémoire, présence et effacement, éclat et fragilité.","**Vanités** ----------- ### Pierre Buraglio, Zipora Bodek, Claude Buraglio Sous le titre Vanités, l’exposition rassemble trois univers artistiques singuliers dans une réflexion commune : qu’est-ce qu’une œuvre face au temps qui passe ? Pierre Buraglio, figure majeure de l’art contemporain du XXème siècle, sa fille Claude Buraglio et Zipora Bodek sont réunis par leur posture artistique engagée face au monde. Un homme, deux femmes. Père, mère et fille se retrouvent ici non pour illustrer une histoire familiale, mais pour faire apparaître ce que ces transmissions invisibles produisent dans le champ de la création : des échos, des écarts, des continuités et des détournements. Le regardeur circulera de l’un à l’autre pour percevoir ce qui les rapproche, ce qui les distingue en tant qu’humain et en tant que créateur. L’exposition invite à contempler ce dialogue silencieux entre matière et mémoire, présence et effacement, éclat et fragilité. Vanités, c’est aussi trois manières d’affronter l’art et le temps, trois personnalités réunies dans un même espace avec dessins, estampes, travaux sur toile et volumes en papier mâché. Une exposition rare centrée sur l’œuvre dessinée de Pierre Buraglio des années 60 à aujourd’hui.",Eysines,198 avenue du Taillan - Médoc 33320 Eysines,Nouvelle-Aquitaine,2026-07-02 14:00:00,2026-09-20 18:30:00,"art contemporain, dessin, lithographie",https://openagenda.com/centredartpierrebrana/events/exposition-vanites-pierre-buraglio-zipora-bodek-claude-buraglio,"Titre: Exposition Vanités : Pierre Buraglio, Zipora Bodek, Claude Buraglio
Description: Vanités, trois manières d’affronter l’art et le temps, trois personnalités pour un dialogue entre matière et mémoire, présence et effacement, éclat et fragilité.
Détails: **Vanités** ----------- ### Pierre Buraglio, Zipora Bodek, Claude Buraglio Sous le titre Vanités, l’exposition rassemble trois univers artistiques singuliers dans une réflexion commune : qu’est-ce qu’une œuvre face au temps qui passe ? Pierre Buraglio, figure majeure de l’art contemporain du XXème siècle, sa fille Claude Buraglio et Zipora Bodek sont réunis par leur posture artistique engagée face au monde. Un homme, deux femmes. Père, mère et fille se retrouvent ici non pour illustrer une histoire familiale, mais pour faire apparaître ce que ces transmissions invisibles produisent dans le champ de la création : des échos, des écarts, des continuités et des détournements. Le regardeur circulera de l’un à l’autre pour percevoir ce qui les rapproche, ce qui les distingue en tant qu’humain et en tant que créateur. L’exposition invite à contempler ce dialogue silencieux entre matière et mémoire, présence et effacement, éclat et fragilité. Vanités, c’est aussi trois manières d’affronter l’art et le temps, trois personnalités réunies dans un même espace avec dessins, estampes, travaux sur toile et volumes en papier mâché. Une exposition rare centrée sur l’œuvre dessinée de Pierre Buraglio des années 60 à aujourd’hui.
Lieu: Eysines, 198 avenue du Taillan - Médoc 33320 Eysines
Date de début: 2026-07-02 14:00:00
Date de fin: 2026-09-20 18:30:00
Catégories: art contemporain, dessin, lithographie"
44797991,Thx4Crying à Lyon,"Thx4Crying, est un·e artiste aux chansons salvatrices, aux textes sombres et cathartiques, portés par une légèreté apaisante","Thx4Crying, est un·e artiste aux chansons salvatrices, aux textes sombres et cathartiques, portés par une légèreté apaisante. Iel jouera à Lyon, le 8 octobre 2026, à La Marquise. Lors de ses concerts, Thx4Crying présente une esthétique mêlant emo, hyperpop et énergie club, explorant les marges, la mémoire et les émotions brutes. Sur scène, Thx4Crying crée des espaces de libération, nous invitant à danser, pleurer et nous réinventer.",Lyon,"Péniche La Marquise, 20 Quai Victor Augagneur, 69003 Lyon",Auvergne-Rhône-Alpes,2026-10-08 20:00:00,2026-10-08 22:30:00,"Queer, Pop, Emo, Hyperpop, Lyon, Club",https://openagenda.com/evenements-a-lyon/events/thx4crying-a-lyon,"Titre: Thx4Crying à Lyon
Description: Thx4Crying, est un·e artiste aux chansons salvatrices, aux textes sombres et cathartiques, portés par une légèreté apaisante
Détails: Thx4Crying, est un·e artiste aux chansons salvatrices, aux textes sombres et cathartiques, portés par une légèreté apaisante. Iel jouera à Lyon, le 8 octobre 2026, à La Marquise. Lors de ses concerts, Thx4Crying présente une esthétique mêlant emo, hyperpop et énergie club, explorant les marges, la mémoire et les émotions brutes. Sur scène, Thx4Crying crée des espaces de libération, nous invitant à danser, pleurer et nous réinventer.
Lieu: Lyon, Péniche La Marquise, 20 Quai Victor Augagneur, 69003 Lyon
Date de début: 2026-10-08 20:00:00
Date de fin: 2026-10-08 22:30:00
Catégories: Queer, Pop, Emo, Hyperpop, Lyon, Club"
10456431,Dafné Kritharas à Lyon,"Dafné Kritharas ouvre largement les portes d’une Grèce aussi grecque qu’elle est personnelle, unique, libre.","Dafné Kritharas ouvre largement les portes d’une Grèce aussi grecque qu’elle est personnelle, unique, libre. Son pays se fait lointain et familier du même geste, par sa puissance de poésie, d’utopie, d’éternité. Au-delà des formes, des usages, des traditions, des habitudes, elle raconte le meilleur monde ; celui qu’un artiste fait survenir en le chantant. Et le monde de Prayer & Sin est éclatant, consolant, limpide : des danses de joie, des deuils sublimes, de vastes vaisseaux de mélancolie heureuse. Un voyage dans la troublante géographie d’une âme d’exception.",Lyon,"20 Quai de Bondy, 69005 Lyon",Auvergne-Rhône-Alpes,2026-11-07 20:00:00,2026-11-07 22:30:00,Word Pop - Grèce - Grecque,https://openagenda.com/evenements-a-lyon/events/dafne-kritharas-a-lyon,"Titre: Dafné Kritharas à Lyon
Description: Dafné Kritharas ouvre largement les portes d’une Grèce aussi grecque qu’elle est personnelle, unique, libre.
Détails: Dafné Kritharas ouvre largement les portes d’une Grèce aussi grecque qu’elle est personnelle, unique, libre. Son pays se fait lointain et familier du même geste, par sa puissance de poésie, d’utopie, d’éternité. Au-delà des formes, des usages, des traditions, des habitudes, elle raconte le meilleur monde ; celui qu’un artiste fait survenir en le chantant. Et le monde de Prayer & Sin est éclatant, consolant, limpide : des danses de joie, des deuils sublimes, de vastes vaisseaux de mélancolie heureuse. Un voyage dans la troublante géographie d’une âme d’exception.
Lieu: Lyon, 20 Quai de Bondy, 69005 Lyon
Date de début: 2026-11-07 20:00:00
Date de fin: 2026-11-07 22:30:00
Catégories: Word Pop - Grèce - Grecque"
8601805,La Parade à Lyon,"La Parade est un groupe d'indie pop-rock né en 2023 de l'élan complice de Sébastien Moreau et Victor Hérault, amis d'enfance depuis 15 ans qui façonnent leur musique et leur rêve ensemble.","La Parade est un groupe d'indie pop-rock né en 2023 de l'élan complice de Sébastien Moreau et Victor Hérault, amis d'enfance depuis 15 ans qui façonnent leur musique et leur rêve ensemble. Leur écriture se nourrit d'une poésie instinctive, dans la filiation des films d'Emir Kusturica et Michel Gondry. Une voix directe, langoureuse en tendue qui s'élève sur des guitares volubiles et bondissantes, dans l'esprit de Parcels & MGMT. Une grande épopée indie-rock commence !",Lyon,"Péniche La Marquise, 20 Quai Victor Augagneur, 69003 Lyon",Auvergne-Rhône-Alpes,2026-11-18 20:00:00,2026-11-18 22:30:00,"Indie pop, rock, chanson, Lyon, Musique, concert",https://openagenda.com/evenements-a-lyon/events/la-parade-a-lyon,"Titre: La Parade à Lyon
Description: La Parade est un groupe d'indie pop-rock né en 2023 de l'élan complice de Sébastien Moreau et Victor Hérault, amis d'enfance depuis 15 ans qui façonnent leur musique et leur rêve ensemble.
Détails: La Parade est un groupe d'indie pop-rock né en 2023 de l'élan complice de Sébastien Moreau et Victor Hérault, amis d'enfance depuis 15 ans qui façonnent leur musique et leur rêve ensemble. Leur écriture se nourrit d'une poésie instinctive, dans la filiation des films d'Emir Kusturica et Michel Gondry. Une voix directe, langoureuse en tendue qui s'élève sur des guitares volubiles et bondissantes, dans l'esprit de Parcels & MGMT. Une grande épopée indie-rock commence !
Lieu: Lyon, Péniche La Marquise, 20 Quai Victor Augagneur, 69003 Lyon
Date de début: 2026-11-18 20:00:00
Date de fin: 2026-11-18 22:30:00
Catégories: Indie pop, rock, chanson, Lyon, Musique, concert"
65083247,Concert jazz traditionnel de La Nouvelle-Orléans,"Laissez-vous emporter par l'énergie du jazz traditionnel de La Nouvelle-Orléans avec The Franc Connection. À travers un répertoire mêlant swing, improvisations et grands classiques.","Concert des Journées européennes du patrimoine, 19h30, durée 2h Laissez-vous emporter par l'énergie du jazz traditionnel de La Nouvelle-Orléans avec The Franc Connection, dirigé par Olivier Franc, spécialiste de Sidney Bechet. À travers un répertoire mêlant swing, improvisations et grands classiques, ce concert rend hommage à Sidney Bechet, figure majeure du jazz qui vécut à Grigny dans les dernières années de sa vie. Rendez-vous : Eglise du village, rue Pierre Brossolette",Grigny,13 rue Pierre Brossolette 91350 Grigny,Île-de-France,2026-09-18 19:30:00,2026-09-18 21:30:00,"Vendredi 18 septembre 19h30, Concert, Jazz traditionnel, Jazz traditionnel de La Nouvelle-Orléans, The Franc Connection, Olivier Franc, Sidney Bechet, grands classiques, Swing, Improvisations, Jazz, Grigny, Eglise du village, rue Pierre Brossolette",https://openagenda.com/journees-du-patrimoine-a-grigny-edition-2026/events/concert-jazz-traditionnel-de-la-nouvelle-orleans,"Titre: Concert jazz traditionnel de La Nouvelle-Orléans
Description: Laissez-vous emporter par l'énergie du jazz traditionnel de La Nouvelle-Orléans avec The Franc Connection. À travers un répertoire mêlant swing, improvisations et grands classiques.
Détails: Concert des Journées européennes du patrimoine, 19h30, durée 2h Laissez-vous emporter par l'énergie du jazz traditionnel de La Nouvelle-Orléans avec The Franc Connection, dirigé par Olivier Franc, spécialiste de Sidney Bechet. À travers un répertoire mêlant swing, improvisations et grands classiques, ce concert rend hommage à Sidney Bechet, figure majeure du jazz qui vécut à Grigny dans les dernières années de sa vie. Rendez-vous : Eglise du village, rue Pierre Brossolette
Lieu: Grigny, 13 rue Pierre Brossolette 91350 Grigny
Date de début: 2026-09-18 19:30:00
Date de fin: 2026-09-18 21:30:00
Catégories: Vendredi 18 septembre 19h30, Concert, Jazz traditionnel, Jazz traditionnel de La Nouvelle-Orléans, The Franc Connection, Olivier Franc, Sidney Bechet, grands classiques, Swing, Improvisations, Jazz, Grigny, Eglise du village, rue Pierre Brossolette"
7941753,Balade « regards croisés »,Et si vous redécouvriez la Grande Borne ? Laissez-vous guider à travers l'un des ensembles architecturaux les plus singuliers d'Île-de-France imaginée par Émile Aillaud comme une cité-jardin.,"La Grande Borne est un véritable musée à ciel ouvert où se mêlent architecture, sculptures, mosaïques monumentales, street art et espaces paysagers. Au fil de la balade, découvrez les transformations urbaines du quartier et les actions mises en œuvre pour préserver l'esprit de son architecture tout en l'adaptant aux enjeux d'aujourd'hui. Munis de votre appareil photo ou de votre smartphone, capturez votre regard sur la Grande Borne ! Une initiation à la photographie sera proposée par les Ateliers municipaux des arts plastiques, et des pauses gourmandes seront offertes par L’intermède, l'épicerie sociale du service CCAS de la ville.",Grigny,"1 rue de la plaine, 91350 Grigny",Île-de-France,2026-09-19 09:30:00,2026-09-19 13:00:00,"Grande Borne, Ensembles architecturaux, Cité-jardin, Sculptures, Mosaïques monumentales, Street art, Balade, Transformations urbaines, Quartier, Appareil photo, Smartphone, Photographie, Ateliers municipaux des arts plastiques, Pauses gourmandes, Epicerie sociale, CCAS",https://openagenda.com/journees-du-patrimoine-a-grigny-edition-2026/events/balade-regards-croises,"Titre: Balade « regards croisés »
Description: Et si vous redécouvriez la Grande Borne ? Laissez-vous guider à travers l'un des ensembles architecturaux les plus singuliers d'Île-de-France imaginée par Émile Aillaud comme une cité-jardin.
Détails: La Grande Borne est un véritable musée à ciel ouvert où se mêlent architecture, sculptures, mosaïques monumentales, street art et espaces paysagers. Au fil de la balade, découvrez les transformations urbaines du quartier et les actions mises en œuvre pour préserver l'esprit de son architecture tout en l'adaptant aux enjeux d'aujourd'hui. Munis de votre appareil photo ou de votre smartphone, capturez votre regard sur la Grande Borne ! Une initiation à la photographie sera proposée par les Ateliers municipaux des arts plastiques, et des pauses gourmandes seront offertes par L’intermède, l'épicerie sociale du service CCAS de la ville.
Lieu: Grigny, 1 rue de la plaine, 91350 Grigny
Date de début: 2026-09-19 09:30:00
Date de fin: 2026-09-19 13:00:00
Catégories: Grande Borne, Ensembles architecturaux, Cité-jardin, Sculptures, Mosaïques monumentales, Street art, Balade, Transformations urbaines, Quartier, Appareil photo, Smartphone, Photographie, Ateliers municipaux des arts plastiques, Pauses gourmandes, Epicerie sociale, CCAS"
52860297,Voyage dans le temps et dans les archives,Exposition de documents remarquables et atelier créatif participatif.,"Les Archives municipales de Grigny vous donnent la rare occasion de plonger dans l’histoire de la ville, à travers une présentation de documents remarquables, témoins de l’histoire passée et récente de Grigny, Comment illustrer le thème « Patrimoine en péril » avec des archives ? A vous de jouer, en créant une frise sur laquelle vous pourrez déchirer, découper, colorier, associer au gré de votre imagination, des reproductions de documents d’archives. Rendez-vous : Ferme neuve, salle du Médiapôle, rue Rol Tanguy à Grigny",Grigny,"1 rue Rol Tanguy, 91350 Grigny",Île-de-France,2026-09-19 10:00:00,2026-09-19 16:00:00,"Archives, Archives municipales, Archives municipales de Grigny, Grigny, « Patrimoine en péril » avec des archives ?, Reproductions de documents d’archives",https://openagenda.com/journees-du-patrimoine-a-grigny-edition-2026/events/voyage-dans-le-temps-et-dans-les-archives,"Titre: Voyage dans le temps et dans les archives
Description: Exposition de documents remarquables et atelier créatif participatif.
Détails: Les Archives municipales de Grigny vous donnent la rare occasion de plonger dans l’histoire de la ville, à travers une présentation de documents remarquables, témoins de l’histoire passée et récente de Grigny, Comment illustrer le thème « Patrimoine en péril » avec des archives ? A vous de jouer, en créant une frise sur laquelle vous pourrez déchirer, découper, colorier, associer au gré de votre imagination, des reproductions de documents d’archives. Rendez-vous : Ferme neuve, salle du Médiapôle, rue Rol Tanguy à Grigny
Lieu: Grigny, 1 rue Rol Tanguy, 91350 Grigny
Date de début: 2026-09-19 10:00:00
Date de fin: 2026-09-19 16:00:00
Catégories: Archives, Archives municipales, Archives municipales de Grigny, Grigny, « Patrimoine en péril » avec des archives ?, Reproductions de documents d’archives"
29629756,Raconte ta Grande Borne,"Vernissage : Raconte ta Grande Borne. Un quartier en images, une mémoire en partage. Découvrez le regard sensible et artistique des habitants sur les transformations de la Grande Borne.","Vernissage de l'exposition photographique « Raconte ta Grande Borne » Réalisées avec la photographe grignoise Sévia Chenut Ardouin, ces clichés mettent en lumière la mémoire et l'identité du quartier. Des temps d'échange avec les participants, l'artiste et le public ponctueront ce moment de rencontre, qui se prolongera autour d'un pot convivial préparé par les Mamas de Grigny à l'Espace Jeunes Nelson Mandela. Rendez-vous: entrée de l'Espace Jeune Nelson-Mandela, 6 place du Miroir à Grigny.",Grigny,"6 place du miroir, 91350 Grigny",Île-de-France,2026-09-19 14:00:00,2026-09-19 18:00:00,"Vernissage exposition photographique, Raconte ta Grande Borne, Habitants des Places Hautes, Transformations de la Grande Borne, Photographe grignoise, Sévia Chenut Ardouin, Mémoire, Identité, Pot convivial, les Mamas de Grigny, l'Espace Jeune Nelson-Mandela",https://openagenda.com/journees-du-patrimoine-a-grigny-edition-2026/events/raconte-ta-grande-borne,"Titre: Raconte ta Grande Borne
Description: Vernissage : Raconte ta Grande Borne. Un quartier en images, une mémoire en partage. Découvrez le regard sensible et artistique des habitants sur les transformations de la Grande Borne.
Détails: Vernissage de l'exposition photographique « Raconte ta Grande Borne » Réalisées avec la photographe grignoise Sévia Chenut Ardouin, ces clichés mettent en lumière la mémoire et l'identité du quartier. Des temps d'échange avec les participants, l'artiste et le public ponctueront ce moment de rencontre, qui se prolongera autour d'un pot convivial préparé par les Mamas de Grigny à l'Espace Jeunes Nelson Mandela. Rendez-vous: entrée de l'Espace Jeune Nelson-Mandela, 6 place du Miroir à Grigny.
Lieu: Grigny, 6 place du miroir, 91350 Grigny
Date de début: 2026-09-19 14:00:00
Date de fin: 2026-09-19 18:00:00
Catégories: Vernissage exposition photographique, Raconte ta Grande Borne, Habitants des Places Hautes, Transformations de la Grande Borne, Photographe grignoise, Sévia Chenut Ardouin, Mémoire, Identité, Pot convivial, les Mamas de Grigny, l'Espace Jeune Nelson-Mandela"
77427895,Lecture musicale au Lavoir de Grigny,Lectures voix haute autour de l’œuvre de Jean Cocteau.,"Lecture musicale au Lavoir de Grigny Lectures autour de l’œuvre de Jean Cocteau coordonnées par La Constellation et mises en musique par Fabrice Zammarchi, en partenariat avec le Foyer Laudat et la médiathèque de la ville. Rendez-vous : Lavoir de Grigny, quartier du village, à l'angle des rues P. Brossolette et du Clozeau",Grigny,1 rue du Clozeau 91350,Île-de-France,2026-09-19 18:00:00,2026-09-19 20:00:00,"Lecture musicale au lavoir municipal, Lavoir de Grigny, Lectures autour de l’œuvre de Jean Cocteau, Foyer Laudat, Médiathèque, Grigny",https://openagenda.com/journees-du-patrimoine-a-grigny-edition-2026/events/lecture-musicale-au-lavoir-de-grigny,"Titre: Lecture musicale au Lavoir de Grigny
Description: Lectures voix haute autour de l’œuvre de Jean Cocteau.
Détails: Lecture musicale au Lavoir de Grigny Lectures autour de l’œuvre de Jean Cocteau coordonnées par La Constellation et mises en musique par Fabrice Zammarchi, en partenariat avec le Foyer Laudat et la médiathèque de la ville. Rendez-vous : Lavoir de Grigny, quartier du village, à l'angle des rues P. Brossolette et du Clozeau
Lieu: Grigny, 1 rue du Clozeau 91350
Date de début: 2026-09-19 18:00:00
Date de fin: 2026-09-19 20:00:00
Catégories: Lecture musicale au lavoir municipal, Lavoir de Grigny, Lectures autour de l’œuvre de Jean Cocteau, Foyer Laudat, Médiathèque, Grigny"
43505598,Marché des potiers de Saint Jean de Fos,"Un marché quarantenaire qui accueille 50 céramistes de toute la France et d’Europe. Atelier découverte du modelage et démonstration de tournage, exposition à thème. Votez pour votre stand préféré.","Pour les 42 ans du marché des potiers de Saint Jean de Fos, l'association Les potiers de Saint Jean de Fos vous préparé un beau programme. Le samedi 25 et dimanche 26 juillet, au coeur du village, 50 potiers venus de France et d'Europe présenteront au travers de leur travail de qualité, toute la diversité et la richesse des techniques de la céramique ( raku, porcelaine, terre vernissée, terre sigillée, grès, utilitaire, bijoux, sculptures...) Des démonstrations de tournage et un atelier de modelage ouvert a tous et gratuit tout le long du week end. Concours à thème avec vote du public : ""Contes et légendes"", une occasion ludique de découvrir l'imagination débordante des potiers participants. Une occasion de visiter Argileum la Maison de la Poterie qui sera ouverte tout le week-end avec son expace boutique représentant le travail de 20 céramistes de l’Hérault ainsi que de visiter le musée de la poterie traditionnelle. Ce lieu a été construit autour du dernier four à bois du village dans l’ancien atelier de l’artisan AlbeSabadell. Un week end où la poterie est à l'honneur, avec visite du village emblématique de Saint Jean de Fos, village potiers depuis des centaines d'années où vous pourrez admirer les gouttières et chéneaux en terre vernissée au vert profond et typique de SaintJean de Fos. Restauration et buvette sur place en musique avec les duo La belle époque swing jazz le samedi et le Yanin Saavedra Duo le dimanche. Entrée gratuite Accès conseillé par aniane, parking du Pont du Diable.",Saint-Jean-de-Fos,Place de la Mairie,Occitanie,2026-07-25 09:00:00,2026-07-26 20:00:00,"marché de potiers, céramique, exposition, poterie, artisanat d'art",https://openagenda.com/association-des-potiers-de-saint-jean-de-fos/events/marche-des-potiers-de-saint-jean-de-fos,"Titre: Marché des potiers de Saint Jean de Fos
Description: Un marché quarantenaire qui accueille 50 céramistes de toute la France et d’Europe. Atelier découverte du modelage et démonstration de tournage, exposition à thème. Votez pour votre stand préféré.
Détails: Pour les 42 ans du marché des potiers de Saint Jean de Fos, l'association Les potiers de Saint Jean de Fos vous préparé un beau programme. Le samedi 25 et dimanche 26 juillet, au coeur du village, 50 potiers venus de France et d'Europe présenteront au travers de leur travail de qualité, toute la diversité et la richesse des techniques de la céramique ( raku, porcelaine, terre vernissée, terre sigillée, grès, utilitaire, bijoux, sculptures...) Des démonstrations de tournage et un atelier de modelage ouvert a tous et gratuit tout le long du week end. Concours à thème avec vote du public : ""Contes et légendes"", une occasion ludique de découvrir l'imagination débordante des potiers participants. Une occasion de visiter Argileum la Maison de la Poterie qui sera ouverte tout le week-end avec son expace boutique représentant le travail de 20 céramistes de l’Hérault ainsi que de visiter le musée de la poterie traditionnelle. Ce lieu a été construit autour du dernier four à bois du village dans l’ancien atelier de l’artisan AlbeSabadell. Un week end où la poterie est à l'honneur, avec visite du village emblématique de Saint Jean de Fos, village potiers depuis des centaines d'années où vous pourrez admirer les gouttières et chéneaux en terre vernissée au vert profond et typique de SaintJean de Fos. Restauration et buvette sur place en musique avec les duo La belle époque swing jazz le samedi et le Yanin Saavedra Duo le dimanche. Entrée gratuite Accès conseillé par aniane, parking du Pont du Diable.
Lieu: Saint-Jean-de-Fos, Place de la Mairie
Date de début: 2026-07-25 09:00:00
Date de fin: 2026-07-26 20:00:00
Catégories: marché de potiers, céramique, exposition, poterie, artisanat d'art"
68591982,Démonstration : découverte du makhila,"Venez découvrir le makhila, ce bâton de marche emblématique du Pays Basque. Vous pourrez commencer la visite par notre espace d'exposition, situé en face de l'atelier. Venez ensuite nous rejoindre au…","Venez découvrir le makhila, bâton de marche emblématique du Pays basque. La visite commencera par l’espace d’exposition, situé en face de l’atelier. Vous pourrez ensuite rejoindre l’atelier pour découvrir les savoir-faire liés à sa fabrication.",Larressore,"75 Plazako bidea, 64480 Larressore",Nouvelle-Aquitaine,2026-09-18 09:00:00,2026-09-19 17:00:00,,https://openagenda.com/jep-2026-nouvelle-aquitaine/events/decouverte-du-makhila,"Titre: Démonstration : découverte du makhila
Description: Venez découvrir le makhila, ce bâton de marche emblématique du Pays Basque. Vous pourrez commencer la visite par notre espace d'exposition, situé en face de l'atelier. Venez ensuite nous rejoindre au…
Détails: Venez découvrir le makhila, bâton de marche emblématique du Pays basque. La visite commencera par l’espace d’exposition, situé en face de l’atelier. Vous pourrez ensuite rejoindre l’atelier pour découvrir les savoir-faire liés à sa fabrication.
Lieu: Larressore, 75 Plazako bidea, 64480 Larressore
Date de début: 2026-09-18 09:00:00
Date de fin: 2026-09-19 17:00:00"
43781423,[Spécial scolaires] Rencontre avec une restauratrice d'oeuvres d'arts graphiques,"Le musée propose aux élèves une rencontre professionnelle avec Cécile Perrault, une restauratrice d’œuvres d'arts graphiques qui a restauré 18 dessins d’Abel Boyé en 2024.","Le musée propose aux élèves une rencontre professionnelle avec Cécile Perrault, restauratrice d’œuvres d’art graphique, qui a restauré 18 dessins d’Abel Boyé en 2024. Les élèves pourront découvrir cette profession essentielle à la conservation des œuvres, qui contribue à leur sauvegarde et à la valorisation du patrimoine. Pour les élèves du cycle 2, une approche ludique et un atelier participatif permettront de les sensibiliser au soin des documents papier. Pour les élèves du cycle 3 jusqu’au lycée, une approche plus technique sera proposée, avec une ouverture sur la déontologie, la manipulation des matériaux et les enjeux de conservation. Cette rencontre permettra aux élèves de découvrir un métier du patrimoine au sein du musée, d’enrichir leurs connaissances par l’expérimentation et de mieux comprendre les missions liées à la conservation des œuvres d’art.",Marmande,"15 Rue Abel Boyé, 47200 Marmande, France",Nouvelle-Aquitaine,2026-09-18 09:00:00,2026-09-18 17:00:00,,https://openagenda.com/jep-2026-nouvelle-aquitaine/events/jep-2026-rencontre-avec-une-restauratrice-doeuvres-darts-graphiques,"Titre: [Spécial scolaires] Rencontre avec une restauratrice d'oeuvres d'arts graphiques
Description: Le musée propose aux élèves une rencontre professionnelle avec Cécile Perrault, une restauratrice d’œuvres d'arts graphiques qui a restauré 18 dessins d’Abel Boyé en 2024.
Détails: Le musée propose aux élèves une rencontre professionnelle avec Cécile Perrault, restauratrice d’œuvres d’art graphique, qui a restauré 18 dessins d’Abel Boyé en 2024. Les élèves pourront découvrir cette profession essentielle à la conservation des œuvres, qui contribue à leur sauvegarde et à la valorisation du patrimoine. Pour les élèves du cycle 2, une approche ludique et un atelier participatif permettront de les sensibiliser au soin des documents papier. Pour les élèves du cycle 3 jusqu’au lycée, une approche plus technique sera proposée, avec une ouverture sur la déontologie, la manipulation des matériaux et les enjeux de conservation. Cette rencontre permettra aux élèves de découvrir un métier du patrimoine au sein du musée, d’enrichir leurs connaissances par l’expérimentation et de mieux comprendre les missions liées à la conservation des œuvres d’art.
Lieu: Marmande, 15 Rue Abel Boyé, 47200 Marmande, France
Date de début: 2026-09-18 09:00:00
Date de fin: 2026-09-18 17:00:00"
95401988,"Exposition ""Sensations océaniques"" à la chapelle Sainte Thérèse","Adèle Sauvage présente son exposition ""Sensations océaniques"" au sein de la chapelle Sainte-Thérèse.","Adèle Sauvage présente son exposition ""Sensations océaniques"" au sein de la chapelle Sainte-Thérèse. ---------------------------------------------------------------------------------------------------- Adèle Sauvage fabrique des assemblages, des sculptures et des dessins qu’elle installe dans des lieux choisis pour leur faire écho. Pour les Journées européennes du patrimoine 2026, elle a choisi la chapelle Sainte-Thérèse, lieu ô combien symbolique, en résonance avec le caractère éphémère de ses installations. Ses sculptures sont souvent réalisées à partir de matériaux de récupération, du « presque rien », dont elle cherche à révéler la valeur spirituelle et esthétique. Elle imagine ses installations comme des concerts silencieux et s’enthousiasme à l’idée que les passants puissent y participer. Ces œuvres fragiles invitent à une réflexion sur la beauté et la puissance des cycles de transformation. La nature, le quotidien et les lectures sont autant de sources d’inspiration. Ses créations, bien que souvent éphémères, pourraient laisser une empreinte durable dans l’esprit et le cœur de ceux qui les croisent. _Située sur la dune, la Chapelle Sainte-Thérèse est un lieu unique, à la fois patrimonial et naturel. Pour préserver cet environnement fragile, il est essentiel de rester sur les cheminements aménagés et de ne pas marcher sur la dune. Ce geste simple permet de protéger la flore, limiter l’érosion et garantir que ce paysage exceptionnel puisse continuer à être admiré par les générations futures._ Attention ce site n'est pas accessible aux personnes à mobilité réduite.",Labenne,"Chapelle Sainte-Thérèse, 40530 Labenne",Nouvelle-Aquitaine,2026-09-18 10:00:00,2026-09-20 18:00:00,,https://openagenda.com/jep-2026-nouvelle-aquitaine/events/exposition-sensations-oceaniques-chapelle-sainte-therese,"Titre: Exposition ""Sensations océaniques"" à la chapelle Sainte Thérèse
Description: Adèle Sauvage présente son exposition ""Sensations océaniques"" au sein de la chapelle Sainte-Thérèse.
Détails: Adèle Sauvage présente son exposition ""Sensations océaniques"" au sein de la chapelle Sainte-Thérèse. ---------------------------------------------------------------------------------------------------- Adèle Sauvage fabrique des assemblages, des sculptures et des dessins qu’elle installe dans des lieux choisis pour leur faire écho. Pour les Journées européennes du patrimoine 2026, elle a choisi la chapelle Sainte-Thérèse, lieu ô combien symbolique, en résonance avec le caractère éphémère de ses installations. Ses sculptures sont souvent réalisées à partir de matériaux de récupération, du « presque rien », dont elle cherche à révéler la valeur spirituelle et esthétique. Elle imagine ses installations comme des concerts silencieux et s’enthousiasme à l’idée que les passants puissent y participer. Ces œuvres fragiles invitent à une réflexion sur la beauté et la puissance des cycles de transformation. La nature, le quotidien et les lectures sont autant de sources d’inspiration. Ses créations, bien que souvent éphémères, pourraient laisser une empreinte durable dans l’esprit et le cœur de ceux qui les croisent. _Située sur la dune, la Chapelle Sainte-Thérèse est un lieu unique, à la fois patrimonial et naturel. Pour préserver cet environnement fragile, il est essentiel de rester sur les cheminements aménagés et de ne pas marcher sur la dune. Ce geste simple permet de protéger la flore, limiter l’érosion et garantir que ce paysage exceptionnel puisse continuer à être admiré par les générations futures._ Attention ce site n'est pas accessible aux personnes à mobilité réduite.
Lieu: Labenne, Chapelle Sainte-Thérèse, 40530 Labenne
Date de début: 2026-09-18 10:00:00
Date de fin: 2026-09-20 18:00:00"
45809621,Rallye photo à la Cité des Castors de Pessac,Rally-photo pour des jeunes CM1 et CM2 des écoles de la commune.,"À l’occasion d’un rallye photo destiné aux élèves de CM1 et de CM2 des écoles de la commune, Éric, habitant de la Cité, partagera sa passion pour la photographie et son expérience de photographe de presse. Il répondra également aux questions des élèves. Au cours d’une balade au cœur de la Cité, les participants devront reconstituer un puzzle représentant un bâtiment emblématique du quartier. Ils seront également invités à réaliser des photographies qui pourront, selon le projet pédagogique de l’enseignant, servir à la création d’un panneau d’exposition en classe. Celui-ci pourra être présenté lors des Journées nationales de l’architecture des 16, 17 et 18 octobre 2026. Les auteurs des photographies les plus belles ou les plus originales seront récompensés.",Pessac,"Place Charles-Dullin, 33600 Pessac",Nouvelle-Aquitaine,2026-09-18 10:00:00,2026-09-18 15:30:00,,https://openagenda.com/jep-2026-nouvelle-aquitaine/events/rally-photo-a-la-cite-des-castors-de-pessac,"Titre: Rallye photo à la Cité des Castors de Pessac
Description: Rally-photo pour des jeunes CM1 et CM2 des écoles de la commune.
Détails: À l’occasion d’un rallye photo destiné aux élèves de CM1 et de CM2 des écoles de la commune, Éric, habitant de la Cité, partagera sa passion pour la photographie et son expérience de photographe de presse. Il répondra également aux questions des élèves. Au cours d’une balade au cœur de la Cité, les participants devront reconstituer un puzzle représentant un bâtiment emblématique du quartier. Ils seront également invités à réaliser des photographies qui pourront, selon le projet pédagogique de l’enseignant, servir à la création d’un panneau d’exposition en classe. Celui-ci pourra être présenté lors des Journées nationales de l’architecture des 16, 17 et 18 octobre 2026. Les auteurs des photographies les plus belles ou les plus originales seront récompensés.
Lieu: Pessac, Place Charles-Dullin, 33600 Pessac
Date de début: 2026-09-18 10:00:00
Date de fin: 2026-09-18 15:30:00"
43274883,Visite commentée du jardin japonais Fukutsu-En,Visite commentée de ce jardin de déambulation regroupant plusieurs espaces que l'on retrouve dans les jardins traditionnels du Japon.,Visite commentée de ce jardin de déambulation composé de plusieurs espaces inspirés des jardins traditionnels japonais.,Bonnac-la-Côte,"3 chemin de la Drouille Blanche, 87270 Bonnac la Côte",Nouvelle-Aquitaine,2026-09-18 14:00:00,2026-09-20 18:00:00,,https://openagenda.com/jep-2026-nouvelle-aquitaine/events/journees-europeennes-du-patrimoine-7799488,"Titre: Visite commentée du jardin japonais Fukutsu-En
Description: Visite commentée de ce jardin de déambulation regroupant plusieurs espaces que l'on retrouve dans les jardins traditionnels du Japon.
Détails: Visite commentée de ce jardin de déambulation composé de plusieurs espaces inspirés des jardins traditionnels japonais.
Lieu: Bonnac-la-Côte, 3 chemin de la Drouille Blanche, 87270 Bonnac la Côte
Date de début: 2026-09-18 14:00:00
Date de fin: 2026-09-20 18:00:00"
59405192,Jeu de piste dans Mauléon,Le 6 de Coeur et le Cercle ludique proposent un jeu de piste dans Mauléon.,"Le 6 de Cœur et le Cercle ludique proposent un jeu de piste à travers Mauléon. Au départ du musée, partez en autonomie à la recherche d’indices à l’aide de photographies anciennes.",Mauléon,"Place de l'Hôtel de Ville, 79700 Mauléon, France",Nouvelle-Aquitaine,2026-09-18 14:00:00,2026-09-19 18:00:00,,https://openagenda.com/jep-2026-nouvelle-aquitaine/events/jeu-de-piste-dans-mauleon,"Titre: Jeu de piste dans Mauléon
Description: Le 6 de Coeur et le Cercle ludique proposent un jeu de piste dans Mauléon.
Détails: Le 6 de Cœur et le Cercle ludique proposent un jeu de piste à travers Mauléon. Au départ du musée, partez en autonomie à la recherche d’indices à l’aide de photographies anciennes.
Lieu: Mauléon, Place de l'Hôtel de Ville, 79700 Mauléon, France
Date de début: 2026-09-18 14:00:00
Date de fin: 2026-09-19 18:00:00"
88766395,"Visite de l'atelier Le Soulor, l'un des derniers fabricants de chaussures en France",Visite du dernier atelier de fabrication de chaussures de montagne en France,Visite du dernier atelier de fabrication de chaussures de montagne en France.,Nay,"Place Maréchal de Lattre de Tassigny, 64800 Nay",Nouvelle-Aquitaine,2026-09-18 14:00:00,2026-09-18 18:00:00,,https://openagenda.com/jep-2026-nouvelle-aquitaine/events/visite-de-latelier-le-soulor-lun-des-derniers-fabricants-de-chaussures-en-france,"Titre: Visite de l'atelier Le Soulor, l'un des derniers fabricants de chaussures en France
Description: Visite du dernier atelier de fabrication de chaussures de montagne en France
Détails: Visite du dernier atelier de fabrication de chaussures de montagne en France.
Lieu: Nay, Place Maréchal de Lattre de Tassigny, 64800 Nay
Date de début: 2026-09-18 14:00:00
Date de fin: 2026-09-18 18:00:00"
51522632,Démonstration de cuisson de pain dans le four banal du XIVe siècle,Assistez à une démonstration de cuisson du pain dans le four banal du XIVe siècle !,### **Assistez à une démonstration de cuisson du pain dans le four banal du XIVe siècle.** Possibilité d’acheter du pain à la fin de la cuisson. ### Samedi De 9h à 10h30 : chauffe du four. De 10h45 à 11h45 : cuisson du pain. De 14h à 15h30 : chauffe du four. De 15h45 à 16h45 : cuisson du pain. ### Dimanche De 9h à 10h30 : chauffe du four. De 10h45 à 11h45 : cuisson du pain. De 14h à 15h30 : chauffe du four. De 15h45 à 16h45 : cuisson du pain.,Urval,"Le Bourg, 24480 Urval",Nouvelle-Aquitaine,2026-09-19 09:00:00,2026-09-20 17:00:00,,https://openagenda.com/jep-2026-nouvelle-aquitaine/events/demostracion-de-hornear-pan-en-el-horno-banal-del-siglo-xiv-4293730,"Titre: Démonstration de cuisson de pain dans le four banal du XIVe siècle
Description: Assistez à une démonstration de cuisson du pain dans le four banal du XIVe siècle !
Détails: ### **Assistez à une démonstration de cuisson du pain dans le four banal du XIVe siècle.** Possibilité d’acheter du pain à la fin de la cuisson. ### Samedi De 9h à 10h30 : chauffe du four. De 10h45 à 11h45 : cuisson du pain. De 14h à 15h30 : chauffe du four. De 15h45 à 16h45 : cuisson du pain. ### Dimanche De 9h à 10h30 : chauffe du four. De 10h45 à 11h45 : cuisson du pain. De 14h à 15h30 : chauffe du four. De 15h45 à 16h45 : cuisson du pain.
Lieu: Urval, Le Bourg, 24480 Urval
Date de début: 2026-09-19 09:00:00
Date de fin: 2026-09-20 17:00:00"
70723024,"Randonnée pédestre ""Les matinales de la préhistoire""","Rdv 9h au musèe, rue principale de Sers pour cafè d'accueil et visite du musèe puis départ en rando pèdestre vers le Roc (3,5km), histoire contèe des lègendes d'Estelle, la solutrèenne du roc devant…","Rendez-vous à 9h au musée, rue Principale, à Sers, pour un café d’accueil et une visite du musée. La matinée se poursuivra par une randonnée pédestre vers le Roc, sur un parcours de 3,5km. Devant les 26 statues et œuvres d’art, vous découvrirez l’histoire contée des légendes d’Estelle, la Solutréenne du Roc. Une visite commentée du Roc sera ensuite proposée avant le retour vers le musée : en voiture pour les personnes ayant laissé leur véhicule au Roc avant 8h30, ou à pied pour les autres, soit 4,5km supplémentaires et 8km au total. Arrivée prévue avant midi.",Sers,"Rue Montalembert, 16410 Sers",Nouvelle-Aquitaine,2026-09-19 09:00:00,2026-09-19 15:00:00,,https://openagenda.com/jep-2026-nouvelle-aquitaine/events/rando-pedestre-matinale-de-la-prehistoire-du-musee-au-roc-de-sers,"Titre: Randonnée pédestre ""Les matinales de la préhistoire""
Description: Rdv 9h au musèe, rue principale de Sers pour cafè d'accueil et visite du musèe puis départ en rando pèdestre vers le Roc (3,5km), histoire contèe des lègendes d'Estelle, la solutrèenne du roc devant…
Détails: Rendez-vous à 9h au musée, rue Principale, à Sers, pour un café d’accueil et une visite du musée. La matinée se poursuivra par une randonnée pédestre vers le Roc, sur un parcours de 3,5km. Devant les 26 statues et œuvres d’art, vous découvrirez l’histoire contée des légendes d’Estelle, la Solutréenne du Roc. Une visite commentée du Roc sera ensuite proposée avant le retour vers le musée : en voiture pour les personnes ayant laissé leur véhicule au Roc avant 8h30, ou à pied pour les autres, soit 4,5km supplémentaires et 8km au total. Arrivée prévue avant midi.
Lieu: Sers, Rue Montalembert, 16410 Sers
Date de début: 2026-09-19 09:00:00
Date de fin: 2026-09-19 15:00:00"
91600788,Journée citoyenne avec l'association MégaNéo,"L’association MégaNéo vous invite à participer au défrichage et au nettoyage du tumulus préhistorique de la Folatière, l’un des plus grands d’Europe, acquis par l’association en 2025.","L’association MégaNéo vous invite à participer au défrichage et au nettoyage du tumulus préhistorique de la Folatière, l’un des plus grands d’Europe, acquis par l’association en 2025. Rendez-vous dès 9h. Un repas partagé sera proposé le midi, avec une animation musicale au cours de la journée.",Luxé,"La folatière, 16196 Luxé",Nouvelle-Aquitaine,2026-09-19 09:00:00,2026-09-19 15:00:00,,https://openagenda.com/jep-2026-nouvelle-aquitaine/events/journee-citoyenne-avec-lassociation-meganeo,"Titre: Journée citoyenne avec l'association MégaNéo
Description: L’association MégaNéo vous invite à participer au défrichage et au nettoyage du tumulus préhistorique de la Folatière, l’un des plus grands d’Europe, acquis par l’association en 2025.
Détails: L’association MégaNéo vous invite à participer au défrichage et au nettoyage du tumulus préhistorique de la Folatière, l’un des plus grands d’Europe, acquis par l’association en 2025. Rendez-vous dès 9h. Un repas partagé sera proposé le midi, avec une animation musicale au cours de la journée.
Lieu: Luxé, La folatière, 16196 Luxé
Date de début: 2026-09-19 09:00:00
Date de fin: 2026-09-19 15:00:00"
17480356,Escape game : « L'enquête »,"Pénétrez au sein de la caserne Bernadotte, menez l’enquête et percez tous les secrets des précieux dossiers militaires qui y sont conservés !","Pénétrez au cœur de la caserne Bernadotte, menez l’enquête et percez les secrets des précieux dossiers militaires qui y sont conservés. Une demande de renseignements émanant des plus hautes instances vient d’arriver. Glissez-vous dans la peau d’un archiviste et tentez d’identifier le véritable dossier d’une résistante de la Seconde Guerre mondiale parmi les millions de documents conservés aux archives militaires. **Durée : 1h.**",Pau,"Place de Verdun, 64000 Pau",Nouvelle-Aquitaine,2026-09-19 09:30:00,2026-09-20 18:00:00,,https://openagenda.com/jep-2026-nouvelle-aquitaine/events/escape-game-la-encuesta-9136289,"Titre: Escape game : « L'enquête »
Description: Pénétrez au sein de la caserne Bernadotte, menez l’enquête et percez tous les secrets des précieux dossiers militaires qui y sont conservés !
Détails: Pénétrez au cœur de la caserne Bernadotte, menez l’enquête et percez les secrets des précieux dossiers militaires qui y sont conservés. Une demande de renseignements émanant des plus hautes instances vient d’arriver. Glissez-vous dans la peau d’un archiviste et tentez d’identifier le véritable dossier d’une résistante de la Seconde Guerre mondiale parmi les millions de documents conservés aux archives militaires. **Durée : 1h.**
Lieu: Pau, Place de Verdun, 64000 Pau
Date de début: 2026-09-19 09:30:00
Date de fin: 2026-09-20 18:00:00"
99936878,Atelier jeune public : du tableau à la photographie,"Comment transformer des formes, des couleurs et des lignes en une image bien réelle ? Dans cet atelier, les enfants découvrent un tableau puis imaginent une manière de le réinterpréter sous la forme …","**Comment transformer des formes, des couleurs et des lignes en une image réaliste ?** Dans cet atelier, les enfants découvrent un tableau, puis imaginent une manière de le réinterpréter sous la forme d’une photographie. À partir des indices visuels de l’œuvre, ils inventent une mise en scène, choisissent des objets, des décors ou des personnages et créent une image inspirée du tableau. **Samedi 19 et dimanche 20 septembre, de 9h30 à 13h et de 14h à 18h, en continu.** **Musée des Beaux-Arts de Libourne, au 2e étage de l’hôtel de ville.** **Pour les enfants de 7 à 12 ans.** **Ateliers encadrés par l’équipe du musée.**",Libourne,"42 Place Abel Surchamp, 33500 Libourne, France",Nouvelle-Aquitaine,2026-09-19 09:30:00,2026-09-20 18:00:00,,https://openagenda.com/jep-2026-nouvelle-aquitaine/events/atelier-jeune-public-du-tableau-a-la-photographie,"Titre: Atelier jeune public : du tableau à la photographie
Description: Comment transformer des formes, des couleurs et des lignes en une image bien réelle ? Dans cet atelier, les enfants découvrent un tableau puis imaginent une manière de le réinterpréter sous la forme …
Détails: **Comment transformer des formes, des couleurs et des lignes en une image réaliste ?** Dans cet atelier, les enfants découvrent un tableau, puis imaginent une manière de le réinterpréter sous la forme d’une photographie. À partir des indices visuels de l’œuvre, ils inventent une mise en scène, choisissent des objets, des décors ou des personnages et créent une image inspirée du tableau. **Samedi 19 et dimanche 20 septembre, de 9h30 à 13h et de 14h à 18h, en continu.** **Musée des Beaux-Arts de Libourne, au 2e étage de l’hôtel de ville.** **Pour les enfants de 7 à 12 ans.** **Ateliers encadrés par l’équipe du musée.**
Lieu: Libourne, 42 Place Abel Surchamp, 33500 Libourne, France
Date de début: 2026-09-19 09:30:00
Date de fin: 2026-09-20 18:00:00"
65418771,Visite libre du Fort Louvois,"Visitez en autonomie le donjon, la caserne, la halle aux vivres, la poudrière, le corps de garde…Découvrez son architecture unique et laissez-vous conter son histoire.","Visitez en autonomie le donjon, la caserne, la halle aux vivres, la poudrière et le corps de garde. Découvrez l’architecture unique du site et laissez-vous conter son histoire. Accès uniquement en bateau. Rotations toutes les 10 minutes, dans la limite de 12 passagers par traversée. Samedi 19, de 9h30 à 13h30. Dimanche 20, de 9h30 à 15h. Aucun accès à pied ne sera possible durant ces deux journées.",Bourcefranc-le-Chapus,"Port du Chapus, 17560 Bourcefranc-le-Chapus",Nouvelle-Aquitaine,2026-09-19 09:30:00,2026-09-20 15:00:00,,https://openagenda.com/jep-2026-nouvelle-aquitaine/events/visite-libre-du-fort-louvois-5691885,"Titre: Visite libre du Fort Louvois
Description: Visitez en autonomie le donjon, la caserne, la halle aux vivres, la poudrière, le corps de garde…Découvrez son architecture unique et laissez-vous conter son histoire.
Détails: Visitez en autonomie le donjon, la caserne, la halle aux vivres, la poudrière et le corps de garde. Découvrez l’architecture unique du site et laissez-vous conter son histoire. Accès uniquement en bateau. Rotations toutes les 10 minutes, dans la limite de 12 passagers par traversée. Samedi 19, de 9h30 à 13h30. Dimanche 20, de 9h30 à 15h. Aucun accès à pied ne sera possible durant ces deux journées.
Lieu: Bourcefranc-le-Chapus, Port du Chapus, 17560 Bourcefranc-le-Chapus
Date de début: 2026-09-19 09:30:00
Date de fin: 2026-09-20 15:00:00"
26594448,"Visite commentée : 50 ans de santé, de sciences et de transmission, dans les coulisses des Facultés de Médecine et de Pharmacie de Limoges","Dans le cadre des 50 ans des facultés de médecine et de pharmacie de Limoges, une ouverture au public pourrait être proposée à l’occasion des Journées européennes du patrimoine.","Dans le cadre des 50 ans des facultés de médecine et de pharmacie de Limoges, une ouverture au public pourrait être proposée à l’occasion des Journées européennes du patrimoine. Cette journée aurait pour objectif de faire découvrir au grand public le patrimoine universitaire en santé : patrimoine scientifique, médical, pharmaceutique, botanique, pédagogique et culturel. Elle permettrait également de valoriser l’évolution des outils, des pratiques et des savoirs transmis au sein des facultés depuis leur création. Une salle d’exposition serait consacrée au patrimoine médical, pharmaceutique et botanique, à travers plusieurs espaces thématiques. Le public pourrait y découvrir des affiches, documents et supports illustrant le rôle des illustrateurs du XXe siècle dans la publicité pharmaceutique, ainsi qu’une sélection de matériel médical ancien présentée avec la médiation du professeur Laurent Fourcade. Cet espace mettrait en lumière l’évolution des pratiques médicales, des instruments et des objets utilisés dans l’enseignement comme dans le soin. Le patrimoine écrit et les collections scientifiques seraient également valorisés à travers la présentation de documents anciens, d’ordonnanciers pharmaceutiques datant de 1890 à 1910, ainsi que de planches d’herbiers issues des collections Fray-Fournier et Le Gendre, avec l’appui de Cédric Delmon. Ces ensembles témoignent de la pratique officinale, de l’histoire de la prescription, du rôle du pharmacien dans la vie quotidienne à la fin du XIXe et au début du XXe siècle, mais aussi de l’enseignement des plantes médicinales. Deux parcours de visites guidées pourraient être proposés au public, sur inscription ou par groupes constitués. Le premier permettrait de découvrir le service d’anatomie, son histoire et ses espaces d’enseignement. Sous réserve de confirmation, une présentation de l’Anatomage pourrait compléter la visite, afin d’illustrer l’évolution des outils pédagogiques en santé, des supports anatomiques traditionnels aux dispositifs numériques actuels. Le second parcours serait consacré à la galénique et aux médicaments d’hier et d’aujourd’hui. Il permettrait de découvrir l’évolution du médicament, de ses formes et de ses modes de préparation, tout en mettant en valeur les savoir-faire propres à la pharmacie, entre tradition officinale, innovation pédagogique et progrès technologique. À l’issue des visites, des ateliers ludiques et pédagogiques pourraient être proposés afin de prolonger la découverte de manière interactive.",Limoges,"2, Rue du docteur Marcland, 87025 Limoges",Nouvelle-Aquitaine,2026-09-19 09:30:00,2026-09-19 18:00:00,,https://openagenda.com/jep-2026-nouvelle-aquitaine/events/50-ans-de-sante-de-sciences-et-de-transmission-dans-les-coulisses-des-facultes-de-medecine-et-de-pharmacie-de-limoges,"Titre: Visite commentée : 50 ans de santé, de sciences et de transmission, dans les coulisses des Facultés de Médecine et de Pharmacie de Limoges
Description: Dans le cadre des 50 ans des facultés de médecine et de pharmacie de Limoges, une ouverture au public pourrait être proposée à l’occasion des Journées européennes du patrimoine.
Détails: Dans le cadre des 50 ans des facultés de médecine et de pharmacie de Limoges, une ouverture au public pourrait être proposée à l’occasion des Journées européennes du patrimoine. Cette journée aurait pour objectif de faire découvrir au grand public le patrimoine universitaire en santé : patrimoine scientifique, médical, pharmaceutique, botanique, pédagogique et culturel. Elle permettrait également de valoriser l’évolution des outils, des pratiques et des savoirs transmis au sein des facultés depuis leur création. Une salle d’exposition serait consacrée au patrimoine médical, pharmaceutique et botanique, à travers plusieurs espaces thématiques. Le public pourrait y découvrir des affiches, documents et supports illustrant le rôle des illustrateurs du XXe siècle dans la publicité pharmaceutique, ainsi qu’une sélection de matériel médical ancien présentée avec la médiation du professeur Laurent Fourcade. Cet espace mettrait en lumière l’évolution des pratiques médicales, des instruments et des objets utilisés dans l’enseignement comme dans le soin. Le patrimoine écrit et les collections scientifiques seraient également valorisés à travers la présentation de documents anciens, d’ordonnanciers pharmaceutiques datant de 1890 à 1910, ainsi que de planches d’herbiers issues des collections Fray-Fournier et Le Gendre, avec l’appui de Cédric Delmon. Ces ensembles témoignent de la pratique officinale, de l’histoire de la prescription, du rôle du pharmacien dans la vie quotidienne à la fin du XIXe et au début du XXe siècle, mais aussi de l’enseignement des plantes médicinales. Deux parcours de visites guidées pourraient être proposés au public, sur inscription ou par groupes constitués. Le premier permettrait de découvrir le service d’anatomie, son histoire et ses espaces d’enseignement. Sous réserve de confirmation, une présentation de l’Anatomage pourrait compléter la visite, afin d’illustrer l’évolution des outils pédagogiques en santé, des supports anatomiques traditionnels aux dispositifs numériques actuels. Le second parcours serait consacré à la galénique et aux médicaments d’hier et d’aujourd’hui. Il permettrait de découvrir l’évolution du médicament, de ses formes et de ses modes de préparation, tout en mettant en valeur les savoir-faire propres à la pharmacie, entre tradition officinale, innovation pédagogique et progrès technologique. À l’issue des visites, des ateliers ludiques et pédagogiques pourraient être proposés afin de prolonger la découverte de manière interactive.
Lieu: Limoges, 2, Rue du docteur Marcland, 87025 Limoges
Date de début: 2026-09-19 09:30:00
Date de fin: 2026-09-19 18:00:00"
16061746,Visite commentée du tribunal judiciaire de Périgueux,Venez découvrir le tribunal judiciaire de Périgueux lors d’une visite guidée par les professionnels qui y travaillent.,Venez découvrir le tribunal judiciaire de Périgueux lors d’une visite guidée par les professionnels qui y travaillent.,Périgueux,"19 bis boulevard Montaigne, 24000 Perigueux",Nouvelle-Aquitaine,2026-09-19 09:30:00,2026-09-19 17:00:00,,https://openagenda.com/jep-2026-nouvelle-aquitaine/events/visite-du-tribunal-judiciaire-de-perigueux-7336416,"Titre: Visite commentée du tribunal judiciaire de Périgueux
Description: Venez découvrir le tribunal judiciaire de Périgueux lors d’une visite guidée par les professionnels qui y travaillent.
Lieu: Périgueux, 19 bis boulevard Montaigne, 24000 Perigueux
Date de début: 2026-09-19 09:30:00
Date de fin: 2026-09-19 17:00:00"
16784741,🚉 Venez à la découverte des métiers du ferroviaires au Campus SNCF Réseau de Bordeaux Bègles,"Inauguré en avril 2022, le Campus de formation SNCF Réseau de Bordeaux-Bègles a vu le jour sur une ancienne friche industrielle, entièrement repensée pour devenir un lieu de vie écoresponsable.","Inauguré en avril 2022, le Campus de formation SNCF Réseau de Bordeaux-Bègles a vu le jour sur une ancienne friche industrielle, entièrement repensée pour devenir un lieu de vie écoresponsable. 🌿 Construit dans une démarche certifiée Haute Qualité Environnementale (HQE), le site mise sur : • l’emploi du bois, • l’efficacité énergétique, • et la pose de 1 650 m² de panneaux photovoltaïques. Le campus comprend trois bâtiments : 🏫 Un espace pédagogique 🔧 Un atelier technique 🍽️ Un bâtiment dédié à l’hébergement et à la restauration 🎓 À l’occasion des Journées Européennes du Patrimoine, le public est accueilli sur réservation pour une visite commentée par les formateurs. Découvrez les métiers ferroviaires d’aujourd’hui et les nouvelles méthodes pédagogiques dans un environnement d’apprentissage innovant. 📌 Inscription à partir du 3 septembre 2026 sur : 👉 [https://affluences.com/fr/sites/campus-formation-sncf-reseau-begles/reservation](https://affluences.com/fr/sites/campus-formation-sncf-reseau-begles/reservation) 🗺️ Retrouvez le programme complet sur : 👉 [https://patrimoine.sncf.com](https://patrimoine.sncf.com) 📅 Samedi 19 septembre 2026 👥 Visites en groupes, sur réservation",Bègles,"4 rue radio Londres 40/45, 33130 Bègles",Nouvelle-Aquitaine,2026-09-19 09:30:00,2026-09-19 16:30:00,,https://openagenda.com/jep-2026-nouvelle-aquitaine/events/venez-a-la-decouverte-des-metiers-du-ferroviaires-au-campus-sncf-reseau-de-bordeaux-begles-8111601,"Titre: 🚉 Venez à la découverte des métiers du ferroviaires au Campus SNCF Réseau de Bordeaux Bègles
Description: Inauguré en avril 2022, le Campus de formation SNCF Réseau de Bordeaux-Bègles a vu le jour sur une ancienne friche industrielle, entièrement repensée pour devenir un lieu de vie écoresponsable.
Détails: Inauguré en avril 2022, le Campus de formation SNCF Réseau de Bordeaux-Bègles a vu le jour sur une ancienne friche industrielle, entièrement repensée pour devenir un lieu de vie écoresponsable. 🌿 Construit dans une démarche certifiée Haute Qualité Environnementale (HQE), le site mise sur : • l’emploi du bois, • l’efficacité énergétique, • et la pose de 1 650 m² de panneaux photovoltaïques. Le campus comprend trois bâtiments : 🏫 Un espace pédagogique 🔧 Un atelier technique 🍽️ Un bâtiment dédié à l’hébergement et à la restauration 🎓 À l’occasion des Journées Européennes du Patrimoine, le public est accueilli sur réservation pour une visite commentée par les formateurs. Découvrez les métiers ferroviaires d’aujourd’hui et les nouvelles méthodes pédagogiques dans un environnement d’apprentissage innovant. 📌 Inscription à partir du 3 septembre 2026 sur : 👉 [https://affluences.com/fr/sites/campus-formation-sncf-reseau-begles/reservation](https://affluences.com/fr/sites/campus-formation-sncf-reseau-begles/reservation) 🗺️ Retrouvez le programme complet sur : 👉 [https://patrimoine.sncf.com](https://patrimoine.sncf.com) 📅 Samedi 19 septembre 2026 👥 Visites en groupes, sur réservation
Lieu: Bègles, 4 rue radio Londres 40/45, 33130 Bègles
Date de début: 2026-09-19 09:30:00
Date de fin: 2026-09-19 16:30:00"
10784919,Visite libre de l'écomusée,🧂 À la découverte du patrimoine salicole de l’île d’Oléron,"**🧂 À la découverte du patrimoine salicole de l’île d’Oléron** --------------------------------------------------------------- ### Partez à la rencontre du riche patrimoine salicole oléronais en explorant plusieurs cabanes thématiques ! 🌿 Cabanes à découvrir : Histoire et fonctionnement des marais salants : maquettes, film et panneaux explicatifs vous plongent dans l’univers des marais salants de l’île. Biodiversité des marais : explorez la faune et la flore qui peuplent ces milieux uniques. Exposition « Made in sel » : un tout nouveau parcours vous emmène aux quatre coins de la France pour découvrir les techniques de production du sel et ses nombreuses utilisations. Paysages salins : admirez une collection de cartes postales illustrant les paysages des marais salants. 👧🧒 Chaque exposition est accompagnée de modules pédagogiques adaptés aux jeunes visiteurs, pour une découverte ludique et enrichissante ! Nouveauté 2026 : exposition temporaire ""À Fleur de sel"", dialogue entre les dessins de la bande-dessinée de Thibaut Lambert et les collections de l'écomusée.",Le Grand-Village-Plage,"Rue des Anciennes Salines, 17370 Le Grand-Village-Plage",Nouvelle-Aquitaine,2026-09-19 10:00:00,2026-09-20 18:00:00,,https://openagenda.com/jep-2026-nouvelle-aquitaine/events/visita-libre-del-ecomuseo,"Titre: Visite libre de l'écomusée
Description: 🧂 À la découverte du patrimoine salicole de l’île d’Oléron
Détails: **🧂 À la découverte du patrimoine salicole de l’île d’Oléron** --------------------------------------------------------------- ### Partez à la rencontre du riche patrimoine salicole oléronais en explorant plusieurs cabanes thématiques ! 🌿 Cabanes à découvrir : Histoire et fonctionnement des marais salants : maquettes, film et panneaux explicatifs vous plongent dans l’univers des marais salants de l’île. Biodiversité des marais : explorez la faune et la flore qui peuplent ces milieux uniques. Exposition « Made in sel » : un tout nouveau parcours vous emmène aux quatre coins de la France pour découvrir les techniques de production du sel et ses nombreuses utilisations. Paysages salins : admirez une collection de cartes postales illustrant les paysages des marais salants. 👧🧒 Chaque exposition est accompagnée de modules pédagogiques adaptés aux jeunes visiteurs, pour une découverte ludique et enrichissante ! Nouveauté 2026 : exposition temporaire ""À Fleur de sel"", dialogue entre les dessins de la bande-dessinée de Thibaut Lambert et les collections de l'écomusée.
Lieu: Le Grand-Village-Plage, Rue des Anciennes Salines, 17370 Le Grand-Village-Plage
Date de début: 2026-09-19 10:00:00
Date de fin: 2026-09-20 18:00:00"
24965609,Visite des grottes du Régulus,Grottes du Régulus – À la découverte de l’habitat troglodytique de Meschers,"Grottes du Régulus – À la découverte de l’habitat troglodytique de Meschers Creusés dans les falaises de calcaire surplombant l’estuaire de la Gironde, les « trous » de Meschers vous accueillent dans un écrin naturel exceptionnel. 🕳️ À l’origine naturelles, ces grottes ont été aménagées par l’homme pour devenir, au XIXᵉ siècle, un véritable habitat troglodytique. 🚢 Le nom Régulus vient d’un navire français sabordé devant Meschers sous Napoléon, pour échapper à la flotte anglaise. 🔎 Thèmes abordés pendant la visite : • Géologie & estuaire de la Gironde • Carrelets et pêche traditionnelle • Histoire du Régulus • Légende de Cadet le naufrageur • Tourisme balnéaire au XIXᵉ siècle • Refuge protestant pendant les guerres de Religion • Vie quotidienne dans les habitats troglodytiques 👧 Pour les enfants : une visite ludique avec Minidik, une petite crevette curieuse, qui s’interroge sur les étranges habitudes des humains vivant dans les falaises… Un voyage captivant dans le temps, à la croisée de la nature, de l’histoire et des légendes.",Meschers-sur-Gironde,"81 boulevard de la Falaise, 17132 Meschers-sur-Gironde",Nouvelle-Aquitaine,2026-09-19 10:00:00,2026-09-20 18:00:00,,https://openagenda.com/jep-2026-nouvelle-aquitaine/events/visite-des-grottes-du-regulus-367813,"Titre: Visite des grottes du Régulus
Description: Grottes du Régulus – À la découverte de l’habitat troglodytique de Meschers
Détails: Grottes du Régulus – À la découverte de l’habitat troglodytique de Meschers Creusés dans les falaises de calcaire surplombant l’estuaire de la Gironde, les « trous » de Meschers vous accueillent dans un écrin naturel exceptionnel. 🕳️ À l’origine naturelles, ces grottes ont été aménagées par l’homme pour devenir, au XIXᵉ siècle, un véritable habitat troglodytique. 🚢 Le nom Régulus vient d’un navire français sabordé devant Meschers sous Napoléon, pour échapper à la flotte anglaise. 🔎 Thèmes abordés pendant la visite : • Géologie & estuaire de la Gironde • Carrelets et pêche traditionnelle • Histoire du Régulus • Légende de Cadet le naufrageur • Tourisme balnéaire au XIXᵉ siècle • Refuge protestant pendant les guerres de Religion • Vie quotidienne dans les habitats troglodytiques 👧 Pour les enfants : une visite ludique avec Minidik, une petite crevette curieuse, qui s’interroge sur les étranges habitudes des humains vivant dans les falaises… Un voyage captivant dans le temps, à la croisée de la nature, de l’histoire et des légendes.
Lieu: Meschers-sur-Gironde, 81 boulevard de la Falaise, 17132 Meschers-sur-Gironde
Date de début: 2026-09-19 10:00:00
Date de fin: 2026-09-20 18:00:00"
67241254,Anja Breien,"Rétrospective Anja Breien Du 15 au 28 juillet 2026 au cinéma Le Cratère Figure majeure du cinéma norvégien et du cinéma européen des années 1970 et 1980, Anja Breien s'est imposée par un regard libre…",,Toulouse,95 grande rue Saint-Michel 31400 Toulouse,Occitanie,2026-07-15 22:06:17,2026-07-28 23:59:59,,https://openagenda.com/le-cratere/events/anja-breien,"Titre: Anja Breien
Description: Rétrospective Anja Breien Du 15 au 28 juillet 2026 au cinéma Le Cratère Figure majeure du cinéma norvégien et du cinéma européen des années 1970 et 1980, Anja Breien s'est imposée par un regard libre…
Lieu: Toulouse, 95 grande rue Saint-Michel 31400 Toulouse
Date de début: 2026-07-15 22:06:17
Date de fin: 2026-07-28 23:59:59"
35660529,Derek Jarman,"À l'occasion de la sortie en salle de War Requiem, film inédit en France, oeuvre antimilitariste avec Tilda Swinton et Laurence Olivier adaptée de l’oratorio éponyme de Benjamin Britten, Le Cratère v…",,Toulouse,95 grande rue Saint-Michel 31400 Toulouse,Occitanie,2026-07-29 22:06:17,2026-08-11 23:59:59,,https://openagenda.com/le-cratere/events/derek-jarman,"Titre: Derek Jarman
Description: À l'occasion de la sortie en salle de War Requiem, film inédit en France, oeuvre antimilitariste avec Tilda Swinton et Laurence Olivier adaptée de l’oratorio éponyme de Benjamin Britten, Le Cratère v…
Lieu: Toulouse, 95 grande rue Saint-Michel 31400 Toulouse
Date de début: 2026-07-29 22:06:17
Date de fin: 2026-08-11 23:59:59"
20940255,Soufflait le vent... avec Débordements,"Une fois de plus, Le Cratère vous convie à une Fête du cinéma bien singulière. Cette fois-ci en compagnie des autrices et auteurs critiques de la revue Débordements (https://debordements.fr/). Merci…",,Toulouse,95 grande rue Saint-Michel 31400 Toulouse,Occitanie,2026-06-28 22:06:17,2026-07-01 23:59:59,,https://openagenda.com/le-cratere/events/soufflait-le-vent-avec-debordements,"Titre: Soufflait le vent... avec Débordements
Description: Une fois de plus, Le Cratère vous convie à une Fête du cinéma bien singulière. Cette fois-ci en compagnie des autrices et auteurs critiques de la revue Débordements (https://debordements.fr/). Merci…
Lieu: Toulouse, 95 grande rue Saint-Michel 31400 Toulouse
Date de début: 2026-06-28 22:06:17
Date de fin: 2026-07-01 23:59:59"
71339552,Zones à défendre,"Fête du cinéma 2026 : Soufflait le vent... avec Débordements Puisque plusieurs films programmés évoquent, de près ou de loin, la notion « d’action directe », il nous semblait normal de réfléchir aux…",,Toulouse,95 grande rue Saint-Michel 31400 Toulouse,Occitanie,2026-07-01 22:06:17,2026-07-01 23:59:59,,https://openagenda.com/le-cratere/events/zones-a-defendre,"Titre: Zones à défendre
Description: Fête du cinéma 2026 : Soufflait le vent... avec Débordements Puisque plusieurs films programmés évoquent, de près ou de loin, la notion « d’action directe », il nous semblait normal de réfléchir aux…
Lieu: Toulouse, 95 grande rue Saint-Michel 31400 Toulouse
Date de début: 2026-07-01 22:06:17
Date de fin: 2026-07-01 23:59:59"
84028783,Luttes décoloniales,Fête du cinéma 2026 : Soufflait le vent... avec Débordements Contre le risque d’un decolonial washing – car c’est ainsi que l’on pourrait désigner la façon dont les institutions muséales et cinématog…,,Toulouse,95 grande rue Saint-Michel 31400 Toulouse,Occitanie,2026-06-30 22:06:17,2026-06-30 23:59:59,,https://openagenda.com/le-cratere/events/luttes-decoloniales,"Titre: Luttes décoloniales
Description: Fête du cinéma 2026 : Soufflait le vent... avec Débordements Contre le risque d’un decolonial washing – car c’est ainsi que l’on pourrait désigner la façon dont les institutions muséales et cinématog…
Lieu: Toulouse, 95 grande rue Saint-Michel 31400 Toulouse
Date de début: 2026-06-30 22:06:17
Date de fin: 2026-06-30 23:59:59"
29521263,Passé et Présent,"Fête du cinéma 2026 : Soufflait le vent... avec Débordements Notre époque serait celle de la fin des idéologies, des « ismes » et des lendemains qui chantent. Pourtant elle apparaît aussi comme la fi…",,Toulouse,95 grande rue Saint-Michel 31400 Toulouse,Occitanie,2026-06-29 14:49:09,2026-06-29 23:59:59,,https://openagenda.com/le-cratere/events/passe-et-present,"Titre: Passé et Présent
Description: Fête du cinéma 2026 : Soufflait le vent... avec Débordements Notre époque serait celle de la fin des idéologies, des « ismes » et des lendemains qui chantent. Pourtant elle apparaît aussi comme la fi…
Lieu: Toulouse, 95 grande rue Saint-Michel 31400 Toulouse
Date de début: 2026-06-29 14:49:09
Date de fin: 2026-06-29 23:59:59"
75252959,Italie,"Fête du cinéma 2026 : Soufflait le vent... avec Débordements Au début des années 1970, l'Italie se retrouve dans ce qu'on aura qualifié d'une « époque schizophrène » : après s’être libéré d’un fascis…",,Toulouse,95 grande rue Saint-Michel 31400 Toulouse,Occitanie,2026-06-28 14:49:09,2026-06-28 23:59:59,,https://openagenda.com/le-cratere/events/italie-5188102,"Titre: Italie
Description: Fête du cinéma 2026 : Soufflait le vent... avec Débordements Au début des années 1970, l'Italie se retrouve dans ce qu'on aura qualifié d'une « époque schizophrène » : après s’être libéré d’un fascis…
Lieu: Toulouse, 95 grande rue Saint-Michel 31400 Toulouse
Date de début: 2026-06-28 14:49:09
Date de fin: 2026-06-28 23:59:59"
36760261,Rencontres École au cinéma 2026,"Mercredis 17 et 24 juin après-midi venez découvrir la programmation du dispositif École au cinéma édition 2026-2027. Dans le cadre de la 36e édition du dispositif ""École au cinéma "", Le Cratère propo…",,Toulouse,95 grande rue Saint-Michel 31400 Toulouse,Occitanie,2026-06-17 14:49:09,2026-06-24 23:59:59,,https://openagenda.com/le-cratere/events/rencontres-ecole-au-cinema-2026,"Titre: Rencontres École au cinéma 2026
Description: Mercredis 17 et 24 juin après-midi venez découvrir la programmation du dispositif École au cinéma édition 2026-2027. Dans le cadre de la 36e édition du dispositif ""École au cinéma "", Le Cratère propo…
Lieu: Toulouse, 95 grande rue Saint-Michel 31400 Toulouse
Date de début: 2026-06-17 14:49:09
Date de fin: 2026-06-24 23:59:59"
19326637,Le Ciné-Club des fiertés,Du 27 mai au 9 juin 2026 Le Cratère vous propose une sélection de films et deux soirées autour de films à découvrir ou redécouvrir pour fêter le mois des fiertés en partenariat avec l'ADRC. En compag…,,Toulouse,95 grande rue Saint-Michel 31400 Toulouse,Occitanie,2026-05-30 18:30:00,2026-06-09 23:59:59,,https://openagenda.com/le-cratere/events/le-cine-club-des-fiertes-6803689,"Titre: Le Ciné-Club des fiertés
Description: Du 27 mai au 9 juin 2026 Le Cratère vous propose une sélection de films et deux soirées autour de films à découvrir ou redécouvrir pour fêter le mois des fiertés en partenariat avec l'ADRC. En compag…
Lieu: Toulouse, 95 grande rue Saint-Michel 31400 Toulouse
Date de début: 2026-05-30 18:30:00
Date de fin: 2026-06-09 23:59:59"
98605345,Soirée Greg Araki,"Le jeudi 4 juin 2026, Le Cratère se met au diapason des Fiertés avec trois œuvres du cinéaste américain indépendant Gregg Araki : Nowhere (1997), The Doom Generation (1995), récemment ressortis dans…",,Toulouse,95 grande rue Saint-Michel 31400 Toulouse,Occitanie,2026-06-04 20:00:00,2026-06-05 23:59:59,,https://openagenda.com/le-cratere/events/soiree-greg-araki-7528397,"Titre: Soirée Greg Araki
Description: Le jeudi 4 juin 2026, Le Cratère se met au diapason des Fiertés avec trois œuvres du cinéaste américain indépendant Gregg Araki : Nowhere (1997), The Doom Generation (1995), récemment ressortis dans…
Lieu: Toulouse, 95 grande rue Saint-Michel 31400 Toulouse
Date de début: 2026-06-04 20:00:00
Date de fin: 2026-06-05 23:59:59"
62639425,Nuit des Fiertés 2026,https://www.ticketingcine.com/?EMS0011#showsuperbillet?id=33,,Toulouse,95 grande rue Saint-Michel 31400 Toulouse,Occitanie,2026-05-30 18:30:00,2026-05-30 23:59:59,,https://openagenda.com/le-cratere/events/nuit-des-fiertes-2026-1141074,"Titre: Nuit des Fiertés 2026
Description: https://www.ticketingcine.com/?EMS0011#showsuperbillet?id=33
Lieu: Toulouse, 95 grande rue Saint-Michel 31400 Toulouse
Date de début: 2026-05-30 18:30:00
Date de fin: 2026-05-30 23:59:59"
55511574,"Regards sur la RDC : colonisation, histoire et luttes",Jeudi 21 mai 2026 à 17h venez partager une soirée autour de deux films qui mettent en perspective des aspects de la RDC - République démocratique du Congo en partenariat avec le GIS Etudes africaines…,,Toulouse,95 grande rue Saint-Michel 31400 Toulouse,Occitanie,2026-05-21 17:00:00,2026-05-21 23:59:59,,https://openagenda.com/le-cratere/events/regards-sur-la-rdc-colonisation-histoire-et-luttes-5673193,"Titre: Regards sur la RDC : colonisation, histoire et luttes
Description: Jeudi 21 mai 2026 à 17h venez partager une soirée autour de deux films qui mettent en perspective des aspects de la RDC - République démocratique du Congo en partenariat avec le GIS Etudes africaines…
Lieu: Toulouse, 95 grande rue Saint-Michel 31400 Toulouse
Date de début: 2026-05-21 17:00:00
Date de fin: 2026-05-21 23:59:59"
71522065,Archi'queer,"Mercredi 6 mai 2026 à 16h30. Le temps d'une soirée Archi'queer, rendez-vous au cinéma Le Cratère pour explorer les traces - visibles ou invisibles - des esthétiques queer dans les archives publiques.…",,Toulouse,95 grande rue Saint-Michel 31400 Toulouse,Occitanie,2026-05-06 16:30:00,2026-05-06 23:59:59,,https://openagenda.com/le-cratere/events/archiqueer-3923904,"Titre: Archi'queer
Description: Mercredi 6 mai 2026 à 16h30. Le temps d'une soirée Archi'queer, rendez-vous au cinéma Le Cratère pour explorer les traces - visibles ou invisibles - des esthétiques queer dans les archives publiques.…
Lieu: Toulouse, 95 grande rue Saint-Michel 31400 Toulouse
Date de début: 2026-05-06 16:30:00
Date de fin: 2026-05-06 23:59:59"
31768010,Soirée de Clôture du festival du film japonais 2026,"Pour cette soirée de clôture, nous vous proposons une plongée dans le cinéma de genre japonais. Mais avant d'engager les hostilités, nous commencerons par un pôt de clôture et une restauration en par…",,Toulouse,95 grande rue Saint-Michel 31400 Toulouse,Occitanie,2026-05-02 21:00:00,2026-05-02 23:59:59,,https://openagenda.com/le-cratere/events/soiree-de-cloture-du-festival-du-film-japonais-2026-1877442,"Titre: Soirée de Clôture du festival du film japonais 2026
Description: Pour cette soirée de clôture, nous vous proposons une plongée dans le cinéma de genre japonais. Mais avant d'engager les hostilités, nous commencerons par un pôt de clôture et une restauration en par…
Lieu: Toulouse, 95 grande rue Saint-Michel 31400 Toulouse
Date de début: 2026-05-02 21:00:00
Date de fin: 2026-05-02 23:59:59"
37597746,Kinotayo Inédits,"Pour la première fois, le festival du cinéma japonais contemporain de référence en France, Kinotayo, s’invite à Toulouse à l’occasion de ses 20 ans. L’Association Toulouse Japon et le cinéma Le Cratè…",,Toulouse,95 grande rue Saint-Michel 31400 Toulouse,Occitanie,2026-04-28 16:15:00,2026-05-02 23:59:59,,https://openagenda.com/le-cratere/events/kinotayo-inedits,"Titre: Kinotayo Inédits
Description: Pour la première fois, le festival du cinéma japonais contemporain de référence en France, Kinotayo, s’invite à Toulouse à l’occasion de ses 20 ans. L’Association Toulouse Japon et le cinéma Le Cratè…
Lieu: Toulouse, 95 grande rue Saint-Michel 31400 Toulouse
Date de début: 2026-04-28 16:15:00
Date de fin: 2026-05-02 23:59:59"
47844921,Films d'animation japonais,"Festival de film japonais de Toulouse 2026. Nous ne pourrions pas parler de cinéma japonais sans aborder le large éventail du cinéma d’animation, ou anime, qui a fasciné des génération d’en…",,Toulouse,95 grande rue Saint-Michel 31400 Toulouse,Occitanie,2026-04-29 13:30:00,2026-05-02 23:59:59,,https://openagenda.com/le-cratere/events/films-danimation,"Titre: Films d'animation japonais
Description: Festival de film japonais de Toulouse 2026. Nous ne pourrions pas parler de cinéma japonais sans aborder le large éventail du cinéma d’animation, ou anime, qui a fasciné des génération d’en…
Lieu: Toulouse, 95 grande rue Saint-Michel 31400 Toulouse
Date de début: 2026-04-29 13:30:00
Date de fin: 2026-05-02 23:59:59"
52415062,Films d'animation japonais 2026,"Festival de film japonais de Toulouse 2026. Nous ne pourrions pas parler de cinéma japonais sans aborder le large éventail du cinéma d’animation, ou anime, qui a fasciné des génération d’enfants en F…",,Toulouse,95 grande rue Saint-Michel 31400 Toulouse,Occitanie,2026-04-29 13:30:00,2026-05-02 23:59:59,,https://openagenda.com/le-cratere/events/films-danimation-japonais-2026-7548313,"Titre: Films d'animation japonais 2026
Description: Festival de film japonais de Toulouse 2026. Nous ne pourrions pas parler de cinéma japonais sans aborder le large éventail du cinéma d’animation, ou anime, qui a fasciné des génération d’enfants en F…
Lieu: Toulouse, 95 grande rue Saint-Michel 31400 Toulouse
Date de début: 2026-04-29 13:30:00
Date de fin: 2026-05-02 23:59:59"
64607049,Festival du film japonais de Toulouse 2026,"Du 28 avril au 2 mai 2026, le Festival du film japonais de Toulouse 2026, organisé en partenariat avec l’association Toulouse Japon, propose une traversée du cinéma japonais, entre mémoire, mode…",,Toulouse,95 grande rue Saint-Michel 31400 Toulouse,Occitanie,2026-04-28 16:15:00,2026-05-02 23:59:59,,https://openagenda.com/le-cratere/events/festival-du-film-japonais-de-toulouse-2026,"Titre: Festival du film japonais de Toulouse 2026
Description: Du 28 avril au 2 mai 2026, le Festival du film japonais de Toulouse 2026, organisé en partenariat avec l’association Toulouse Japon, propose une traversée du cinéma japonais, entre mémoire, mode…
Lieu: Toulouse, 95 grande rue Saint-Michel 31400 Toulouse
Date de début: 2026-04-28 16:15:00
Date de fin: 2026-05-02 23:59:59"
87221509,Festival du film japonais de Toulouse 2026,"Du 28 avril au 2 mai 2026, le Festival du film japonais de Toulouse 2026 Sakurajima, organisé en partenariat avec l’association Toulouse Japon, propose une traversée du cinéma japonais, entre mémoire…",,Toulouse,95 grande rue Saint-Michel 31400 Toulouse,Occitanie,2026-04-28 16:15:00,2026-05-02 23:59:59,,https://openagenda.com/le-cratere/events/festival-du-film-japonais-de-toulouse-2026-7743020,"Titre: Festival du film japonais de Toulouse 2026
Description: Du 28 avril au 2 mai 2026, le Festival du film japonais de Toulouse 2026 Sakurajima, organisé en partenariat avec l’association Toulouse Japon, propose une traversée du cinéma japonais, entre mémoire…
Lieu: Toulouse, 95 grande rue Saint-Michel 31400 Toulouse
Date de début: 2026-04-28 16:15:00
Date de fin: 2026-05-02 23:59:59"
82386611,Dire adieu de Valérie Poirier,Avec ce texte puissant de Valérie Poirier où il bouscule les temporalités pour mieux mettre à nue les relations d’une fille et de sa mère.,"Mise en scène **Nathalie Cuenet** Interprétation **Doris Ittig, Charlotte Filou, Raphaël Archinard, Thierry Jorand, Céline Goormaghtigh, Camille Giacobino** Collaboration dramaturgique **Valérie Poirier** Assistanat **Agnès Gelbert Miermon** Chorégraphe **Judith Desse** Scénographie **Anna Popek** Costumes **Eléonore Cassaigneau** Lumières **Danielle Milovic** Création son **Alexis Gfeller** Maquillage **Katrine Zingg** Administration Bureau de la Joie ! Ce qu’il reste à se dire… Le théâtre a ceci de précieux qu’il permet de reprendre le fil des dialogues interrompus. Comme avec ce texte puissant de Valérie Poirier où il bouscule les temporalités pour mieux mettre à nue les relations d’une fille et de sa mère. Elle s’appelle Fleur mais la floraison fut difficile et même douloureuse. Les mères, parfois, échouent à faire croître ce qu’elles ont semé. Trop de sentiments tus, d’incompréhension mutuelle, d’occasions manquées. Trop de failles aussi, dans lesquelles s’engouffre le besoin de reconnaissance. Loin de se résigner, Fleur décide de partir en quête de cette mère singulière et bancale qui fut la sienne. Faire de l’absente une présence au monde, c’est entrevoir la possibilité d’une réconciliation. Qu’importe si ce même monde se dérobe et si d’étranges personnages, fantasques et décalés, en hantent la mouvante architecture. Ce n’est pas le lieu qui importe mais de pouvoir reprendre les conversations interrompues, renouer les liens défaits, réinvestir le passé. Et si ce passé semble immuable, le dialogue, lui, peut évoluer en dépit des contraintes qu’imposent les lois de la nature. Dès lors, «Dire adieu», loin d’être une sanction définitive, s’entend comme un possible et consolant rendez-vous. Si le spectacle s’empare parfois des codes de la tragédie grec, ce ne sont ni Electre ni Orphée qui nous guident dans ce stimulant voyage en territoire inconnu, mais une formidable équipe de comédien·nes auxquel·les le deuil sied à merveille.",Genève,2 route de péniches,Genève,2026-09-22 20:00:00,2026-10-04 19:00:00,"www.galpon.ch, https://galpon.ch/reservations-et-tarifs",https://openagenda.com/dire-adieu-de-valerie-poirier/events/dire-adieu-de-valerie-poirier,"Titre: Dire adieu de Valérie Poirier
Description: Avec ce texte puissant de Valérie Poirier où il bouscule les temporalités pour mieux mettre à nue les relations d’une fille et de sa mère.
Détails: Mise en scène **Nathalie Cuenet** Interprétation **Doris Ittig, Charlotte Filou, Raphaël Archinard, Thierry Jorand, Céline Goormaghtigh, Camille Giacobino** Collaboration dramaturgique **Valérie Poirier** Assistanat **Agnès Gelbert Miermon** Chorégraphe **Judith Desse** Scénographie **Anna Popek** Costumes **Eléonore Cassaigneau** Lumières **Danielle Milovic** Création son **Alexis Gfeller** Maquillage **Katrine Zingg** Administration Bureau de la Joie ! Ce qu’il reste à se dire… Le théâtre a ceci de précieux qu’il permet de reprendre le fil des dialogues interrompus. Comme avec ce texte puissant de Valérie Poirier où il bouscule les temporalités pour mieux mettre à nue les relations d’une fille et de sa mère. Elle s’appelle Fleur mais la floraison fut difficile et même douloureuse. Les mères, parfois, échouent à faire croître ce qu’elles ont semé. Trop de sentiments tus, d’incompréhension mutuelle, d’occasions manquées. Trop de failles aussi, dans lesquelles s’engouffre le besoin de reconnaissance. Loin de se résigner, Fleur décide de partir en quête de cette mère singulière et bancale qui fut la sienne. Faire de l’absente une présence au monde, c’est entrevoir la possibilité d’une réconciliation. Qu’importe si ce même monde se dérobe et si d’étranges personnages, fantasques et décalés, en hantent la mouvante architecture. Ce n’est pas le lieu qui importe mais de pouvoir reprendre les conversations interrompues, renouer les liens défaits, réinvestir le passé. Et si ce passé semble immuable, le dialogue, lui, peut évoluer en dépit des contraintes qu’imposent les lois de la nature. Dès lors, «Dire adieu», loin d’être une sanction définitive, s’entend comme un possible et consolant rendez-vous. Si le spectacle s’empare parfois des codes de la tragédie grec, ce ne sont ni Electre ni Orphée qui nous guident dans ce stimulant voyage en territoire inconnu, mais une formidable équipe de comédien·nes auxquel·les le deuil sied à merveille.
Lieu: Genève, 2 route de péniches
Date de début: 2026-09-22 20:00:00
Date de fin: 2026-10-04 19:00:00
Catégories: www.galpon.ch, https://galpon.ch/reservations-et-tarifs"
45633020,L’Origine rouge d’après Valère Novarina,"Une langue pulsionnelle, jubilatoire. Une langue pour des chanteurs culs-de-jatte.","_Direction artistique Gabriel Alvarez_ _Jeu Clara Brancorsini, Justine Ruchat_ _Musique Ulysses Alvarez_ _Scénographie Gabriel Alvarez_ _Costumes Corina Pia_ _Administration Laure Chapel – Pâquis Production_ _Une langue pulsionnelle, jubilatoire. Une langue pour des chanteurs culs-de-jatte._ _«L’Origine rouge» est un archipel d’actes, un faisceau d’actions non résolues, cascades de duos, liturgies de cirque, lamentations, paysage parlé, chansons, semi-ritournelles sur place. Autant de figures d’attractions, comme autant de mouvements d’un ballet._ _Le texte de Novarina nous permet d’explorer toutes les virtualités sonores, visuelles, sémantiques et rythmiques de la parole. Du presque chanté, de la syncope, de la chute de la parole dans le chant. Avec « L’Origine rouge », nous vous proposons des flux poétiques versés, répandus, proférés par une pluralité de voix ! Des rondeurs et des respirations, de l’érotisme et de la liturgie, une île verte autour de l’océan de l’information. Une perspective renversée. Une dimension satirique, corrosive, qui interpelle, qui a pour cible principale la politique, la presse écrite, le journalisme télévisuel et l’image sociale et galvaudée de l’homme qu’ils véhiculent._ _« On meurt par glissement de mots … des pays sont bombardés par glissements progressifs du langage ». Valère Novarina_",Genève,2 route de péniches,Genève,2026-10-30 19:00:00,2026-11-01 19:00:00,"valère novarina, théâtre du galpon, studiod'action théâtrale,",https://openagenda.com/dire-adieu-de-valerie-poirier/events/lorigine-rouge-dapres-valere-novarina,"Titre: L’Origine rouge d’après Valère Novarina
Description: Une langue pulsionnelle, jubilatoire. Une langue pour des chanteurs culs-de-jatte.
Détails: _Direction artistique Gabriel Alvarez_ _Jeu Clara Brancorsini, Justine Ruchat_ _Musique Ulysses Alvarez_ _Scénographie Gabriel Alvarez_ _Costumes Corina Pia_ _Administration Laure Chapel – Pâquis Production_ _Une langue pulsionnelle, jubilatoire. Une langue pour des chanteurs culs-de-jatte._ _«L’Origine rouge» est un archipel d’actes, un faisceau d’actions non résolues, cascades de duos, liturgies de cirque, lamentations, paysage parlé, chansons, semi-ritournelles sur place. Autant de figures d’attractions, comme autant de mouvements d’un ballet._ _Le texte de Novarina nous permet d’explorer toutes les virtualités sonores, visuelles, sémantiques et rythmiques de la parole. Du presque chanté, de la syncope, de la chute de la parole dans le chant. Avec « L’Origine rouge », nous vous proposons des flux poétiques versés, répandus, proférés par une pluralité de voix ! Des rondeurs et des respirations, de l’érotisme et de la liturgie, une île verte autour de l’océan de l’information. Une perspective renversée. Une dimension satirique, corrosive, qui interpelle, qui a pour cible principale la politique, la presse écrite, le journalisme télévisuel et l’image sociale et galvaudée de l’homme qu’ils véhiculent._ _« On meurt par glissement de mots … des pays sont bombardés par glissements progressifs du langage ». Valère Novarina_
Lieu: Genève, 2 route de péniches
Date de début: 2026-10-30 19:00:00
Date de fin: 2026-11-01 19:00:00
Catégories: valère novarina, théâtre du galpon, studiod'action théâtrale,"
19252026,La Grande Beuverie D’après René Daumal,"Satire impitoyable tout autant que fable mystique, «La Grande Beuverie» annonce notre monde actuel, cocktail ravageur d’ivresse technologique, de frivolité ostentatoire et de renoncement aux valeurs.","Direction Artistique Gabriel Alvarez Adaptation dramaturgique Gabriel Alvarez avec la collaboration de Justine Ruchat Jeu Karim Abdelaziz, Clara Brancorsini, Soufiane Guerraoui, Margot Le Coultre, Madeleine Piguet Raykov, Justine Ruchat Réalisation scénographie Gordon Higginson Musique et chants Sylvain Fournier Répétitions chant Sophie Agoua Costumes (distribution en cours) Éclairages et régie Francesco Dell’Elba Intervention plastique Cyril Vandenbeusch Administration Laure Chapel – Pâquis production A la santé des fâcheux ! Gabriel Alvarez ou l’art de ne déboucher que de grands crus. Comme ici, avec la jubilatoire «Grande beuverie» du très spirituel René Daumal. La langue s’y livre à d’étranges contorsions tandis que l’auteur débusque les charlatans de tous bords. Pour qui titube, il n’est pas de mauvaise compagnie. Voici donc un cénacle d’amis qu’anime une même soif, de boissons comme de sens. De dialogues laborieux en péroraisons sans queue ni tête, ils sont semblables à des atomes soumis à de furieuses forces contraires. Au grand bal de la confusion, chacun à son mot à dire, sa sentence définitive, sa petite idée sur la meilleure manière de faire tourner le monde. Un·e narrateur·trice nous invite à suivre la fine équipe tandis que cette dernière tente de s’extraire de l’emprise de l’alcool. Mais il y a un hic, c’est le cas de le dire: d’autres gouffres existentiels les attendent où règnent impunément artistes, scientifiques et politiciens. Une relecture des cercles de l’Enfer de Dante, déclinés sur le mode éthylique et franchis au rythme d’une langue qui, comme la gueule qui suit les beuveries mémorables, est du meilleur bois.",Genève,2 route de péniches,Genève,2026-11-17 20:00:00,2026-11-29 19:00:00,"rené daumal, www.studioactiontheatrale.ch, www.galpon.ch, la grande beuverie,",https://openagenda.com/dire-adieu-de-valerie-poirier/events/la-grande-beuverie-dapres-rene-daumal,"Titre: La Grande Beuverie D’après René Daumal
Description: Satire impitoyable tout autant que fable mystique, «La Grande Beuverie» annonce notre monde actuel, cocktail ravageur d’ivresse technologique, de frivolité ostentatoire et de renoncement aux valeurs.
Détails: Direction Artistique Gabriel Alvarez Adaptation dramaturgique Gabriel Alvarez avec la collaboration de Justine Ruchat Jeu Karim Abdelaziz, Clara Brancorsini, Soufiane Guerraoui, Margot Le Coultre, Madeleine Piguet Raykov, Justine Ruchat Réalisation scénographie Gordon Higginson Musique et chants Sylvain Fournier Répétitions chant Sophie Agoua Costumes (distribution en cours) Éclairages et régie Francesco Dell’Elba Intervention plastique Cyril Vandenbeusch Administration Laure Chapel – Pâquis production A la santé des fâcheux ! Gabriel Alvarez ou l’art de ne déboucher que de grands crus. Comme ici, avec la jubilatoire «Grande beuverie» du très spirituel René Daumal. La langue s’y livre à d’étranges contorsions tandis que l’auteur débusque les charlatans de tous bords. Pour qui titube, il n’est pas de mauvaise compagnie. Voici donc un cénacle d’amis qu’anime une même soif, de boissons comme de sens. De dialogues laborieux en péroraisons sans queue ni tête, ils sont semblables à des atomes soumis à de furieuses forces contraires. Au grand bal de la confusion, chacun à son mot à dire, sa sentence définitive, sa petite idée sur la meilleure manière de faire tourner le monde. Un·e narrateur·trice nous invite à suivre la fine équipe tandis que cette dernière tente de s’extraire de l’emprise de l’alcool. Mais il y a un hic, c’est le cas de le dire: d’autres gouffres existentiels les attendent où règnent impunément artistes, scientifiques et politiciens. Une relecture des cercles de l’Enfer de Dante, déclinés sur le mode éthylique et franchis au rythme d’une langue qui, comme la gueule qui suit les beuveries mémorables, est du meilleur bois.
Lieu: Genève, 2 route de péniches
Date de début: 2026-11-17 20:00:00
Date de fin: 2026-11-29 19:00:00
Catégories: rené daumal, www.studioactiontheatrale.ch, www.galpon.ch, la grande beuverie,"
80935266,Champ,"Par le biais d’une chorégraphie épurée et de pièces musicales qui favorisent l’immersion, «Champ» donne à voir le charme diffus d’une danse au plus près du réel.","Champ Marion Baeriswyl et D.C.P Du mardi au jeudi 20h, vendredi et samedi 19h, dimanche 18h, lundi relâche Conception Marion Baeriswyl et D.C.P Chorégraphie Marion Baeriswyl Composition musicale et interprétation live D.C.P Danse Aïcha El Fishawy, Laura Gaillard, Timéa Lador, Erin O’Reilly, Simon Ramseier et Luisa Schöfer Scénographie Mélissa Rouvinet Création lumière et direction technique Hugo Cahn Costumes Marie Bajenova Regards extérieurs en cours Dialogue scientifique Johanna Marin Carbonne et Alice Bosco Santos Administration et production déléguée Maël Chalard Diffusion Atprodcultural Des corps raccords Au milieu de la débâcle humaine, «Champ» donne corps à une possible réconciliation avec notre environnement. Une proposition qui laisse un sentiment d’accomplissement, intrinsèque au rythme patient de sa genèse. Prendre le temps du vivant. En observer attentivement les imbrications, les arborescences, les connections. Du lichen, Marion Baeriswyl et D.C.P avaient tiré un précédent spectacle où les corps communiquaient sur le mode symbiotique. Pour «Champ», la chorégraphe et le musicien reprennent leur exploration organique en s’inspirant cette fois-ci des stromatolites, ces roches crées par des conglomérats de bactéries qui vivent en communauté et en complémentarité. S’il est question de groupe dans le spectacle, c’est pour en saisir les mouvants contours, en exprimer les enjeux et en déterminer les limites. Qu’est-ce qui fait groupe? Comment faire groupe sans hiérarchie? Quelle empreinte le groupe laisse-t-il sur l’individu? La danse s’affirme alors comme un champ d’hypothèses qui est aussi un champ optique, l’invisible devenant visible. Tissant un délicat réseau d’interactions parcouru d’infimes variations, le spectacle questionne sur les modes de faire monde et de faire commun. Par le biais d’une chorégraphie épurée et de pièces musicales qui favorisent l’immersion, «Champ» donne à voir le charme diffus d’une danse au plus près du réel. Danse organique qui, par sa lenteur maîtrisée, s’inscrit dans une résistance active à l’anthropocentrisme.",Genève,2 route de péniches,Genève,2027-01-28 20:00:00,2027-02-07 19:00:00,"www.galpon.ch, www.mb-dcp.ch, www.culture-accessible.ch",https://openagenda.com/dire-adieu-de-valerie-poirier/events/champ,"Titre: Champ
Description: Par le biais d’une chorégraphie épurée et de pièces musicales qui favorisent l’immersion, «Champ» donne à voir le charme diffus d’une danse au plus près du réel.
Détails: Champ Marion Baeriswyl et D.C.P Du mardi au jeudi 20h, vendredi et samedi 19h, dimanche 18h, lundi relâche Conception Marion Baeriswyl et D.C.P Chorégraphie Marion Baeriswyl Composition musicale et interprétation live D.C.P Danse Aïcha El Fishawy, Laura Gaillard, Timéa Lador, Erin O’Reilly, Simon Ramseier et Luisa Schöfer Scénographie Mélissa Rouvinet Création lumière et direction technique Hugo Cahn Costumes Marie Bajenova Regards extérieurs en cours Dialogue scientifique Johanna Marin Carbonne et Alice Bosco Santos Administration et production déléguée Maël Chalard Diffusion Atprodcultural Des corps raccords Au milieu de la débâcle humaine, «Champ» donne corps à une possible réconciliation avec notre environnement. Une proposition qui laisse un sentiment d’accomplissement, intrinsèque au rythme patient de sa genèse. Prendre le temps du vivant. En observer attentivement les imbrications, les arborescences, les connections. Du lichen, Marion Baeriswyl et D.C.P avaient tiré un précédent spectacle où les corps communiquaient sur le mode symbiotique. Pour «Champ», la chorégraphe et le musicien reprennent leur exploration organique en s’inspirant cette fois-ci des stromatolites, ces roches crées par des conglomérats de bactéries qui vivent en communauté et en complémentarité. S’il est question de groupe dans le spectacle, c’est pour en saisir les mouvants contours, en exprimer les enjeux et en déterminer les limites. Qu’est-ce qui fait groupe? Comment faire groupe sans hiérarchie? Quelle empreinte le groupe laisse-t-il sur l’individu? La danse s’affirme alors comme un champ d’hypothèses qui est aussi un champ optique, l’invisible devenant visible. Tissant un délicat réseau d’interactions parcouru d’infimes variations, le spectacle questionne sur les modes de faire monde et de faire commun. Par le biais d’une chorégraphie épurée et de pièces musicales qui favorisent l’immersion, «Champ» donne à voir le charme diffus d’une danse au plus près du réel. Danse organique qui, par sa lenteur maîtrisée, s’inscrit dans une résistance active à l’anthropocentrisme.
Lieu: Genève, 2 route de péniches
Date de début: 2027-01-28 20:00:00
Date de fin: 2027-02-07 19:00:00
Catégories: www.galpon.ch, www.mb-dcp.ch, www.culture-accessible.ch"
97781011,Parashurama Danse classique indienne de style Kathakali,"Spectacle associant l’art du geste précis à l’élégance martiale de la danse, Parashurama s’affirme comme une expérience de rencontre avec l’autre en jetant des ponts entre les cultures","Performeur Mario Barzaghi Colère de dieux ! Théâtre dansé du sud de l’Inde, le Kathakali convoque démons et héros de la mythologie hindoue pour enchanter un public friand d’épopées. A votre tour, embarquez pour un fascinant voyage hors du temps et de l’espace! S’il fallait mille et une nuits à Shéhérazade pour amadouer le sultan, une seule suffit pour clore le cycle du Kathakali, cette combinaison spectaculaire de drames, danses, musiques et rituels du sud de l’Inde. C’est en effet entre le coucher du soleil et l’aube qu’était jouée autrefois la totalité du répertoire Kathakali – littéralement «représentation de contes» –, soit 101 histoires qui mêlent sagesse, comique et combat. Dans le fragment proposé par Mario Barzaghi, élève du maître Kalamandalam Neeraj, Parashurama, guerrier sage et sixième avatar de Vishnu, est tiré de son sommeil par un grand fracas et aperçoit au loin un cortège nuptial. Parmi les participants, il reconnaît l’homme qui, soucieux de relever le défi du roi et d’épouser sa fille Sita, a involontairement brisé l’arc de Shiva. Le guerrier – finalement pas si sage! – entre alors dans une formidable colère qu’il exprime à grand renfort d’injures et de malédictions. Mais si grand soit son courroux, il n’en est pas pour autant gage de toute puissance : même chez les divinités, on aurait tort de se fier aux apparences. Spectacle associant l’art du geste précis à l’élégance martiale de la danse, Parashurama s’affirme comme une expérience de rencontre avec l’autre en jetant des ponts entre les cultures. Un moment d’échange à la fois épique et truculent. Spectacle précédé d’une brève introduction sur l’univers du Kathakali, art «total» (alliant théâtre, danse, musique, chant, maquillage et costumes) et d’une explication de l’histoire qui sera dansée. Durée du spectacle : 50 minutes plus une introduction initiale sur le Kathakali et l’histoire représentée. Comme en Inde, les spectateurs auront la possibilité d’assister au maquillage avant le spectacle. Durée du maquillage : 2 heures, durée de l’habillage : 1 heure.",Genève,2 route de péniches,Genève,2027-03-18 20:00:00,2027-03-19 20:30:00,"www.galpon.ch, www.tealbero.it, katakalie",https://openagenda.com/dire-adieu-de-valerie-poirier/events/parashurama-danse-classique-indienne-de-style-kathakali,"Titre: Parashurama Danse classique indienne de style Kathakali
Description: Spectacle associant l’art du geste précis à l’élégance martiale de la danse, Parashurama s’affirme comme une expérience de rencontre avec l’autre en jetant des ponts entre les cultures
Détails: Performeur Mario Barzaghi Colère de dieux ! Théâtre dansé du sud de l’Inde, le Kathakali convoque démons et héros de la mythologie hindoue pour enchanter un public friand d’épopées. A votre tour, embarquez pour un fascinant voyage hors du temps et de l’espace! S’il fallait mille et une nuits à Shéhérazade pour amadouer le sultan, une seule suffit pour clore le cycle du Kathakali, cette combinaison spectaculaire de drames, danses, musiques et rituels du sud de l’Inde. C’est en effet entre le coucher du soleil et l’aube qu’était jouée autrefois la totalité du répertoire Kathakali – littéralement «représentation de contes» –, soit 101 histoires qui mêlent sagesse, comique et combat. Dans le fragment proposé par Mario Barzaghi, élève du maître Kalamandalam Neeraj, Parashurama, guerrier sage et sixième avatar de Vishnu, est tiré de son sommeil par un grand fracas et aperçoit au loin un cortège nuptial. Parmi les participants, il reconnaît l’homme qui, soucieux de relever le défi du roi et d’épouser sa fille Sita, a involontairement brisé l’arc de Shiva. Le guerrier – finalement pas si sage! – entre alors dans une formidable colère qu’il exprime à grand renfort d’injures et de malédictions. Mais si grand soit son courroux, il n’en est pas pour autant gage de toute puissance : même chez les divinités, on aurait tort de se fier aux apparences. Spectacle associant l’art du geste précis à l’élégance martiale de la danse, Parashurama s’affirme comme une expérience de rencontre avec l’autre en jetant des ponts entre les cultures. Un moment d’échange à la fois épique et truculent. Spectacle précédé d’une brève introduction sur l’univers du Kathakali, art «total» (alliant théâtre, danse, musique, chant, maquillage et costumes) et d’une explication de l’histoire qui sera dansée. Durée du spectacle : 50 minutes plus une introduction initiale sur le Kathakali et l’histoire représentée. Comme en Inde, les spectateurs auront la possibilité d’assister au maquillage avant le spectacle. Durée du maquillage : 2 heures, durée de l’habillage : 1 heure.
Lieu: Genève, 2 route de péniches
Date de début: 2027-03-18 20:00:00
Date de fin: 2027-03-19 20:30:00
Catégories: www.galpon.ch, www.tealbero.it, katakalie"
80383060,Anonymous Black or white,Ce rendez-vous avec l’une des figures mondiales de la performance improvisée ne s’improvise pas: pensez à réserver!,"Performance | Julyen Hamilton Danse, texte, costume, décors Julyen Hamilton Bas les masques ! Il y a du génie chez Julyen Hamilton. Un talent inné pour tirer de la page blanche de l’instant et du lieu la plus (re)belle des poésies. Pour cette performance, il lève les masques des démons anonymes pour… Allez-y voir! «Les totems changent et se parent de nouveaux atours» constate Julyen Hamilton dans son poème «Les temps modernes». Les totems changent mais les démons, eux, restent identiques et dissimulés au regard. Il faut toute la malice et la rigueur de l’artiste britannique pour les exposer en pleine lumière. Après plus de 40 ans à se produire partout sur la planète, Julien Hamilton sait comment procéder pour activer les imaginaires dans un «ici et maintenant» sans cesse réinventé. Cet expert en improvisation fait fusionner textes et mouvements dans des soli qui, loin de se contracter sur eux-mêmes, sont les prétextes d’une véritable rencontre esthétique et spirituelle. C’est toujours à la conscience collective qu’il s’adresse, jouant du caractère contagieux de ses propres explorations intimes. Après «Koan», sa précédente performance, «Anonymous» propose une nouvelle et fascinante expérience directe d’éveil. C’est en vain qu’on cherchera à en circonscrire le processus tant sa force réside dans son immédiateté. Et dans la singularité du matériau que vous apportez : vous-même.",Genève,2 route de péniches,Genève,2027-03-20 19:00:00,2027-03-20 20:00:00,"www.galpon.ch, www.julyenhamilton.com",https://openagenda.com/dire-adieu-de-valerie-poirier/events/anonymous-black-or-white,"Titre: Anonymous Black or white
Description: Ce rendez-vous avec l’une des figures mondiales de la performance improvisée ne s’improvise pas: pensez à réserver!
Détails: Performance | Julyen Hamilton Danse, texte, costume, décors Julyen Hamilton Bas les masques ! Il y a du génie chez Julyen Hamilton. Un talent inné pour tirer de la page blanche de l’instant et du lieu la plus (re)belle des poésies. Pour cette performance, il lève les masques des démons anonymes pour… Allez-y voir! «Les totems changent et se parent de nouveaux atours» constate Julyen Hamilton dans son poème «Les temps modernes». Les totems changent mais les démons, eux, restent identiques et dissimulés au regard. Il faut toute la malice et la rigueur de l’artiste britannique pour les exposer en pleine lumière. Après plus de 40 ans à se produire partout sur la planète, Julien Hamilton sait comment procéder pour activer les imaginaires dans un «ici et maintenant» sans cesse réinventé. Cet expert en improvisation fait fusionner textes et mouvements dans des soli qui, loin de se contracter sur eux-mêmes, sont les prétextes d’une véritable rencontre esthétique et spirituelle. C’est toujours à la conscience collective qu’il s’adresse, jouant du caractère contagieux de ses propres explorations intimes. Après «Koan», sa précédente performance, «Anonymous» propose une nouvelle et fascinante expérience directe d’éveil. C’est en vain qu’on cherchera à en circonscrire le processus tant sa force réside dans son immédiateté. Et dans la singularité du matériau que vous apportez : vous-même.
Lieu: Genève, 2 route de péniches
Date de début: 2027-03-20 19:00:00
Date de fin: 2027-03-20 20:00:00
Catégories: www.galpon.ch, www.julyenhamilton.com"
91460500,Seule.s en scène,"Une trajectoire ne se résume pas à une carrière. Elle emporte avec elle d’autres composantes, d’autres expériences, qui viennent enrichir les propositions artistiques.","Concept, chorégraphie et danse Caroline de Cornière Partenaires de scène Simona Ferrar, Louise Hanmer, Prisca Harsch, Marcela San Pedro, Laurence Yadi Création sonore Frédérique Jarabo Scénographie Antonie Oberson Création lumière Alessandra Domingues Régie lumière Carolina Oliveira Costumes Aline Courvoisier & Caroline de Cornière Assistanat Margaux Monetti Administration et production Mélinda Quadir-Mathieu Diffusion Isaura Mello Communication Alizée Rambeaud Du corps à l’ouvrage C’est parce que chaque parcours est singulier, chaque expérience différente, que la chorégraphe Caroline de Cornière ne se résout pas à l’inéluctable de l’obsolescence. Au culte de l’émergence, elle oppose la puissance lumineuse des corps porteurs d’une mémoire vive. Mouvements après mouvements, gestes après gestes, le corps de la danseuse acquiert une mémoire lestée d’expériences multiples. La richesse de ce bagage artistique et humain n’est pourtant d’aucune utilité quand l’insatiable quête de nouveautés des plateaux réclame son lot de corps jeunes et virtuoses. Ce constat, Caroline de Cornière le fait sans amertume mais avec la volonté de rendre visible ce que chaque artiste a accumulé au fil des ans et des représentations. Après deux décennies passées auprès de diverses compagnies (Alias, Fabienne Berger, Neopost Foofwa), elle a décidé de mettre en valeur le corps-mémoire féminin dans toute sa plénitude et sa fécondité créatrice avec sa Cie C2C. Dans «Seule.s en scène», elle invite les danseuses à se saisir d’un mouvement commun que chacune peut ensuite s’approprier et développer à sa guise. De cet ouvrage à la fois commun et autonome surgissent des rencontres complices, contrastées et complémentaires. La danse, délivrée des injonctions du jeunisme, s’accorde ainsi de nouvelles libertés, de nouvelles audaces, un nouveau souffle.",Genève,2 route de péniches,Genève,2027-04-08 20:00:00,2027-04-11 19:00:00,"www.galpon.ch, www.ciec2c.ch, www.sorties-relax.ch www.culture-accessible.ch",https://openagenda.com/dire-adieu-de-valerie-poirier/events/seules-en-scene,"Titre: Seule.s en scène
Description: Une trajectoire ne se résume pas à une carrière. Elle emporte avec elle d’autres composantes, d’autres expériences, qui viennent enrichir les propositions artistiques.
Détails: Concept, chorégraphie et danse Caroline de Cornière Partenaires de scène Simona Ferrar, Louise Hanmer, Prisca Harsch, Marcela San Pedro, Laurence Yadi Création sonore Frédérique Jarabo Scénographie Antonie Oberson Création lumière Alessandra Domingues Régie lumière Carolina Oliveira Costumes Aline Courvoisier & Caroline de Cornière Assistanat Margaux Monetti Administration et production Mélinda Quadir-Mathieu Diffusion Isaura Mello Communication Alizée Rambeaud Du corps à l’ouvrage C’est parce que chaque parcours est singulier, chaque expérience différente, que la chorégraphe Caroline de Cornière ne se résout pas à l’inéluctable de l’obsolescence. Au culte de l’émergence, elle oppose la puissance lumineuse des corps porteurs d’une mémoire vive. Mouvements après mouvements, gestes après gestes, le corps de la danseuse acquiert une mémoire lestée d’expériences multiples. La richesse de ce bagage artistique et humain n’est pourtant d’aucune utilité quand l’insatiable quête de nouveautés des plateaux réclame son lot de corps jeunes et virtuoses. Ce constat, Caroline de Cornière le fait sans amertume mais avec la volonté de rendre visible ce que chaque artiste a accumulé au fil des ans et des représentations. Après deux décennies passées auprès de diverses compagnies (Alias, Fabienne Berger, Neopost Foofwa), elle a décidé de mettre en valeur le corps-mémoire féminin dans toute sa plénitude et sa fécondité créatrice avec sa Cie C2C. Dans «Seule.s en scène», elle invite les danseuses à se saisir d’un mouvement commun que chacune peut ensuite s’approprier et développer à sa guise. De cet ouvrage à la fois commun et autonome surgissent des rencontres complices, contrastées et complémentaires. La danse, délivrée des injonctions du jeunisme, s’accorde ainsi de nouvelles libertés, de nouvelles audaces, un nouveau souffle.
Lieu: Genève, 2 route de péniches
Date de début: 2027-04-08 20:00:00
Date de fin: 2027-04-11 19:00:00
Catégories: www.galpon.ch, www.ciec2c.ch, www.sorties-relax.ch www.culture-accessible.ch"
61612654,Brouhaha,"Véritable cartographie du conformisme, à la rigueur toute mathématique, Brouhaha montre de quelle manière le pouvoir s’empare des corps et des esprits.","Coordination artistique, musique POL Chorégraphie, performance Rakesh Sukesh, Manon Parent, Alma Palacios, Susana Panadés Diaz Scénographie, lumières Camilo De Martino Administration ars-longa Soumission impassible C’est pas à pas, sans violence coercitive, que l’individu entre dans le cycle de la soumission. En associant ingénieusement arts digitaux et danse, Brouhaha met à nu la mécanique froide de cette aliénation consentie. Édifiant! L’enchaînement des pas révèle parfois celui auquel les esprits se soumettent. Petit à petit, sans autre injonction que le respect des normes sociales, nous nous glissons à notre «corps acceptant» dans le rôle que la société nous assigne. Nul besoin d’ordres directs ou de démonstrations de force, ce dressage s’effectue dans la douceur, renoncement après renoncement, accommodement après accommodement. Pour rendre compte de l’assujettissement qui menace, individuel autant que collectif, Brouhaha procède par boucles. Celles qui organisent les déplacements, témoins d’un enfermement mental de plus en plus compact, et celles, musicales, qui fournissent son rythme hypnotique à la manipulation. Ainsi se dessine, implacable et froide, une mécanique de l’obéissance dont les rouages empruntent aux modes d’aliénation des sectes. Prenons garde aux structures qui façonnent nos comportements : invisibles, elles sont comme la main de fer dans un gant de velours… Véritable cartographie du conformisme, à la rigueur toute mathématique, Brouhaha montre de quelle manière le pouvoir s’empare des corps et des esprits. Un lent et efficace travail de sape dont nous ne sommes pas forcément conscient·es.",Genève,2 route de péniches,Genève,2027-04-22 20:00:00,2027-05-02 19:00:00,"www.galpon.ch, www.otaku.ch",https://openagenda.com/dire-adieu-de-valerie-poirier/events/brouhaha,"Titre: Brouhaha
Description: Véritable cartographie du conformisme, à la rigueur toute mathématique, Brouhaha montre de quelle manière le pouvoir s’empare des corps et des esprits.
Détails: Coordination artistique, musique POL Chorégraphie, performance Rakesh Sukesh, Manon Parent, Alma Palacios, Susana Panadés Diaz Scénographie, lumières Camilo De Martino Administration ars-longa Soumission impassible C’est pas à pas, sans violence coercitive, que l’individu entre dans le cycle de la soumission. En associant ingénieusement arts digitaux et danse, Brouhaha met à nu la mécanique froide de cette aliénation consentie. Édifiant! L’enchaînement des pas révèle parfois celui auquel les esprits se soumettent. Petit à petit, sans autre injonction que le respect des normes sociales, nous nous glissons à notre «corps acceptant» dans le rôle que la société nous assigne. Nul besoin d’ordres directs ou de démonstrations de force, ce dressage s’effectue dans la douceur, renoncement après renoncement, accommodement après accommodement. Pour rendre compte de l’assujettissement qui menace, individuel autant que collectif, Brouhaha procède par boucles. Celles qui organisent les déplacements, témoins d’un enfermement mental de plus en plus compact, et celles, musicales, qui fournissent son rythme hypnotique à la manipulation. Ainsi se dessine, implacable et froide, une mécanique de l’obéissance dont les rouages empruntent aux modes d’aliénation des sectes. Prenons garde aux structures qui façonnent nos comportements : invisibles, elles sont comme la main de fer dans un gant de velours… Véritable cartographie du conformisme, à la rigueur toute mathématique, Brouhaha montre de quelle manière le pouvoir s’empare des corps et des esprits. Un lent et efficace travail de sape dont nous ne sommes pas forcément conscient·es.
Lieu: Genève, 2 route de péniches
Date de début: 2027-04-22 20:00:00
Date de fin: 2027-05-02 19:00:00
Catégories: www.galpon.ch, www.otaku.ch"
82532780,Pinocchio Joël Pommerat d'après Carlo Collodi,"Comment devient-on un homme? A quel prix? Tortueuse et délétère, l’épopée de Pinocchio traverse les époques en charriant avec elle d’essentielles questions sur la condition humaine et l’identité.","Mise en scène Laure Hirsig Interprétation Virginie Barbiera, Christophe Delesques Composition musicale et sonore Fernando de Miguel Création lumière David Kretonic Costumes Éléonore Cassaigneau La tortueuse parade du pantin Le personnage de Collodi retrouve sa véritable essence, un bois noueux dont on fait les anti-héros. Dans cette version revisitée par Joël Pommerat, il s’impose en tyran forcément sublime. En 2008, l’auteur et metteur en scène Joël Pommerat redonnait un petit coup de verni au chef-d’œuvre de Collodi. Actualisant les enjeux du récit, il obligeait la célèbre marionnette à régurgiter l’épaisse guimauve dont Disney l’avait abondamment nourri. Redescendu parmi les hommes, Pinocchio peut désormais en affronter sans vergogne les désirs et les pulsions dans sa picaresque quête d’émancipation. D’aventures en mésaventures, de rencontres en mauvaises rencontres, il se construit à l’aide d’outils plus incisifs que ceux dont disposait son créateur, le vieux Gepetto. Reprenant à son compte cette «vigoureuse torsion à la morale», comme elle le dit elle-même, Laure Hirsig ne néglige pas pour autant la dimension poétique du récit dans sa mise en scène contemporaine et inventive. Voilà donc, flanqué d’une étonnante galerie de personnages incarnés par Virginie Barbiera et Christophe Delesques, un Pinocchio attachant et tempétueux qui nous plonge le nez dans nos turpitudes. Comment devient-on un homme? A quel prix? Tortueuse et délétère, l’épopée de Pinocchio traverse les époques en charriant avec elle d’essentielles questions sur la condition humaine et l’identité. Un spectacle à l’image de son protagoniste, frondeur et paradoxal.",Genève,2 route de péniches,Genève,2027-05-20 20:00:00,2027-05-30 19:00:00,"www.galpon.ch, www.compagnielaruche.ch, www.culture-accessible.ch",https://openagenda.com/dire-adieu-de-valerie-poirier/events/pinocchio-joel-pommerat-dapres-carlo-collodi,"Titre: Pinocchio Joël Pommerat d'après Carlo Collodi
Description: Comment devient-on un homme? A quel prix? Tortueuse et délétère, l’épopée de Pinocchio traverse les époques en charriant avec elle d’essentielles questions sur la condition humaine et l’identité.
Détails: Mise en scène Laure Hirsig Interprétation Virginie Barbiera, Christophe Delesques Composition musicale et sonore Fernando de Miguel Création lumière David Kretonic Costumes Éléonore Cassaigneau La tortueuse parade du pantin Le personnage de Collodi retrouve sa véritable essence, un bois noueux dont on fait les anti-héros. Dans cette version revisitée par Joël Pommerat, il s’impose en tyran forcément sublime. En 2008, l’auteur et metteur en scène Joël Pommerat redonnait un petit coup de verni au chef-d’œuvre de Collodi. Actualisant les enjeux du récit, il obligeait la célèbre marionnette à régurgiter l’épaisse guimauve dont Disney l’avait abondamment nourri. Redescendu parmi les hommes, Pinocchio peut désormais en affronter sans vergogne les désirs et les pulsions dans sa picaresque quête d’émancipation. D’aventures en mésaventures, de rencontres en mauvaises rencontres, il se construit à l’aide d’outils plus incisifs que ceux dont disposait son créateur, le vieux Gepetto. Reprenant à son compte cette «vigoureuse torsion à la morale», comme elle le dit elle-même, Laure Hirsig ne néglige pas pour autant la dimension poétique du récit dans sa mise en scène contemporaine et inventive. Voilà donc, flanqué d’une étonnante galerie de personnages incarnés par Virginie Barbiera et Christophe Delesques, un Pinocchio attachant et tempétueux qui nous plonge le nez dans nos turpitudes. Comment devient-on un homme? A quel prix? Tortueuse et délétère, l’épopée de Pinocchio traverse les époques en charriant avec elle d’essentielles questions sur la condition humaine et l’identité. Un spectacle à l’image de son protagoniste, frondeur et paradoxal.
Lieu: Genève, 2 route de péniches
Date de début: 2027-05-20 20:00:00
Date de fin: 2027-05-30 19:00:00
Catégories: www.galpon.ch, www.compagnielaruche.ch, www.culture-accessible.ch"
60950626,Apprendre en jouant,Trois ateliers ludiques d’une heure pour apprivoiser son cerveau d’élève et en faire un allié en classe.,"🧠 **Votre enfant collégien a un bon cerveau … mais ses résultats ne le montrent pas toujours ?** ------------------------------------------------------------------------------------------------- Cet été à Senlis, l’association MAYEUTIS propose 3 ateliers ludiques d’une heure pour aider les collégiens à comprendre comment leur cerveau apprend… et à en faire un vrai allié en classe. 🎯 **Ce que votre enfant va y gagner** -------------------------------------- 1️⃣ Mieux réfléchir En apprenant à créer un film intérieur à partir de ce qu’il lit ou entend. 2️⃣ Mieux mémoriser Grâce à des images mentales personnelles qui “accrochent” le cours dans sa tête. 3️⃣ Mieux réussir ses contrôles En identifiant les stratégies qui lui conviennent vraiment (et pas celles qu’il “devrait” utiliser). Les recherches récentes sont claires : 👉 métacognition + représentations mentales = meilleure réussite, plus de confiance, plus d’autonomie. 🎲 **Pendant les ateliers** --------------------------- Votre enfant va : • jouer • parler de “ce qui se passe dans sa tête” • transformer consignes, textes et problèmes en scènes, images, films mentaux ou dialogues intérieurs • apprendre à réutiliser tout ça pour ses devoirs et ses contrôles. **En avril, trois ateliers ont déjà été menés, les participants ont indiqué :** ------------------------------------------------------------------------------- ⭐ 17/20 de moyenne de satisfaction 👍 100 % des collégiens prêts à le recommander 🤝 **Une ambiance détendue** ---------------------------- Petit groupe (moins de 5 élèves), pas de jugement, juste un vrai temps pour comprendre comment on comprend, comment on mémorise, comment on s’organise. 🧑‍🏫 **Qui encadre ?** ----------------------- Je représente l’association MAYEUTIS, basée à Senlis, spécialisée dans : • les représentations mentales • la métacognition • les neurosciences appliquées à l’apprentissage. Je suis : • ingénieur d'une Grande École (Institut Polytechnique de Paris) • diplômé de Sciences Po Paris • titulaire d’une licence de psychologie • coach cognitif certifié dans une pédagogie centrée sur les façons d’apprendre • accompagnant régulier de collégiens et lycéens 👉 **Places limitées à 5 élèves** --------------------------------- Inscription sur Hello Asso : [https://www.helloasso.com/associations/mayeutis/evenements/apprendre-en-jouant](https://www.helloasso.com/associations/mayeutis/evenements/apprendre-en-jouant) 📚 **Pour les parents curieux** ------------------------------- Métacognition et réussite des élèves [https://www.cahiers-pedagogiques.com/metacognition-et-reussite-des-eleves/](https://www.cahiers-pedagogiques.com/metacognition-et-reussite-des-eleves/) Bienfaits des représentations mentales [https://ww2.ac-poitiers.fr/dsden79-pedagogie/sites/dsden79-pedagogie/IMG/pdf/diaporama\_-la\_representation\_mentale.pdf](https://ww2.ac-poitiers.fr/dsden79-pedagogie/sites/dsden79-pedagogie/IMG/pdf/diaporama_-la_representation_mentale.pdf)",Senlis,Avenue de Creil,Hauts-de-France,2026-08-03 11:00:00,2026-08-07 12:00:00,"jouer, apprendre, réfléchir, mémoriser, attention, métacognition, gestion mentale",https://openagenda.com/ateliers-mieux-apprendre/events/apprendre-en-jouant-57598,"Titre: Apprendre en jouant
Description: Trois ateliers ludiques d’une heure pour apprivoiser son cerveau d’élève et en faire un allié en classe.
Détails: 🧠 **Votre enfant collégien a un bon cerveau … mais ses résultats ne le montrent pas toujours ?** ------------------------------------------------------------------------------------------------- Cet été à Senlis, l’association MAYEUTIS propose 3 ateliers ludiques d’une heure pour aider les collégiens à comprendre comment leur cerveau apprend… et à en faire un vrai allié en classe. 🎯 **Ce que votre enfant va y gagner** -------------------------------------- 1️⃣ Mieux réfléchir En apprenant à créer un film intérieur à partir de ce qu’il lit ou entend. 2️⃣ Mieux mémoriser Grâce à des images mentales personnelles qui “accrochent” le cours dans sa tête. 3️⃣ Mieux réussir ses contrôles En identifiant les stratégies qui lui conviennent vraiment (et pas celles qu’il “devrait” utiliser). Les recherches récentes sont claires : 👉 métacognition + représentations mentales = meilleure réussite, plus de confiance, plus d’autonomie. 🎲 **Pendant les ateliers** --------------------------- Votre enfant va : • jouer • parler de “ce qui se passe dans sa tête” • transformer consignes, textes et problèmes en scènes, images, films mentaux ou dialogues intérieurs • apprendre à réutiliser tout ça pour ses devoirs et ses contrôles. **En avril, trois ateliers ont déjà été menés, les participants ont indiqué :** ------------------------------------------------------------------------------- ⭐ 17/20 de moyenne de satisfaction 👍 100 % des collégiens prêts à le recommander 🤝 **Une ambiance détendue** ---------------------------- Petit groupe (moins de 5 élèves), pas de jugement, juste un vrai temps pour comprendre comment on comprend, comment on mémorise, comment on s’organise. 🧑‍🏫 **Qui encadre ?** ----------------------- Je représente l’association MAYEUTIS, basée à Senlis, spécialisée dans : • les représentations mentales • la métacognition • les neurosciences appliquées à l’apprentissage. Je suis : • ingénieur d'une Grande École (Institut Polytechnique de Paris) • diplômé de Sciences Po Paris • titulaire d’une licence de psychologie • coach cognitif certifié dans une pédagogie centrée sur les façons d’apprendre • accompagnant régulier de collégiens et lycéens 👉 **Places limitées à 5 élèves** --------------------------------- Inscription sur Hello Asso : [https://www.helloasso.com/associations/mayeutis/evenements/apprendre-en-jouant](https://www.helloasso.com/associations/mayeutis/evenements/apprendre-en-jouant) 📚 **Pour les parents curieux** ------------------------------- Métacognition et réussite des élèves [https://www.cahiers-pedagogiques.com/metacognition-et-reussite-des-eleves/](https://www.cahiers-pedagogiques.com/metacognition-et-reussite-des-eleves/) Bienfaits des représentations mentales [https://ww2.ac-poitiers.fr/dsden79-pedagogie/sites/dsden79-pedagogie/IMG/pdf/diaporama\_-la\_representation\_mentale.pdf](https://ww2.ac-poitiers.fr/dsden79-pedagogie/sites/dsden79-pedagogie/IMG/pdf/diaporama_-la_representation_mentale.pdf)
Lieu: Senlis, Avenue de Creil
Date de début: 2026-08-03 11:00:00
Date de fin: 2026-08-07 12:00:00
Catégories: jouer, apprendre, réfléchir, mémoriser, attention, métacognition, gestion mentale"
80827393,Ateliers pour aider les collégiens à mieux apprendre,Bénéfices : - mieux se concentrer en cours - mémoriser plus facilement leurs leçons - trouver la méthode qui leur correspond Basé sur la pédagogie des gestes mentaux (Antoine de la Garanderie),"😟 Quand votre enfant collégien « lit » mais ne retient rien Votre enfant lit, relit, relit encore… et le soir, tout semble s’évaporer. Ce n’est pas qu’il est « nul », c’est que les mots restent plats : il ne se fait ni images, ni petites phrases qu’il se raconte, ni gestes imaginaires ou schémas dans sa tête. Il ne sait pas non plus comment réfléchir pas à pas, ni comment garder une idée pour plus tard, ni comment se projeter au contrôle en se disant : « Qu’est-ce qu’on va me demander ? ». 🧠 Comment ces ateliers vont l’aider Quand la leçon se transforme en images, mots-clés, liens logiques et scénarios pour le jour du contrôle, elle devient enfin compréhensible et mémorisable. À Senlis, les 21, 22 et 24 avril 2026, de 14h à 16h, trois ateliers en petit groupe lui apprennent concrètement à faire tout cela. Votre enfant s’entraîne à se refaire le cours mentalement, étape par étape : voir la scène du cours, entendre les phrases importantes, repérer les mots-clés, organiser les idées comme un chemin qui a du sens pour lui. Il repart avec un cahier rempli de traces personnelles, et des stratégies simples testées sur de vrais textes. Une ou deux parties de jeux rapides comme Panic Lab ou Ding! viennent muscler sa concentration, sa mémoire et sa réflexion… tout en lui donnant le goût de recommencer. 🤔 « J’ai déjà tout essayé… et si ça ne marchait pas ? » Ces ateliers ne rajoutent pas du travail, ils changent sa manière de penser en cours et à la maison. Votre enfant collégien repart avec des façons concrètes de s’y prendre, adaptées à son fonctionnement à lui.",Senlis,Avenue de Creil,Hauts-de-France,2026-04-21 14:00:00,2026-04-24 16:00:00,"attention, mémorisation, méthode",https://openagenda.com/ateliers-mieux-apprendre/events/ateliers-pour-aider-les-collegiens-a-mieux-apprendre,"Titre: Ateliers pour aider les collégiens à mieux apprendre
Description: Bénéfices : - mieux se concentrer en cours - mémoriser plus facilement leurs leçons - trouver la méthode qui leur correspond Basé sur la pédagogie des gestes mentaux (Antoine de la Garanderie)
Détails: 😟 Quand votre enfant collégien « lit » mais ne retient rien Votre enfant lit, relit, relit encore… et le soir, tout semble s’évaporer. Ce n’est pas qu’il est « nul », c’est que les mots restent plats : il ne se fait ni images, ni petites phrases qu’il se raconte, ni gestes imaginaires ou schémas dans sa tête. Il ne sait pas non plus comment réfléchir pas à pas, ni comment garder une idée pour plus tard, ni comment se projeter au contrôle en se disant : « Qu’est-ce qu’on va me demander ? ». 🧠 Comment ces ateliers vont l’aider Quand la leçon se transforme en images, mots-clés, liens logiques et scénarios pour le jour du contrôle, elle devient enfin compréhensible et mémorisable. À Senlis, les 21, 22 et 24 avril 2026, de 14h à 16h, trois ateliers en petit groupe lui apprennent concrètement à faire tout cela. Votre enfant s’entraîne à se refaire le cours mentalement, étape par étape : voir la scène du cours, entendre les phrases importantes, repérer les mots-clés, organiser les idées comme un chemin qui a du sens pour lui. Il repart avec un cahier rempli de traces personnelles, et des stratégies simples testées sur de vrais textes. Une ou deux parties de jeux rapides comme Panic Lab ou Ding! viennent muscler sa concentration, sa mémoire et sa réflexion… tout en lui donnant le goût de recommencer. 🤔 « J’ai déjà tout essayé… et si ça ne marchait pas ? » Ces ateliers ne rajoutent pas du travail, ils changent sa manière de penser en cours et à la maison. Votre enfant collégien repart avec des façons concrètes de s’y prendre, adaptées à son fonctionnement à lui.
Lieu: Senlis, Avenue de Creil
Date de début: 2026-04-21 14:00:00
Date de fin: 2026-04-24 16:00:00
Catégories: attention, mémorisation, méthode"
80222298,Atelier de langue et culture occitanes (variante gasconne),"Cours convivial du soir multi-niveau de (re)découverte du gascon à travers son apprentissage, son écriture mais aussi l'histoire, la culture et les traditions occitanes.","Il existe mille et une bonnes raisons d’apprendre l’occitan... mais une seule suffit ! Venez parler et écrire cette langue millénaire qui fut longtemps celle de la majorité des Bordelais. En plus d'apprendre le gascon (une des variantes de l'occitan), vous découvrirez une culture et une littérature dont les influences se font encore sentir aujourd'hui dans nos quotidiens ! Cet atelier hebdomadaire démarrent à 18h à l'Athénée municipal. Le calendrier de l'atelier suit celui des écoles à partir du mois d'octobre et jusqu'en juin. L'atelier est multi-niveau mais vous accueille toujours que ous souhaitiez vous initier, redécouvrir, converser ou apprendre à l'écrire avec la graphique classique ! Pendant une heure et demie, on découvre d'abord des textes, des chansons ou des films sans oublier des petits points grammaticaux ou lexicaux. Puis, on (ré)utilise nos connaissances dans des activités ludiques ou des exercices. Enfin, tout au long de l'année, on explore un thème important dans la culture et les traditions occitanes. Le premier atelier auquel vous assistez est gratuit afin que vous puissiez constater l'ambiance conviviale qui y règne avant de vous engager. Ensuite, il faudra vous inscrire à l'atelier et adhérer à l'association organisatrice : \- le tarif plein de l'inscription est de 105 € pour l'année scolaire. Le tarif réduit pour les personnes ne payant pas l'impôt sur les revenus est de 45 € (Possibilité de payer en espèces, par virement ou par chèque en une ou deux fois). \- l'adhésion pour l'année civile est de 30 € à L'Ostau Occitan, section de l'Institut des Études Occitanes pour le département de la Gironde. Et 12 € pour les personnes ne payant pas l'impôt sur les revenus. Des tarifs réduits existent aussi pour les couples. Possibilité de payer en espèces, par virement ou par chèque en une à deux fois. L'adhésion donne droit à une déduction fiscale de 66% de son montant. Les documents pour l'inscription et l'adhésion vous seront remis lors des ateliers. Il existe également d'autres ateliers d'occitan sur l'agglomération bordelaise et la Gironde !",Bordeaux,"Place Saint-Christoly, Bordeaux",Nouvelle-Aquitaine,2025-10-01 18:00:00,2026-07-01 19:30:00,"atelier de langue, gascon, occitan, langue régionale, bordeaux, gironde, cours du soir",https://openagenda.com/visites-conferences-bordeaux-et-la-nouvelle-aquitaine-en-vo/events/talheir-de-lenga-e-cultura-occitanas-varianta-gascona,"Titre: Atelier de langue et culture occitanes (variante gasconne)
Description: Cours convivial du soir multi-niveau de (re)découverte du gascon à travers son apprentissage, son écriture mais aussi l'histoire, la culture et les traditions occitanes.
Détails: Il existe mille et une bonnes raisons d’apprendre l’occitan... mais une seule suffit ! Venez parler et écrire cette langue millénaire qui fut longtemps celle de la majorité des Bordelais. En plus d'apprendre le gascon (une des variantes de l'occitan), vous découvrirez une culture et une littérature dont les influences se font encore sentir aujourd'hui dans nos quotidiens ! Cet atelier hebdomadaire démarrent à 18h à l'Athénée municipal. Le calendrier de l'atelier suit celui des écoles à partir du mois d'octobre et jusqu'en juin. L'atelier est multi-niveau mais vous accueille toujours que ous souhaitiez vous initier, redécouvrir, converser ou apprendre à l'écrire avec la graphique classique ! Pendant une heure et demie, on découvre d'abord des textes, des chansons ou des films sans oublier des petits points grammaticaux ou lexicaux. Puis, on (ré)utilise nos connaissances dans des activités ludiques ou des exercices. Enfin, tout au long de l'année, on explore un thème important dans la culture et les traditions occitanes. Le premier atelier auquel vous assistez est gratuit afin que vous puissiez constater l'ambiance conviviale qui y règne avant de vous engager. Ensuite, il faudra vous inscrire à l'atelier et adhérer à l'association organisatrice : \- le tarif plein de l'inscription est de 105 € pour l'année scolaire. Le tarif réduit pour les personnes ne payant pas l'impôt sur les revenus est de 45 € (Possibilité de payer en espèces, par virement ou par chèque en une ou deux fois). \- l'adhésion pour l'année civile est de 30 € à L'Ostau Occitan, section de l'Institut des Études Occitanes pour le département de la Gironde. Et 12 € pour les personnes ne payant pas l'impôt sur les revenus. Des tarifs réduits existent aussi pour les couples. Possibilité de payer en espèces, par virement ou par chèque en une à deux fois. L'adhésion donne droit à une déduction fiscale de 66% de son montant. Les documents pour l'inscription et l'adhésion vous seront remis lors des ateliers. Il existe également d'autres ateliers d'occitan sur l'agglomération bordelaise et la Gironde !
Lieu: Bordeaux, Place Saint-Christoly, Bordeaux
Date de début: 2025-10-01 18:00:00
Date de fin: 2026-07-01 19:30:00
Catégories: atelier de langue, gascon, occitan, langue régionale, bordeaux, gironde, cours du soir"
44715249,"Visite guidée : Le gascon, la nature et le paysage à Bordeaux","Comme chaque année, profitez du marché occitan du festival Mascaret et venez découvrir au cours d'une visite guidée originale les quartiers Saint-André et Sainte-Eulalie.","Chaque année, se déroule le ""hestenau Mascaret"", festival occitan de Bordeaux et de la Gironde. Enraciné dans son territoire, il collabore avec de nombreuses associations et structures. Festival pluridisciplinaire, il est aussi un lieu de rencontre avec son marché occitan au cœur de Bordeaux avec de nombreux stands et animations. Pour cette 14ème édition, profitez du marché et participez à une visite guidée originale Depuis l'antique delta de la Devise et du Peugue à l'actuel cours Alsace-Lorraine, le paysage a été façonné par des évènements naturels ou de grands aménagements urbanistiques. Témoin de cette façon de penser et vivre ces bouleversements, l'occitan gascon a été la langue commune et quotidienne du territoire bordelais jusqu'au XXe siècle. Nous déambulerons donc à travers les quartiers de Saint-André et Sainte-Eulalie et ferons parler les pierres, les noms et les mots afin de retrouver la mémoire des paysages successifs et de la vie quotidienne d'antan. Il est recommandé de s'inscrire : \- par un courriel à [guide@ostau-occitan.org](mailto:guide@ostau-occitan.org) ou bien par message à la page [https://www.facebook.com/guide.abovo.oc/](https://www.facebook.com/guide.abovo.oc/). Vous réglerez votre réservation un peu avant le départ de la visite, à la table de L'Ostau Occitan située sur le marché occitan (place Pey-Berland, à partir de 10h). \- le jour-même, selon les places disponibles, à la table de L'Ostau Occitan située au cœur du marché occitan (place Pey-Berland) à partir de 11h.",Bordeaux,"Place Pey-Berland, Bordeaux",Nouvelle-Aquitaine,2025-10-11 14:00:00,2025-10-11 15:30:00,"visite guidée, bordeaux, festival, mascaret, occitan, gascon, histoire, toponymie, architecture, marché, langue régionale, vie d'autrefois",https://openagenda.com/visites-conferences-bordeaux-et-la-nouvelle-aquitaine-en-vo/events/vesita-guidada-lo-gascon-la-natura-e-lo-paisatge-a-bordeu,"Titre: Visite guidée : Le gascon, la nature et le paysage à Bordeaux
Description: Comme chaque année, profitez du marché occitan du festival Mascaret et venez découvrir au cours d'une visite guidée originale les quartiers Saint-André et Sainte-Eulalie.
Détails: Chaque année, se déroule le ""hestenau Mascaret"", festival occitan de Bordeaux et de la Gironde. Enraciné dans son territoire, il collabore avec de nombreuses associations et structures. Festival pluridisciplinaire, il est aussi un lieu de rencontre avec son marché occitan au cœur de Bordeaux avec de nombreux stands et animations. Pour cette 14ème édition, profitez du marché et participez à une visite guidée originale Depuis l'antique delta de la Devise et du Peugue à l'actuel cours Alsace-Lorraine, le paysage a été façonné par des évènements naturels ou de grands aménagements urbanistiques. Témoin de cette façon de penser et vivre ces bouleversements, l'occitan gascon a été la langue commune et quotidienne du territoire bordelais jusqu'au XXe siècle. Nous déambulerons donc à travers les quartiers de Saint-André et Sainte-Eulalie et ferons parler les pierres, les noms et les mots afin de retrouver la mémoire des paysages successifs et de la vie quotidienne d'antan. Il est recommandé de s'inscrire : \- par un courriel à [guide@ostau-occitan.org](mailto:guide@ostau-occitan.org) ou bien par message à la page [https://www.facebook.com/guide.abovo.oc/](https://www.facebook.com/guide.abovo.oc/). Vous réglerez votre réservation un peu avant le départ de la visite, à la table de L'Ostau Occitan située sur le marché occitan (place Pey-Berland, à partir de 10h). \- le jour-même, selon les places disponibles, à la table de L'Ostau Occitan située au cœur du marché occitan (place Pey-Berland) à partir de 11h.
Lieu: Bordeaux, Place Pey-Berland, Bordeaux
Date de début: 2025-10-11 14:00:00
Date de fin: 2025-10-11 15:30:00
Catégories: visite guidée, bordeaux, festival, mascaret, occitan, gascon, histoire, toponymie, architecture, marché, langue régionale, vie d'autrefois"
40620461,Visite guidée : Une Histoire de Bordeaux à travers le gascon,"Pour la deuxième édition de la Semaine mondiale de la Gascogne, L'Ostau Occitan vous propose de découvrir un autre Bordeaux à travers l'héritage de sa langue creuset historique, l'occitan gascon.","Pour conclure la semaine mondiale de la Gascogne 2025, plongez dans le patrimoine culturel et populaire de Bordeaux. S'il n'est plus la langue quotidienne de la cité, l'occitan gascon reste omniprésent dans de nombreux aspects du Bordelais pour qui sait être curieux. Au fil de notre déambulation, nous nous arrêterons devant plusieurs éléments : détails architecturaux, inscriptions, toponymes, personnages. Vous découvrirez alors la vie de ce creuset de l'identité bordelaise depuis les origines jusqu'au XXe siècle en passant par les époques de Montaigne et de Meste Verdié.",Bordeaux,"Parvis Henri Sauguet, Bordeaux",Nouvelle-Aquitaine,2025-06-28 10:00:00,2025-06-28 11:30:00,"visite guidée, bordeaux, occitan, gascon, histoire, patrimoine, culture, original, langue regionale",https://openagenda.com/visites-conferences-bordeaux-et-la-nouvelle-aquitaine-en-vo/events/vesita-guidada-una-istoria-de-bordeu-capvath-lo-gascon,"Titre: Visite guidée : Une Histoire de Bordeaux à travers le gascon
Description: Pour la deuxième édition de la Semaine mondiale de la Gascogne, L'Ostau Occitan vous propose de découvrir un autre Bordeaux à travers l'héritage de sa langue creuset historique, l'occitan gascon.
Détails: Pour conclure la semaine mondiale de la Gascogne 2025, plongez dans le patrimoine culturel et populaire de Bordeaux. S'il n'est plus la langue quotidienne de la cité, l'occitan gascon reste omniprésent dans de nombreux aspects du Bordelais pour qui sait être curieux. Au fil de notre déambulation, nous nous arrêterons devant plusieurs éléments : détails architecturaux, inscriptions, toponymes, personnages. Vous découvrirez alors la vie de ce creuset de l'identité bordelaise depuis les origines jusqu'au XXe siècle en passant par les époques de Montaigne et de Meste Verdié.
Lieu: Bordeaux, Parvis Henri Sauguet, Bordeaux
Date de début: 2025-06-28 10:00:00
Date de fin: 2025-06-28 11:30:00
Catégories: visite guidée, bordeaux, occitan, gascon, histoire, patrimoine, culture, original, langue regionale"
32282986,24H Emploi Formation - Tours 2026,Les « 24H Emploi Formation » reviennent pour une quatrième édition au Palais des Congrès de Tours le 3 septembre 2026,"Le jeudi 3 septembre 2026, le Palais des Congrès (Vinci), accueille pour sa quatrième édition le salon des « 24 Heures pour l’Emploi et la Formation ». Cet événement, organisé par L4M et déjà existant à Rouen, Lille, Rennes, Nantes, Caen, Le Mans et dans d’autres villes, donne l’opportunité aux candidats de rencontrer une cinquantaine d’entreprises et centres de formation de la région. Cela regroupe de nombreux secteurs comme le commerce, la distribution, la logistique, l’assurance ou encore la sécurité. Au total, plusieurs centaines de postes sont à pourvoir en CDI, CDD, stage, alternance… Ce salon gratuit et ouvert à tous, se déroule de 10h à 17h et s’adresse aux demandeurs d’emploi, aux étudiants à la recherche d’un stage, aux jeunes diplômés en quête d'un premier job, mais aussi aux personnes en poste souhaitant compléter leur formation ou s’informer sur la reconversion professionnelle. Pour se préparer au mieux à ce salon de recrutement, il est indispensable de mettre à jour son CV ! Toutes les informations sont en ligne sur le site internet de l’événement : [https://24h-emploi-formation.com/tours-2026#/](https://24h-emploi-formation.com/tours-2026#/)",Tours,26 boulevard heurteloup,Centre-Val de Loire,2026-09-03 10:00:00,2026-09-03 17:00:00,"emploi, recrutement, formation, jobdating, salon",https://openagenda.com/organisateurl4m/events/24h-emploi-formation-tours-2026,"Titre: 24H Emploi Formation - Tours 2026
Description: Les « 24H Emploi Formation » reviennent pour une quatrième édition au Palais des Congrès de Tours le 3 septembre 2026
Détails: Le jeudi 3 septembre 2026, le Palais des Congrès (Vinci), accueille pour sa quatrième édition le salon des « 24 Heures pour l’Emploi et la Formation ». Cet événement, organisé par L4M et déjà existant à Rouen, Lille, Rennes, Nantes, Caen, Le Mans et dans d’autres villes, donne l’opportunité aux candidats de rencontrer une cinquantaine d’entreprises et centres de formation de la région. Cela regroupe de nombreux secteurs comme le commerce, la distribution, la logistique, l’assurance ou encore la sécurité. Au total, plusieurs centaines de postes sont à pourvoir en CDI, CDD, stage, alternance… Ce salon gratuit et ouvert à tous, se déroule de 10h à 17h et s’adresse aux demandeurs d’emploi, aux étudiants à la recherche d’un stage, aux jeunes diplômés en quête d'un premier job, mais aussi aux personnes en poste souhaitant compléter leur formation ou s’informer sur la reconversion professionnelle. Pour se préparer au mieux à ce salon de recrutement, il est indispensable de mettre à jour son CV ! Toutes les informations sont en ligne sur le site internet de l’événement : [https://24h-emploi-formation.com/tours-2026#/](https://24h-emploi-formation.com/tours-2026#/)
Lieu: Tours, 26 boulevard heurteloup
Date de début: 2026-09-03 10:00:00
Date de fin: 2026-09-03 17:00:00
Catégories: emploi, recrutement, formation, jobdating, salon"
77402718,24H Emploi Formation - Saint-Malo 2026,"Le jeudi 17 septembre 2026, le Quai St-Malo accueille sa première édition du salon des « 24 Heures pour l’Emploi et la Formation ».","Le jeudi 17 septembre 2026, le Quai St-Malo accueille sa première édition du salon des « 24 Heures pour l’Emploi et la Formation ». Cet événement, organisé par L4M et déjà existant à Rennes, Brest, Le Havre, Caen, Lorient, Nantes et dans d’autres villes, donne l’opportunité aux candidats de rencontrer une quarantaine d’entreprises et centres de formation de la région. Cela regroupe de nombreux secteurs comme le commerce, la distribution, l’industrie, la logistique, l’assurance, la sécurité… Au total, il y aura une centaine de postes à pourvoir, tous contrats confondus : CDI, CDD, stage, alternance. Ce salon gratuit et ouvert à tous, se déroule de 10h à 17h et s’adresse aux demandeurs d’emploi, aux étudiants à la recherche d’un stage, aux jeunes diplômés en quête du premier job, mais aussi aux personnes en poste souhaitant compléter leur formation ou s’informer sur la reconversion professionnelle. Pour se préparer au mieux à ce salon de recrutement, il est indispensable de mettre à jour son CV ! Toutes les informations sont en ligne sur le site internet de l’événement : [https://24h-emploi-formation.com/saint-malo-2026#/](https://24h-emploi-formation.com/saint-malo-2026#/)",saint-malo,1B Quai Duguay-Trouin,Bretagne,2026-09-17 10:00:00,2026-09-17 17:00:00,"emploi, formation, stage, jobdating, recrutement, apprentissage",https://openagenda.com/organisateurl4m/events/24h-emploi-formation-saint-malo-2026,"Titre: 24H Emploi Formation - Saint-Malo 2026
Description: Le jeudi 17 septembre 2026, le Quai St-Malo accueille sa première édition du salon des « 24 Heures pour l’Emploi et la Formation ».
Détails: Le jeudi 17 septembre 2026, le Quai St-Malo accueille sa première édition du salon des « 24 Heures pour l’Emploi et la Formation ». Cet événement, organisé par L4M et déjà existant à Rennes, Brest, Le Havre, Caen, Lorient, Nantes et dans d’autres villes, donne l’opportunité aux candidats de rencontrer une quarantaine d’entreprises et centres de formation de la région. Cela regroupe de nombreux secteurs comme le commerce, la distribution, l’industrie, la logistique, l’assurance, la sécurité… Au total, il y aura une centaine de postes à pourvoir, tous contrats confondus : CDI, CDD, stage, alternance. Ce salon gratuit et ouvert à tous, se déroule de 10h à 17h et s’adresse aux demandeurs d’emploi, aux étudiants à la recherche d’un stage, aux jeunes diplômés en quête du premier job, mais aussi aux personnes en poste souhaitant compléter leur formation ou s’informer sur la reconversion professionnelle. Pour se préparer au mieux à ce salon de recrutement, il est indispensable de mettre à jour son CV ! Toutes les informations sont en ligne sur le site internet de l’événement : [https://24h-emploi-formation.com/saint-malo-2026#/](https://24h-emploi-formation.com/saint-malo-2026#/)
Lieu: saint-malo, 1B Quai Duguay-Trouin
Date de début: 2026-09-17 10:00:00
Date de fin: 2026-09-17 17:00:00
Catégories: emploi, formation, stage, jobdating, recrutement, apprentissage"
91206178,24 Heures pour l’Emploi et la Formation,"La 17ᵉ édition des « 24 Heures pour l’Emploi et la Formation » du Havre se tiendra le jeudi 1er octobre 2026, au Carré des Docks, de 10h à 17h, sans interruption.","24 Heures pour l’Emploi et la Formation – Le Havre 2026 La 17ᵉ édition des « 24 Heures pour l’Emploi et la Formation » du Havre se tiendra le jeudi 1er octobre 2026, au Carré des Docks, de 10h à 17h, sans interruption. Cet événement gratuit et ouvert à tous réunira de nombreux secteurs d’activité : banque et assurance, commerce, immobilier, intérim, énergie, métiers de la défense, et bien d’autres encore. Plusieurs centaines de postes seront proposés, couvrant tous types de contrats : CDI, CDD, stage, alternance, intérim, ... Pour profiter pleinement de ce salon de recrutement, pensez à actualiser votre CV ! L’inscription est vivement recommandée. Infos et inscription coupe-file sur : [https://www.24h-emploi-formation.com/le-havre-2026#/](https://www.24h-emploi-formation.com/le-havre-2026#/)",Le Havre,76600,Normandie,2026-10-01 10:00:00,2026-10-01 17:00:00,,https://openagenda.com/organisateurl4m/events/24-heures-pour-lemploi-et-la-formation-5889685,"Titre: 24 Heures pour l’Emploi et la Formation
Description: La 17ᵉ édition des « 24 Heures pour l’Emploi et la Formation » du Havre se tiendra le jeudi 1er octobre 2026, au Carré des Docks, de 10h à 17h, sans interruption.
Détails: 24 Heures pour l’Emploi et la Formation – Le Havre 2026 La 17ᵉ édition des « 24 Heures pour l’Emploi et la Formation » du Havre se tiendra le jeudi 1er octobre 2026, au Carré des Docks, de 10h à 17h, sans interruption. Cet événement gratuit et ouvert à tous réunira de nombreux secteurs d’activité : banque et assurance, commerce, immobilier, intérim, énergie, métiers de la défense, et bien d’autres encore. Plusieurs centaines de postes seront proposés, couvrant tous types de contrats : CDI, CDD, stage, alternance, intérim, ... Pour profiter pleinement de ce salon de recrutement, pensez à actualiser votre CV ! L’inscription est vivement recommandée. Infos et inscription coupe-file sur : [https://www.24h-emploi-formation.com/le-havre-2026#/](https://www.24h-emploi-formation.com/le-havre-2026#/)
Lieu: Le Havre, 76600
Date de début: 2026-10-01 10:00:00
Date de fin: 2026-10-01 17:00:00"
76334166,24H Emploi Formation - Lyon,"Le jeudi 28 janvier 2027, la LDLC Arena (Fiducial Astéria) accueille sa première édition du salon des « 24 Heures pour l’Emploi et la Formation ».","Cet événement, organisé par la société L4M et déjà existant à Rennes, Nantes, Lille, Rouen, Caen, Tours et dans d’autres villes, donne l’opportunité aux candidats de rencontrer une cinquantaine d’entreprises et centres de formation de la région. Cela regroupe de nombreux secteurs comme le commerce, la distribution, l’industrie, la logistique, l’assurance, la sécurité… Au total, il y aura plusieurs centaines de postes à pourvoir, tous contrats confondus : CDI, CDD, stage, alternance. Ce salon gratuit et ouvert à tous, se déroule de 10h à 17h et s’adresse aux demandeurs d’emploi, aux étudiants à la recherche d’un stage, aux jeunes diplômés en quête du premier job, mais aussi aux personnes en poste souhaitant compléter leur formation ou s’informer sur la reconversion professionnelle. Exclusivité Lyon - JOB&CLIMB : L’occasion pour les candidats de transformer leur visite sur le salon en une véritable expérience mémorable grâce à notre mur d’escalade mobile. Bien plus qu’une animation, c’est un puissant levier d’attractivité pour capter l’attention des recruteurs et faire passer ses qualités humaines. Pour se préparer au mieux à ce salon de recrutement, il est indispensable de mettre à jour son CV ! Toutes les informations sont en ligne sur le site internet de l’événement : [https://24h-emploi-formation.com/lyon-2027#/](https://24h-emploi-formation.com/lyon-2027#/)",Décines-Charpieu,5 avenue Simone Veil,Auvergne-Rhône-Alpes,2027-01-28 10:00:00,2027-01-28 17:00:00,"emploi, formation, stage, apprentissage, alternance, recrutement",https://openagenda.com/organisateurl4m/events/24h-emploi-formation-lyon,"Titre: 24H Emploi Formation - Lyon
Description: Le jeudi 28 janvier 2027, la LDLC Arena (Fiducial Astéria) accueille sa première édition du salon des « 24 Heures pour l’Emploi et la Formation ».
Détails: Cet événement, organisé par la société L4M et déjà existant à Rennes, Nantes, Lille, Rouen, Caen, Tours et dans d’autres villes, donne l’opportunité aux candidats de rencontrer une cinquantaine d’entreprises et centres de formation de la région. Cela regroupe de nombreux secteurs comme le commerce, la distribution, l’industrie, la logistique, l’assurance, la sécurité… Au total, il y aura plusieurs centaines de postes à pourvoir, tous contrats confondus : CDI, CDD, stage, alternance. Ce salon gratuit et ouvert à tous, se déroule de 10h à 17h et s’adresse aux demandeurs d’emploi, aux étudiants à la recherche d’un stage, aux jeunes diplômés en quête du premier job, mais aussi aux personnes en poste souhaitant compléter leur formation ou s’informer sur la reconversion professionnelle. Exclusivité Lyon - JOB&CLIMB : L’occasion pour les candidats de transformer leur visite sur le salon en une véritable expérience mémorable grâce à notre mur d’escalade mobile. Bien plus qu’une animation, c’est un puissant levier d’attractivité pour capter l’attention des recruteurs et faire passer ses qualités humaines. Pour se préparer au mieux à ce salon de recrutement, il est indispensable de mettre à jour son CV ! Toutes les informations sont en ligne sur le site internet de l’événement : [https://24h-emploi-formation.com/lyon-2027#/](https://24h-emploi-formation.com/lyon-2027#/)
Lieu: Décines-Charpieu, 5 avenue Simone Veil
Date de début: 2027-01-28 10:00:00
Date de fin: 2027-01-28 17:00:00
Catégories: emploi, formation, stage, apprentissage, alternance, recrutement"
39701309,24H Emploi Formation - Bordeaux 2027,"Le jeudi 8 avril 2027, le Palais de la Bourse de Bordeaux accueille sa première édition du salon des « 24 Heures pour l’Emploi et la Formation ».","Cet événement, organisé par la société L4M et déjà existant à Rennes, Nantes, Lille, Lyon, Rouen, Caen, Tours et dans d’autres villes, donne l’opportunité aux candidats de rencontrer une cinquantaine d’entreprises et centres de formation de la région. Cela regroupe de nombreux secteurs comme le commerce, la distribution, l’industrie, la logistique, l’assurance, la sécurité… Au total, il y aura plusieurs centaines de postes à pourvoir, tous contrats confondus : CDI, CDD, stage, alternance. Ce salon gratuit et ouvert à tous, se déroule de 10h à 17h et s’adresse aux demandeurs d’emploi, aux étudiants à la recherche d’un stage, aux jeunes diplômés en quête du premier job, mais aussi aux personnes en poste souhaitant compléter leur formation ou s’informer sur la reconversion professionnelle. Pour se préparer au mieux à ce salon de recrutement, il est indispensable de mettre à jour son CV ! Toutes les informations sont en ligne sur le site internet de l’événement : [https://24h-emploi-formation.com/bordeaux-2027#/](https://24h-emploi-formation.com/bordeaux-2027#/)",Bordeaux,17 place de la bourse bordeaux,Nouvelle-Aquitaine,2027-04-08 10:00:00,2027-04-08 17:00:00,"emploi, formation, alternance, apprentissage, reconversion, recrutement",https://openagenda.com/organisateurl4m/events/24h-emploi-formation-bordeaux-2027,"Titre: 24H Emploi Formation - Bordeaux 2027
Description: Le jeudi 8 avril 2027, le Palais de la Bourse de Bordeaux accueille sa première édition du salon des « 24 Heures pour l’Emploi et la Formation ».
Détails: Cet événement, organisé par la société L4M et déjà existant à Rennes, Nantes, Lille, Lyon, Rouen, Caen, Tours et dans d’autres villes, donne l’opportunité aux candidats de rencontrer une cinquantaine d’entreprises et centres de formation de la région. Cela regroupe de nombreux secteurs comme le commerce, la distribution, l’industrie, la logistique, l’assurance, la sécurité… Au total, il y aura plusieurs centaines de postes à pourvoir, tous contrats confondus : CDI, CDD, stage, alternance. Ce salon gratuit et ouvert à tous, se déroule de 10h à 17h et s’adresse aux demandeurs d’emploi, aux étudiants à la recherche d’un stage, aux jeunes diplômés en quête du premier job, mais aussi aux personnes en poste souhaitant compléter leur formation ou s’informer sur la reconversion professionnelle. Pour se préparer au mieux à ce salon de recrutement, il est indispensable de mettre à jour son CV ! Toutes les informations sont en ligne sur le site internet de l’événement : [https://24h-emploi-formation.com/bordeaux-2027#/](https://24h-emploi-formation.com/bordeaux-2027#/)
Lieu: Bordeaux, 17 place de la bourse bordeaux
Date de début: 2027-04-08 10:00:00
Date de fin: 2027-04-08 17:00:00
Catégories: emploi, formation, alternance, apprentissage, reconversion, recrutement"
28843912,24h pour l'Emploi et la Formation - Blois 2026,"Le mardi 5 mai 2026, le Jeu de Paume accueille pour sa troisième édition le salon des « 24 Heures pour l’Emploi et la Formation ».","Le mardi 5 mai 2026, le Jeu de Paume accueille pour sa troisième édition le salon des « 24 Heures pour l’Emploi et la Formation ». Cet événement, organisé par L4M et déjà existant à Tours, Orléans, Bourges et dans d’autres villes, donne l’opportunité aux candidats de rencontrer une quarantaine d’entreprises et centres de formation de la région. Cela regroupe de nombreux secteurs comme le commerce, la distribution, la logistique, l’assurance, l’informatique, la sécurité… Au total, ce sera plusieurs centaines de postes à pourvoir, tous contrats confondus : CDI, CDD, stage, alternance. Ce salon gratuit et ouvert à tous, se déroule de 10h à 17h et s’adresse aux demandeurs d’emploi, aux étudiants à la recherche d’un stage, aux jeunes diplômés en quête du premier job, mais aussi aux personnes en poste souhaitant compléter leur formation ou s’informer sur la reconversion professionnelle. Pour se préparer au mieux à ce salon de recrutement, il est indispensable de mettre à jour son CV ! Toutes les informations sont en ligne sur le site internet de l’événement : [https://www.24h-emploi-formation.com/blois-2026#/](https://www.24h-emploi-formation.com/blois-2026#/)",Blois,66 Av. de Châteaudun,Centre-Val de Loire,2026-05-05 10:00:00,2026-05-05 17:00:00,,https://openagenda.com/organisateurl4m/events/24h-pour-lemploi-et-la-formation-blois-2026,"Titre: 24h pour l'Emploi et la Formation - Blois 2026
Description: Le mardi 5 mai 2026, le Jeu de Paume accueille pour sa troisième édition le salon des « 24 Heures pour l’Emploi et la Formation ».
Détails: Le mardi 5 mai 2026, le Jeu de Paume accueille pour sa troisième édition le salon des « 24 Heures pour l’Emploi et la Formation ». Cet événement, organisé par L4M et déjà existant à Tours, Orléans, Bourges et dans d’autres villes, donne l’opportunité aux candidats de rencontrer une quarantaine d’entreprises et centres de formation de la région. Cela regroupe de nombreux secteurs comme le commerce, la distribution, la logistique, l’assurance, l’informatique, la sécurité… Au total, ce sera plusieurs centaines de postes à pourvoir, tous contrats confondus : CDI, CDD, stage, alternance. Ce salon gratuit et ouvert à tous, se déroule de 10h à 17h et s’adresse aux demandeurs d’emploi, aux étudiants à la recherche d’un stage, aux jeunes diplômés en quête du premier job, mais aussi aux personnes en poste souhaitant compléter leur formation ou s’informer sur la reconversion professionnelle. Pour se préparer au mieux à ce salon de recrutement, il est indispensable de mettre à jour son CV ! Toutes les informations sont en ligne sur le site internet de l’événement : [https://www.24h-emploi-formation.com/blois-2026#/](https://www.24h-emploi-formation.com/blois-2026#/)
Lieu: Blois, 66 Av. de Châteaudun
Date de début: 2026-05-05 10:00:00
Date de fin: 2026-05-05 17:00:00"
38526706,24H Emploi Formation - Saint-Lô 2026,"Le jeudi 2 avril 2026, le Pôle Hippique de Saint-Lô accueille sa première édition du salon des « 24 Heures pour l’Emploi et la Formation ».","Cet événement, organisé par L4M et déjà existant à Rouen, Le Havre, Caen, Cherbourg, Rennes, Nantes et dans d’autres villes, donne l’opportunité aux candidats de rencontrer une trentaine d’entreprises et centres de formation de la région. Cela regroupe de nombreux secteurs comme le commerce, la distribution, l’industrie, la logistique, l’assurance, la sécurité… Au total, il y aura une centaine de postes à pourvoir, tous contrats confondus : CDI, CDD, stage, alternance. Ce salon gratuit et ouvert à tous, se déroule de 10h à 17h et s’adresse aux demandeurs d’emploi, aux étudiants à la recherche d’un stage, aux jeunes diplômés en quête du premier job, mais aussi aux personnes en poste souhaitant compléter leur formation ou s’informer sur la reconversion professionnelle. Pour se préparer au mieux à ce salon de recrutement, il est indispensable de mettre à jour son CV ! Toutes les informations sont en ligne sur le site internet de l’événement : [https://24h-emploi-formation.com/saint-lo-2026#/](https://24h-emploi-formation.com/saint-lo-2026#/)",Saint-Lô,chemin de la madeleine 50000 saint-lo,Normandie,2026-04-02 10:00:00,2026-04-02 17:00:00,"emploi, recrutement, formation, alternance, stage, jobdating",https://openagenda.com/organisateurl4m/events/24h-emploi-formation-saint-lo-2026,"Titre: 24H Emploi Formation - Saint-Lô 2026
Description: Le jeudi 2 avril 2026, le Pôle Hippique de Saint-Lô accueille sa première édition du salon des « 24 Heures pour l’Emploi et la Formation ».
Détails: Cet événement, organisé par L4M et déjà existant à Rouen, Le Havre, Caen, Cherbourg, Rennes, Nantes et dans d’autres villes, donne l’opportunité aux candidats de rencontrer une trentaine d’entreprises et centres de formation de la région. Cela regroupe de nombreux secteurs comme le commerce, la distribution, l’industrie, la logistique, l’assurance, la sécurité… Au total, il y aura une centaine de postes à pourvoir, tous contrats confondus : CDI, CDD, stage, alternance. Ce salon gratuit et ouvert à tous, se déroule de 10h à 17h et s’adresse aux demandeurs d’emploi, aux étudiants à la recherche d’un stage, aux jeunes diplômés en quête du premier job, mais aussi aux personnes en poste souhaitant compléter leur formation ou s’informer sur la reconversion professionnelle. Pour se préparer au mieux à ce salon de recrutement, il est indispensable de mettre à jour son CV ! Toutes les informations sont en ligne sur le site internet de l’événement : [https://24h-emploi-formation.com/saint-lo-2026#/](https://24h-emploi-formation.com/saint-lo-2026#/)
Lieu: Saint-Lô, chemin de la madeleine 50000 saint-lo
Date de début: 2026-04-02 10:00:00
Date de fin: 2026-04-02 17:00:00
Catégories: emploi, recrutement, formation, alternance, stage, jobdating"
85287406,salon 24H Emploi Formation Bourges 2025,"Le jeudi 11 septembre 2025, le Palais des Sports du Prado de Bourges accueille sa première édition du salon des « 24 Heures pour l’Emploi et la Formation ».","Le jeudi 11 septembre 2025, le Palais des Sports du Prado de Bourges accueille sa première édition du salon des « 24 Heures pour l’Emploi et la Formation ». Cet événement, organisé par L4M et déjà existant à Tours, Orléans, Blois, Rouen, Rennes, Nantes, Caen, Le Mans et dans d’autres villes, donne l’opportunité aux candidats de rencontrer une cinquantaine d’entreprises et centres de formation de la région. Cela regroupe de nombreux secteurs comme le commerce, la distribution, la logistique, l’assurance, l’informatique, la sécurité… Au total, ce sera plusieurs centaines de postes à pourvoir, tous contrats confondus : CDI, CDD, stage, alternance. Ce salon gratuit et ouvert à tous, se déroule de 10h à 17h et s’adresse aux demandeurs d’emploi, aux étudiants à la recherche d’un stage, aux jeunes diplômés en quête du premier job, mais aussi aux personnes en poste souhaitant compléter leur formation ou s’informer sur la reconversion professionnelle. Pour se préparer au mieux à ce salon de recrutement, il est indispensable de mettre à jour son CV ! Toutes les informations sont en ligne sur le site internet de l’événement : [https://24h-emploi-formation.com/bourges-2025#/](https://24h-emploi-formation.com/bourges-2025#/)",Bourges,rue du champ de foire 18000 bourges,Centre-Val de Loire,2025-09-11 10:00:00,2025-09-11 17:00:00,"emploi, jobdating, stage, recrutement, alternance, apprentissage",https://openagenda.com/organisateurl4m/events/salon-24h-emploi-formation-bourges-2025,"Titre: salon 24H Emploi Formation Bourges 2025
Description: Le jeudi 11 septembre 2025, le Palais des Sports du Prado de Bourges accueille sa première édition du salon des « 24 Heures pour l’Emploi et la Formation ».
Détails: Le jeudi 11 septembre 2025, le Palais des Sports du Prado de Bourges accueille sa première édition du salon des « 24 Heures pour l’Emploi et la Formation ». Cet événement, organisé par L4M et déjà existant à Tours, Orléans, Blois, Rouen, Rennes, Nantes, Caen, Le Mans et dans d’autres villes, donne l’opportunité aux candidats de rencontrer une cinquantaine d’entreprises et centres de formation de la région. Cela regroupe de nombreux secteurs comme le commerce, la distribution, la logistique, l’assurance, l’informatique, la sécurité… Au total, ce sera plusieurs centaines de postes à pourvoir, tous contrats confondus : CDI, CDD, stage, alternance. Ce salon gratuit et ouvert à tous, se déroule de 10h à 17h et s’adresse aux demandeurs d’emploi, aux étudiants à la recherche d’un stage, aux jeunes diplômés en quête du premier job, mais aussi aux personnes en poste souhaitant compléter leur formation ou s’informer sur la reconversion professionnelle. Pour se préparer au mieux à ce salon de recrutement, il est indispensable de mettre à jour son CV ! Toutes les informations sont en ligne sur le site internet de l’événement : [https://24h-emploi-formation.com/bourges-2025#/](https://24h-emploi-formation.com/bourges-2025#/)
Lieu: Bourges, rue du champ de foire 18000 bourges
Date de début: 2025-09-11 10:00:00
Date de fin: 2025-09-11 17:00:00
Catégories: emploi, jobdating, stage, recrutement, alternance, apprentissage"
37935675,salon 24H Emploi Formation - Orléans 2025,"Le jeudi 27 février 2025, le Palais des Congrès – CO’Met d’Orléans accueille sa première édition du salon des « 24 Heures pour l’Emploi et la Formation ».","Le jeudi 27 février 2025, le Palais des Congrès – CO’Met d’Orléans accueille sa première édition du salon des « 24 Heures pour l’Emploi et la Formation ». Cet événement, organisé par L4M et déjà existant à Tours, Blois, Rouen, Rennes, Nantes, Caen, Le Mans et dans d’autres villes, donne l’opportunité aux candidats de rencontrer une cinquantaine d’entreprises et centres de formation de la région. Cela regroupe de nombreux secteurs comme le commerce, la distribution, la logistique, l’assurance, l’informatique, la sécurité… Au total, ce sera plusieurs centaines de postes à pourvoir, tous contrats confondus : CDI, CDD, stage, alternance. Ce salon gratuit et ouvert à tous, se déroule de 10h à 17h et s’adresse aux demandeurs d’emploi, aux étudiants à la recherche d’un stage, aux jeunes diplômés en quête du premier job, mais aussi aux personnes en poste souhaitant compléter leur formation ou s’informer sur la reconversion professionnelle. Pour se préparer au mieux à ce salon de recrutement, il est indispensable de mettre à jour son CV ! Toutes les informations sont en ligne sur le site internet de l’événement : [https://24h-emploi-formation.com/orleans-2025#/](https://24h-emploi-formation.com/orleans-2025#/)",Orléans,1 rue du président Robert Schuman - 45000 orléans,Centre-Val de Loire,2025-02-27 10:00:00,2025-02-27 17:00:00,"emploi, recrutement, jobdating, formation, alternance, stage",https://openagenda.com/organisateurl4m/events/salon-24h-emploi-formation-orleans-2025,"Titre: salon 24H Emploi Formation - Orléans 2025
Description: Le jeudi 27 février 2025, le Palais des Congrès – CO’Met d’Orléans accueille sa première édition du salon des « 24 Heures pour l’Emploi et la Formation ».
Détails: Le jeudi 27 février 2025, le Palais des Congrès – CO’Met d’Orléans accueille sa première édition du salon des « 24 Heures pour l’Emploi et la Formation ». Cet événement, organisé par L4M et déjà existant à Tours, Blois, Rouen, Rennes, Nantes, Caen, Le Mans et dans d’autres villes, donne l’opportunité aux candidats de rencontrer une cinquantaine d’entreprises et centres de formation de la région. Cela regroupe de nombreux secteurs comme le commerce, la distribution, la logistique, l’assurance, l’informatique, la sécurité… Au total, ce sera plusieurs centaines de postes à pourvoir, tous contrats confondus : CDI, CDD, stage, alternance. Ce salon gratuit et ouvert à tous, se déroule de 10h à 17h et s’adresse aux demandeurs d’emploi, aux étudiants à la recherche d’un stage, aux jeunes diplômés en quête du premier job, mais aussi aux personnes en poste souhaitant compléter leur formation ou s’informer sur la reconversion professionnelle. Pour se préparer au mieux à ce salon de recrutement, il est indispensable de mettre à jour son CV ! Toutes les informations sont en ligne sur le site internet de l’événement : [https://24h-emploi-formation.com/orleans-2025#/](https://24h-emploi-formation.com/orleans-2025#/)
Lieu: Orléans, 1 rue du président Robert Schuman - 45000 orléans
Date de début: 2025-02-27 10:00:00
Date de fin: 2025-02-27 17:00:00
Catégories: emploi, recrutement, jobdating, formation, alternance, stage"
83486936,Visites estivales au musée et fonds patrimonial,Visite guidée combinée entre le musée et le fonds patrimonial,,Semur-en-Auxois,3 rue JEan-Jacques Collenot 21140 Semur-en-Auxois,Bourgogne-Franche-Comté,2026-07-08 10:30:00,2026-08-26 12:00:00,"visite, guidée, musée, fonds patrimonial",https://openagenda.com/visites-estivales-du-musee-et-du-fonds-patrimonial/events/visites-estivales-au-musee-et-fonds-patrimonial,"Titre: Visites estivales au musée et fonds patrimonial
Description: Visite guidée combinée entre le musée et le fonds patrimonial
Lieu: Semur-en-Auxois, 3 rue JEan-Jacques Collenot 21140 Semur-en-Auxois
Date de début: 2026-07-08 10:30:00
Date de fin: 2026-08-26 12:00:00
Catégories: visite, guidée, musée, fonds patrimonial"
10228122,Inspiration Pan de bois,"Après une visite de l'accrochage ""Inspiration pan de bois"", suivez en famille (3-12 ans) un atelier autour du pan de bois.",,Orbec,107 rue Grande 14290 Orbec,Normandie,2026-07-15 10:00:00,2026-10-28 12:00:00,"pan de bois, famille, atelier, visite, patrimoine",https://openagenda.com/agglolisieuxnormandie/events/inspiration-pan-de-bois,"Titre: Inspiration Pan de bois
Description: Après une visite de l'accrochage ""Inspiration pan de bois"", suivez en famille (3-12 ans) un atelier autour du pan de bois.
Lieu: Orbec, 107 rue Grande 14290 Orbec
Date de début: 2026-07-15 10:00:00
Date de fin: 2026-10-28 12:00:00
Catégories: pan de bois, famille, atelier, visite, patrimoine"
93159291,Musée du Vieux Manoir d'Orbec,"Musée singulier aux collections plurielles, le Musée du Vieux Manoir d'Orbec vous invite à découvrir son accrochage ""Inspiration pan de bois"".","En raison des fortes chaleurs les horaires évoluent : Vigilance orange ouverture de 8h à 14h Vigilance rouge ouverture de 8h à 12h Merci de compréhension et restez prudents face à ces fortes chaleurs ! Musée singulier aux collections plurielles, le Musée du Vieux Manoir d'Orbec vous invite à découvrir son accrochage ""Inspiration pan de bois"". Architecture emblématique du Pays d'Auge, la maison à pan de bois concentre l'image même de la Normandie. Puissant marqueur patrimonial, le pan de bois est aussi un motif qui a inspiré les artistes qui nous montrent des paysages habités autant pittoresques que romantiques.",Orbec,107 rue Grande 14290 Orbec,Normandie,2026-05-02 14:00:00,2026-09-30 18:00:00,"visite, découverte, patrimoine",https://openagenda.com/agglolisieuxnormandie/events/musee-du-vieux-manoir-dorbec,"Titre: Musée du Vieux Manoir d'Orbec
Description: Musée singulier aux collections plurielles, le Musée du Vieux Manoir d'Orbec vous invite à découvrir son accrochage ""Inspiration pan de bois"".
Détails: En raison des fortes chaleurs les horaires évoluent : Vigilance orange ouverture de 8h à 14h Vigilance rouge ouverture de 8h à 12h Merci de compréhension et restez prudents face à ces fortes chaleurs ! Musée singulier aux collections plurielles, le Musée du Vieux Manoir d'Orbec vous invite à découvrir son accrochage ""Inspiration pan de bois"". Architecture emblématique du Pays d'Auge, la maison à pan de bois concentre l'image même de la Normandie. Puissant marqueur patrimonial, le pan de bois est aussi un motif qui a inspiré les artistes qui nous montrent des paysages habités autant pittoresques que romantiques.
Lieu: Orbec, 107 rue Grande 14290 Orbec
Date de début: 2026-05-02 14:00:00
Date de fin: 2026-09-30 18:00:00
Catégories: visite, découverte, patrimoine"
25644254,"Orbec, l’histoire à la carte !","Et si Orbec se découvrait autrement ? Cet été, laissez-vous guider à travers son patrimoine historique et architectural typique… mais avec une petite part d’imprévu !","Et si Orbec se découvrait autrement ? Cet été, laissez-vous guider à travers son patrimoine historique et architectural typique… mais avec une petite part d’imprévu !À chaque étape, le hasard nous soufflera un nouvel éclairage : anecdote savoureuse, personnage oublié, mot d’autrefois, clin d’œil gourmand ou secret d’architecture. Une visite vivante et chaleureuse, pour apprendre, s’amuser et partager un joli moment au cœur de cette charmante “ Petites Cités de Caractère® “",Orbec,107 rue Grande 14290 Orbec,Normandie,2026-07-17 17:30:00,2026-07-17 19:00:00,,https://openagenda.com/orbec/events/orbec-lhistoire-a-la-carte,"Titre: Orbec, l’histoire à la carte !
Description: Et si Orbec se découvrait autrement ? Cet été, laissez-vous guider à travers son patrimoine historique et architectural typique… mais avec une petite part d’imprévu !
Détails: Et si Orbec se découvrait autrement ? Cet été, laissez-vous guider à travers son patrimoine historique et architectural typique… mais avec une petite part d’imprévu !À chaque étape, le hasard nous soufflera un nouvel éclairage : anecdote savoureuse, personnage oublié, mot d’autrefois, clin d’œil gourmand ou secret d’architecture. Une visite vivante et chaleureuse, pour apprendre, s’amuser et partager un joli moment au cœur de cette charmante “ Petites Cités de Caractère® “
Lieu: Orbec, 107 rue Grande 14290 Orbec
Date de début: 2026-07-17 17:30:00
Date de fin: 2026-07-17 19:00:00"
70867280,Atelier artistes en herbe,"Des pochoirs, de l'encre, un support : viens découvrir la sérigraphie Katagami",,Orbec,9 rue Charles Jobey 14290 Orbec,Normandie,2026-07-28 10:00:00,2026-07-28 12:00:00,,https://openagenda.com/pole-lecture-publique-caln/events/atelier-artistes-en-herbe-3294748,"Titre: Atelier artistes en herbe
Description: Des pochoirs, de l'encre, un support : viens découvrir la sérigraphie Katagami
Lieu: Orbec, 9 rue Charles Jobey 14290 Orbec
Date de début: 2026-07-28 10:00:00
Date de fin: 2026-07-28 12:00:00"
502705,Atelier artistes en herbe,Viens découvrir la gravure sur une plaque de lino et imprimer ta création.,,Orbec,9 rue Charles Jobey 14290 Orbec,Normandie,2026-07-29 10:00:00,2026-07-29 12:00:00,,https://openagenda.com/pole-lecture-publique-caln/events/atelier-artistes-en-herbe-4847137,"Titre: Atelier artistes en herbe
Description: Viens découvrir la gravure sur une plaque de lino et imprimer ta création.
Lieu: Orbec, 9 rue Charles Jobey 14290 Orbec
Date de début: 2026-07-29 10:00:00
Date de fin: 2026-07-29 12:00:00"
11743862,Suivez le guide !,"Architecture emblématique du Pays d'Auge, le pan de bois concentre l'image même de la région. Il inspire les artistes qui nous montrent des paysages autant pittoresques que romantiques.",,Orbec,107 rue Grande 14290 Orbec,Normandie,2026-05-03 15:00:00,2026-09-06 16:00:00,"pas de bois, visite",https://openagenda.com/agglolisieuxnormandie/events/suivez-le-guide-9264890,"Titre: Suivez le guide !
Description: Architecture emblématique du Pays d'Auge, le pan de bois concentre l'image même de la région. Il inspire les artistes qui nous montrent des paysages autant pittoresques que romantiques.
Lieu: Orbec, 107 rue Grande 14290 Orbec
Date de début: 2026-05-03 15:00:00
Date de fin: 2026-09-06 16:00:00
Catégories: pas de bois, visite"
45994935,Atelier numérique,"Rejoignez notre atelier pour découvrir les ressources en ligne proposées par la boite numérique (presses, films...)",,Orbec,9 rue Charles Jobey 14290 Orbec,Normandie,2026-08-04 14:00:00,2026-08-04 16:00:00,,https://openagenda.com/pole-lecture-publique-caln/events/atelier-numerique-8612937,"Titre: Atelier numérique
Description: Rejoignez notre atelier pour découvrir les ressources en ligne proposées par la boite numérique (presses, films...)
Lieu: Orbec, 9 rue Charles Jobey 14290 Orbec
Date de début: 2026-08-04 14:00:00
Date de fin: 2026-08-04 16:00:00"
97739172,Atelier créatif,Rejoignez notre atelier créatif pour enfants pour fabriquer un attrape-soleil,,Orbec,9 rue Charles Jobey 14290 Orbec,Normandie,2026-08-05 10:30:00,2026-08-05 12:00:00,,https://openagenda.com/pole-lecture-publique-caln/events/atelier-creatif-2132109,"Titre: Atelier créatif
Description: Rejoignez notre atelier créatif pour enfants pour fabriquer un attrape-soleil
Lieu: Orbec, 9 rue Charles Jobey 14290 Orbec
Date de début: 2026-08-05 10:30:00
Date de fin: 2026-08-05 12:00:00"
33848546,"Orbec, l’histoire à la carte !","Et si Orbec se découvrait autrement ? Cet été, laissez-vous guider à travers son patrimoine historique et architectural typique… mais avec une petite part d’imprévu !","Et si Orbec se découvrait autrement ? Cet été, laissez-vous guider à travers son patrimoine historique et architectural typique… mais avec une petite part d’imprévu !À chaque étape, le hasard nous soufflera un nouvel éclairage : anecdote savoureuse, personnage oublié, mot d’autrefois, clin d’œil gourmand ou secret d’architecture. Une visite vivante et chaleureuse, pour apprendre, s’amuser et partager un joli moment au cœur de cette charmante “ Petites Cités de Caractère® “",Orbec,107 rue Grande 14290 Orbec,Normandie,2026-08-07 17:30:00,2026-08-07 19:00:00,,https://openagenda.com/orbec/events/orbec-lhistoire-a-la-carte-3801717,"Titre: Orbec, l’histoire à la carte !
Description: Et si Orbec se découvrait autrement ? Cet été, laissez-vous guider à travers son patrimoine historique et architectural typique… mais avec une petite part d’imprévu !
Détails: Et si Orbec se découvrait autrement ? Cet été, laissez-vous guider à travers son patrimoine historique et architectural typique… mais avec une petite part d’imprévu !À chaque étape, le hasard nous soufflera un nouvel éclairage : anecdote savoureuse, personnage oublié, mot d’autrefois, clin d’œil gourmand ou secret d’architecture. Une visite vivante et chaleureuse, pour apprendre, s’amuser et partager un joli moment au cœur de cette charmante “ Petites Cités de Caractère® “
Lieu: Orbec, 107 rue Grande 14290 Orbec
Date de début: 2026-08-07 17:30:00
Date de fin: 2026-08-07 19:00:00"
72124716,Spéciale enfants : Déguise-toi et deviens le héros de l’histoire d’Orbec !,"Aujourd’hui, l’histoire d’Orbec ne se raconte pas… elle se joue ! Costumés en personnages d’autrefois les enfants deviennent les acteurs de la visite.",".Aujourd’hui, l’histoire d’Orbec ne se raconte pas… elle se joue ! Costumés en personnages d’autrefois — viking, dame du Moyen Âge, meunier, tanneur ou peut-être homme d’affaires du XIXe siècle — les enfants deviennent les acteurs de la visite. Au fil des venelles de cette charmante “ Petites Cités de Caractère®”, ils font revivre les grandes étapes de l’histoire locale. Une approche insolite en famille pour apprendre autrement et découvrir Orbec en s’amusant. RDV Place de la mairie d’Orbec - 14h30 - Idéal pour les 7 à 12 ans –Sur inscription obligatoire et un accompagnateur obligatoire par enfant.",Orbec,107 rue Grande 14290 Orbec,Normandie,2026-08-11 10:30:00,2026-08-11 12:15:00,,https://openagenda.com/orbec/events/speciale-enfants-deguise-toi-et-deviens-le-heros-de-lhistoire-dorbec-8961198,"Titre: Spéciale enfants : Déguise-toi et deviens le héros de l’histoire d’Orbec !
Description: Aujourd’hui, l’histoire d’Orbec ne se raconte pas… elle se joue ! Costumés en personnages d’autrefois les enfants deviennent les acteurs de la visite.
Détails: .Aujourd’hui, l’histoire d’Orbec ne se raconte pas… elle se joue ! Costumés en personnages d’autrefois — viking, dame du Moyen Âge, meunier, tanneur ou peut-être homme d’affaires du XIXe siècle — les enfants deviennent les acteurs de la visite. Au fil des venelles de cette charmante “ Petites Cités de Caractère®”, ils font revivre les grandes étapes de l’histoire locale. Une approche insolite en famille pour apprendre autrement et découvrir Orbec en s’amusant. RDV Place de la mairie d’Orbec - 14h30 - Idéal pour les 7 à 12 ans –Sur inscription obligatoire et un accompagnateur obligatoire par enfant.
Lieu: Orbec, 107 rue Grande 14290 Orbec
Date de début: 2026-08-11 10:30:00
Date de fin: 2026-08-11 12:15:00"
6834991,Atelier numérique,Rejoignez notre atelier informatique pour faire votre propre musique avec l'IA,,Orbec,9 rue Charles Jobey 14290 Orbec,Normandie,2026-08-11 14:00:00,2026-08-11 16:00:00,,https://openagenda.com/pole-lecture-publique-caln/events/atelier-numerique-4421206,"Titre: Atelier numérique
Description: Rejoignez notre atelier informatique pour faire votre propre musique avec l'IA
Lieu: Orbec, 9 rue Charles Jobey 14290 Orbec
Date de début: 2026-08-11 14:00:00
Date de fin: 2026-08-11 16:00:00"
45601690,Atelier créatif,Rejoignez notre atelier créatif pour enfant pour construire un mini cervolant,,Orbec,9 rue Charles Jobey 14290 Orbec,Normandie,2026-08-12 10:30:00,2026-08-12 12:00:00,,https://openagenda.com/pole-lecture-publique-caln/events/atelier-creatif-4568344,"Titre: Atelier créatif
Description: Rejoignez notre atelier créatif pour enfant pour construire un mini cervolant
Lieu: Orbec, 9 rue Charles Jobey 14290 Orbec
Date de début: 2026-08-12 10:30:00
Date de fin: 2026-08-12 12:00:00"
6676402,"Orbec, l’histoire à la carte !","Et si Orbec se découvrait autrement ? Cet été, laissez-vous guider à travers son patrimoine historique et architectural typique… mais avec une petite part d’imprévu !","Et si Orbec se découvrait autrement ? Cet été, laissez-vous guider à travers son patrimoine historique et architectural typique… mais avec une petite part d’imprévu !À chaque étape, le hasard nous soufflera un nouvel éclairage : anecdote savoureuse, personnage oublié, mot d’autrefois, clin d’œil gourmand ou secret d’architecture. Une visite vivante et chaleureuse, pour apprendre, s’amuser et partager un joli moment au cœur de cette charmante “ Petites Cités de Caractère® “",Orbec,107 rue Grande 14290 Orbec,Normandie,2026-08-14 17:30:00,2026-08-14 19:00:00,,https://openagenda.com/orbec/events/orbec-lhistoire-a-la-carte-4649373,"Titre: Orbec, l’histoire à la carte !
Description: Et si Orbec se découvrait autrement ? Cet été, laissez-vous guider à travers son patrimoine historique et architectural typique… mais avec une petite part d’imprévu !
Détails: Et si Orbec se découvrait autrement ? Cet été, laissez-vous guider à travers son patrimoine historique et architectural typique… mais avec une petite part d’imprévu !À chaque étape, le hasard nous soufflera un nouvel éclairage : anecdote savoureuse, personnage oublié, mot d’autrefois, clin d’œil gourmand ou secret d’architecture. Une visite vivante et chaleureuse, pour apprendre, s’amuser et partager un joli moment au cœur de cette charmante “ Petites Cités de Caractère® “
Lieu: Orbec, 107 rue Grande 14290 Orbec
Date de début: 2026-08-14 17:30:00
Date de fin: 2026-08-14 19:00:00"
19590785,Atelier numérique,Rejoignez notre atelier informatique pour ranger vos photos sur smartphones,,Orbec,9 rue Charles Jobey 14290 Orbec,Normandie,2026-08-18 14:00:00,2026-08-18 16:00:00,,https://openagenda.com/pole-lecture-publique-caln/events/atelier-numerique-3223726,"Titre: Atelier numérique
Description: Rejoignez notre atelier informatique pour ranger vos photos sur smartphones
Lieu: Orbec, 9 rue Charles Jobey 14290 Orbec
Date de début: 2026-08-18 14:00:00
Date de fin: 2026-08-18 16:00:00"
79175734,Atelier créatif,"Rejoignez notre atelier créatif pour enfant, pour fabriquer un papillon avec des rouleaux de papiers",,Orbec,9 rue Charles Jobey 14290 Orbec,Normandie,2026-08-19 10:30:00,2026-08-19 12:00:00,,https://openagenda.com/pole-lecture-publique-caln/events/atelier-creatif-5462013,"Titre: Atelier créatif
Description: Rejoignez notre atelier créatif pour enfant, pour fabriquer un papillon avec des rouleaux de papiers
Lieu: Orbec, 9 rue Charles Jobey 14290 Orbec
Date de début: 2026-08-19 10:30:00
Date de fin: 2026-08-19 12:00:00"
32388771,"Orbec, l’histoire à la carte !","Et si Orbec se découvrait autrement ? Cet été, laissez-vous guider à travers son patrimoine historique et architectural typique… mais avec une petite part d’imprévu !","Et si Orbec se découvrait autrement ? Cet été, laissez-vous guider à travers son patrimoine historique et architectural typique… mais avec une petite part d’imprévu !À chaque étape, le hasard nous soufflera un nouvel éclairage : anecdote savoureuse, personnage oublié, mot d’autrefois, clin d’œil gourmand ou secret d’architecture. Une visite vivante et chaleureuse, pour apprendre, s’amuser et partager un joli moment au cœur de cette charmante “ Petites Cités de Caractère® “",Orbec,107 rue Grande 14290 Orbec,Normandie,2026-08-21 17:30:00,2026-08-21 18:00:00,,https://openagenda.com/orbec/events/orbec-lhistoire-a-la-carte-5521504,"Titre: Orbec, l’histoire à la carte !
Description: Et si Orbec se découvrait autrement ? Cet été, laissez-vous guider à travers son patrimoine historique et architectural typique… mais avec une petite part d’imprévu !
Détails: Et si Orbec se découvrait autrement ? Cet été, laissez-vous guider à travers son patrimoine historique et architectural typique… mais avec une petite part d’imprévu !À chaque étape, le hasard nous soufflera un nouvel éclairage : anecdote savoureuse, personnage oublié, mot d’autrefois, clin d’œil gourmand ou secret d’architecture. Une visite vivante et chaleureuse, pour apprendre, s’amuser et partager un joli moment au cœur de cette charmante “ Petites Cités de Caractère® “
Lieu: Orbec, 107 rue Grande 14290 Orbec
Date de début: 2026-08-21 17:30:00
Date de fin: 2026-08-21 18:00:00"
21276305,BOUCHE BÉE,Une expérience vocale et sensorielle immersive à vivre de tout son corps.,"Six interprètes vous entraînent dans une expérience musicale immersive où les voix, les corps et les regards deviennent langage. Dans _Bouche Bée_, chants polyphoniques, percussions corporelles, mouvements chorégraphiés et chansigne composent une traversée sensorielle qui brouille joyeusement les frontières entre entendre, voir et ressentir. Au cœur du public, les artistes font dialoguer les univers d’Astor Piazzolla, Anne Sylvestre, Simon & Garfunkel ou encore Clara Ysé dans un répertoire a cappella foisonnant et vibrant. Dans une configuration mouvante et participative, le public est invité à se déplacer, à suivre les sons, à éprouver les vibrations et à vivre le spectacle autrement. Une parenthèse poétique et inclusive qui éveille les sens et célèbre la puissance du collectif.",Orbec,4 Place Joffre 14290 ORBEC,Normandie,2027-02-17 19:00:00,2027-02-17 20:00:00,"Théâtre Lisieux Normandie, Chant a cappella, Cie Répète un peu pour voir, Les Promenades musicales du Pays d'Auge",https://openagenda.com/pole-spectacle-vivant-communaute-caln/events/bouche-bee-8546783,"Titre: BOUCHE BÉE
Description: Une expérience vocale et sensorielle immersive à vivre de tout son corps.
Détails: Six interprètes vous entraînent dans une expérience musicale immersive où les voix, les corps et les regards deviennent langage. Dans _Bouche Bée_, chants polyphoniques, percussions corporelles, mouvements chorégraphiés et chansigne composent une traversée sensorielle qui brouille joyeusement les frontières entre entendre, voir et ressentir. Au cœur du public, les artistes font dialoguer les univers d’Astor Piazzolla, Anne Sylvestre, Simon & Garfunkel ou encore Clara Ysé dans un répertoire a cappella foisonnant et vibrant. Dans une configuration mouvante et participative, le public est invité à se déplacer, à suivre les sons, à éprouver les vibrations et à vivre le spectacle autrement. Une parenthèse poétique et inclusive qui éveille les sens et célèbre la puissance du collectif.
Lieu: Orbec, 4 Place Joffre 14290 ORBEC
Date de début: 2027-02-17 19:00:00
Date de fin: 2027-02-17 20:00:00
Catégories: Théâtre Lisieux Normandie, Chant a cappella, Cie Répète un peu pour voir, Les Promenades musicales du Pays d'Auge"
83471382,REPORTEE en raison de la chaleur !Spéciale enfants : Déguise-toi et deviens le héros de l’histoire d’Orbec !,"REPORTEE en raison de la chaleur ! Aujourd’hui, l’histoire d’Orbec ne se raconte pas… elle se joue ! Costumés en personnages d’autrefois les enfants deviennent les acteurs de la visite.","REPORTEE en raison de la chaleur ! NOUVELLE DATE LE MARDI 11 AOUT à 10h30.Aujourd’hui, l’histoire d’Orbec ne se raconte pas… elle se joue ! Costumés en personnages d’autrefois — viking, dame du Moyen Âge, meunier, tanneur ou peut-être homme d’affaires du XIXe siècle — les enfants deviennent les acteurs de la visite. Au fil des venelles de cette charmante “ Petites Cités de Caractère®”, ils font revivre les grandes étapes de l’histoire locale. Une approche insolite en famille pour apprendre autrement et découvrir Orbec en s’amusant. RDV Place de la mairie d’Orbec - 14h30 - Idéal pour les 7 à 12 ans –Sur inscription obligatoire et un accompagnateur obligatoire par enfant.",Orbec,107 rue Grande 14290 Orbec,Normandie,2026-07-10 14:30:00,2026-07-10 17:00:00,,https://openagenda.com/orbec/events/speciale-enfants-deguise-toi-et-deviens-le-heros-de-lhistoire-dorbec,"Titre: REPORTEE en raison de la chaleur !Spéciale enfants : Déguise-toi et deviens le héros de l’histoire d’Orbec !
Description: REPORTEE en raison de la chaleur ! Aujourd’hui, l’histoire d’Orbec ne se raconte pas… elle se joue ! Costumés en personnages d’autrefois les enfants deviennent les acteurs de la visite.
Détails: REPORTEE en raison de la chaleur ! NOUVELLE DATE LE MARDI 11 AOUT à 10h30.Aujourd’hui, l’histoire d’Orbec ne se raconte pas… elle se joue ! Costumés en personnages d’autrefois — viking, dame du Moyen Âge, meunier, tanneur ou peut-être homme d’affaires du XIXe siècle — les enfants deviennent les acteurs de la visite. Au fil des venelles de cette charmante “ Petites Cités de Caractère®”, ils font revivre les grandes étapes de l’histoire locale. Une approche insolite en famille pour apprendre autrement et découvrir Orbec en s’amusant. RDV Place de la mairie d’Orbec - 14h30 - Idéal pour les 7 à 12 ans –Sur inscription obligatoire et un accompagnateur obligatoire par enfant.
Lieu: Orbec, 107 rue Grande 14290 Orbec
Date de début: 2026-07-10 14:30:00
Date de fin: 2026-07-10 17:00:00"
59972465,Atelier : dessine ton musée de nuit !,"A partir de 19h jusqu'à 22h30, venez vous découvrir le musée du Vieux Manoir d’Orbec de nuit ! A l'occasion de la Nuit Européenne des Musées, nous vous invitons à découvrir l’accrochage « Inspiration…","A partir de 19h jusqu'à 22h30, venez vous découvrir le musée du Vieux Manoir d’Orbec de nuit ! A l'occasion de la Nuit Européenne des Musées, nous vous invitons à découvrir l’accrochage « Inspiration pan de bois » et les deux nouvelles salles autour de Raymond Bigot et Victorien Lottin de Laval. Et tout au long de la soirée, dessine ton musée de nuit ! Nous vous prêtons le matériel pour dessiner dans les salles du musée.",Orbec,"107 Rue Grande, 14290 Orbec, France",Normandie,2026-05-23 19:00:00,2026-05-23 22:30:00,,https://openagenda.com/ndm-2026-normandie/events/dessine-ton-musee-de-nuit,"Titre: Atelier : dessine ton musée de nuit !
Description: A partir de 19h jusqu'à 22h30, venez vous découvrir le musée du Vieux Manoir d’Orbec de nuit ! A l'occasion de la Nuit Européenne des Musées, nous vous invitons à découvrir l’accrochage « Inspiration…
Détails: A partir de 19h jusqu'à 22h30, venez vous découvrir le musée du Vieux Manoir d’Orbec de nuit ! A l'occasion de la Nuit Européenne des Musées, nous vous invitons à découvrir l’accrochage « Inspiration pan de bois » et les deux nouvelles salles autour de Raymond Bigot et Victorien Lottin de Laval. Et tout au long de la soirée, dessine ton musée de nuit ! Nous vous prêtons le matériel pour dessiner dans les salles du musée.
Lieu: Orbec, 107 Rue Grande, 14290 Orbec, France
Date de début: 2026-05-23 19:00:00
Date de fin: 2026-05-23 22:30:00"
40192358,Visite guidée flash Bigot,"A partir de 19h jusqu'à 22h30, venez vous découvrir le musée du Vieux Manoir d’Orbec de nuit ! A l'occasion de la Nuit Européenne des Musées, nous vous invitons à découvrir l’accrochage « Inspiration…","A partir de 19h jusqu'à 22h30, venez vous découvrir le musée du Vieux Manoir d’Orbec de nuit ! A l'occasion de la Nuit Européenne des Musées, nous vous invitons à découvrir l’accrochage « Inspiration pan de bois » et les deux nouvelles salles autour de Raymond Bigot et Victorien Lottin de Laval.",Orbec,"107 Rue Grande, 14290 Orbec, France",Normandie,2026-05-23 20:00:00,2026-05-23 21:50:00,,https://openagenda.com/ndm-2026-normandie/events/visite-flash-bigot,"Titre: Visite guidée flash Bigot
Description: A partir de 19h jusqu'à 22h30, venez vous découvrir le musée du Vieux Manoir d’Orbec de nuit ! A l'occasion de la Nuit Européenne des Musées, nous vous invitons à découvrir l’accrochage « Inspiration…
Détails: A partir de 19h jusqu'à 22h30, venez vous découvrir le musée du Vieux Manoir d’Orbec de nuit ! A l'occasion de la Nuit Européenne des Musées, nous vous invitons à découvrir l’accrochage « Inspiration pan de bois » et les deux nouvelles salles autour de Raymond Bigot et Victorien Lottin de Laval.
Lieu: Orbec, 107 Rue Grande, 14290 Orbec, France
Date de début: 2026-05-23 20:00:00
Date de fin: 2026-05-23 21:50:00"
44538119,Visite guidée flash Lottin,"A partir de 19h jusqu'à 22h30, venez vous découvrir le musée du Vieux Manoir d’Orbec de nuit ! A l'occasion de la Nuit Européenne des Musées, nous vous invitons à découvrir l’accrochage « Inspiration…","A partir de 19h jusqu'à 22h30, venez vous découvrir le musée du Vieux Manoir d’Orbec de nuit ! A l'occasion de la Nuit Européenne des Musées, nous vous invitons à découvrir l’accrochage « Inspiration pan de bois » et les deux nouvelles salles autour de Raymond Bigot et Victorien Lottin de Laval.",Orbec,"107 Rue Grande, 14290 Orbec, France",Normandie,2026-05-23 19:30:00,2026-05-23 21:20:00,,https://openagenda.com/ndm-2026-normandie/events/visite-flash-lottin,"Titre: Visite guidée flash Lottin
Description: A partir de 19h jusqu'à 22h30, venez vous découvrir le musée du Vieux Manoir d’Orbec de nuit ! A l'occasion de la Nuit Européenne des Musées, nous vous invitons à découvrir l’accrochage « Inspiration…
Détails: A partir de 19h jusqu'à 22h30, venez vous découvrir le musée du Vieux Manoir d’Orbec de nuit ! A l'occasion de la Nuit Européenne des Musées, nous vous invitons à découvrir l’accrochage « Inspiration pan de bois » et les deux nouvelles salles autour de Raymond Bigot et Victorien Lottin de Laval.
Lieu: Orbec, 107 Rue Grande, 14290 Orbec, France
Date de début: 2026-05-23 19:30:00
Date de fin: 2026-05-23 21:20:00"
36967009,Visite guidée flash sur le pan de bois,"A partir de 19h jusqu'à 22h30, venez vous découvrir le musée du Vieux Manoir d’Orbec de nuit ! A l'occasion de la Nuit Européenne des Musées, nous vous invitons à découvrir l’accrochage « Inspiration…","A partir de 19h jusqu'à 22h30, venez vous découvrir le musée du Vieux Manoir d’Orbec de nuit ! A l'occasion de la Nuit Européenne des Musées, nous vous invitons à découvrir l’accrochage « Inspiration pan de bois » et les deux nouvelles salles autour de Raymond Bigot et Victorien Lottin de Laval.",Orbec,"107 Rue Grande, 14290 Orbec, France",Normandie,2026-05-23 19:00:00,2026-05-23 20:50:00,,https://openagenda.com/ndm-2026-normandie/events/visite-flash-sur-le-pan-de-bois,"Titre: Visite guidée flash sur le pan de bois
Description: A partir de 19h jusqu'à 22h30, venez vous découvrir le musée du Vieux Manoir d’Orbec de nuit ! A l'occasion de la Nuit Européenne des Musées, nous vous invitons à découvrir l’accrochage « Inspiration…
Détails: A partir de 19h jusqu'à 22h30, venez vous découvrir le musée du Vieux Manoir d’Orbec de nuit ! A l'occasion de la Nuit Européenne des Musées, nous vous invitons à découvrir l’accrochage « Inspiration pan de bois » et les deux nouvelles salles autour de Raymond Bigot et Victorien Lottin de Laval.
Lieu: Orbec, 107 Rue Grande, 14290 Orbec, France
Date de début: 2026-05-23 19:00:00
Date de fin: 2026-05-23 20:50:00"
27679440,"Exposition ""bien dans leur genre""","exposition qui sensibilise les enfants mais également les adultes, à la question de l'égalité entre les filles et les garcons.",,Orbec,9 rue Charles Jobey 14290 Orbec,Normandie,2026-03-04 10:00:00,2026-03-28 12:00:00,,https://openagenda.com/pole-lecture-publique-caln/events/exposition-bien-dans-leur-genre-7969697,"Titre: Exposition ""bien dans leur genre""
Description: exposition qui sensibilise les enfants mais également les adultes, à la question de l'égalité entre les filles et les garcons.
Lieu: Orbec, 9 rue Charles Jobey 14290 Orbec
Date de début: 2026-03-04 10:00:00
Date de fin: 2026-03-28 12:00:00"
1621608,Atelier créatif,Viens dessiner des pois comme l'artiste Yayoi Kusama,,Orbec,9 rue Charles Jobey 14290 Orbec,Normandie,2026-03-18 10:30:00,2026-03-18 12:00:00,,https://openagenda.com/pole-lecture-publique-caln/events/atelier-creatif-3052830,"Titre: Atelier créatif
Description: Viens dessiner des pois comme l'artiste Yayoi Kusama
Lieu: Orbec, 9 rue Charles Jobey 14290 Orbec
Date de début: 2026-03-18 10:30:00
Date de fin: 2026-03-18 12:00:00"
95761688,Atelier créatif,Viens fleurir les cheveux de ton portrait comme Frida Khalo,,Orbec,9 rue Charles Jobey 14290 Orbec,Normandie,2026-03-11 10:30:00,2026-03-11 12:00:00,,https://openagenda.com/pole-lecture-publique-caln/events/atelier-creatif-8576784,"Titre: Atelier créatif
Description: Viens fleurir les cheveux de ton portrait comme Frida Khalo
Lieu: Orbec, 9 rue Charles Jobey 14290 Orbec
Date de début: 2026-03-11 10:30:00
Date de fin: 2026-03-11 12:00:00"
68225583,Exposition peintures,"L’association « À Vos Pinceaux » vous invite à l’exposition de ses peintures, aquarelles et dessins.",,Bessenay,"Impasse de la Poste, 69690 Bessenay",Auvergne-Rhône-Alpes,2026-06-04 10:00:00,2026-07-15 17:30:00,,https://openagenda.com/agenda-de-la-commune-de-bessenay/events/culture-4249578,"Titre: Exposition peintures
Description: L’association « À Vos Pinceaux » vous invite à l’exposition de ses peintures, aquarelles et dessins.
Lieu: Bessenay, Impasse de la Poste, 69690 Bessenay
Date de début: 2026-06-04 10:00:00
Date de fin: 2026-07-15 17:30:00"
69130954,Vogue de Bessenay,"Pendant quatre jours, Bessenay vivra au rythme de sa traditionnelle vogue !","Manèges, bals, concours, animations et convivialité seront au rendez-vous pour petits et grands. Au programme : Bal des vogueurs (vendredi et samedi soir) Buvette des classes en 7 Concours de pétanque Concours interclasses de boule lyonnaise 🎠 Manèges et attractions pendant toute la durée de la vogue. Venez partager un moment festif en famille ou entre amis et perpétuer une tradition qui rassemble les générations au cœur de Bessenay !",Bessenay,"Place du Marché, 69690 Bessenay",Auvergne-Rhône-Alpes,2026-08-28 18:00:00,2026-08-31 19:00:00,,https://openagenda.com/agenda-de-la-commune-de-bessenay/events/vogue-de-bessenay-2026,"Titre: Vogue de Bessenay
Description: Pendant quatre jours, Bessenay vivra au rythme de sa traditionnelle vogue !
Détails: Manèges, bals, concours, animations et convivialité seront au rendez-vous pour petits et grands. Au programme : Bal des vogueurs (vendredi et samedi soir) Buvette des classes en 7 Concours de pétanque Concours interclasses de boule lyonnaise 🎠 Manèges et attractions pendant toute la durée de la vogue. Venez partager un moment festif en famille ou entre amis et perpétuer une tradition qui rassemble les générations au cœur de Bessenay !
Lieu: Bessenay, Place du Marché, 69690 Bessenay
Date de début: 2026-08-28 18:00:00
Date de fin: 2026-08-31 19:00:00"
4057300,Repas de la Vogue,Les classes en 7 vous invitent ! À participer... :),"**Dans le cadre de la Vogue de Bessenay 2026**, les classes en 7 vous donnent rendez-vous le vendredi 28 août à partir de 19h, sur la place du village, pour partager un moment convivial autour d'un jambon à la broche accompagné de son gratin dauphinois. Au menu : plat, fromage et dessert, dans une ambiance festive avec buvette et bal tout au long de la soirée. Les inscriptions sont ouvertes jusqu'au 25 août via le QR Code figurant sur l'affiche, par courriel ou par téléphone auprès des organisateurs. Et pour prolonger la fête, une buvette et un bal vous attendent également le samedi soir. **Venez nombreux lancer ensemble les festivités de la Vogue 2026 !**",Bessenay,"Place du Marché, 69690 Bessenay",Auvergne-Rhône-Alpes,2026-08-28 19:00:00,2026-08-30 01:00:00,,https://openagenda.com/agenda-de-la-commune-de-bessenay/events/buvette-sur-place,"Titre: Repas de la Vogue
Description: Les classes en 7 vous invitent ! À participer... :)
Détails: **Dans le cadre de la Vogue de Bessenay 2026**, les classes en 7 vous donnent rendez-vous le vendredi 28 août à partir de 19h, sur la place du village, pour partager un moment convivial autour d'un jambon à la broche accompagné de son gratin dauphinois. Au menu : plat, fromage et dessert, dans une ambiance festive avec buvette et bal tout au long de la soirée. Les inscriptions sont ouvertes jusqu'au 25 août via le QR Code figurant sur l'affiche, par courriel ou par téléphone auprès des organisateurs. Et pour prolonger la fête, une buvette et un bal vous attendent également le samedi soir. **Venez nombreux lancer ensemble les festivités de la Vogue 2026 !**
Lieu: Bessenay, Place du Marché, 69690 Bessenay
Date de début: 2026-08-28 19:00:00
Date de fin: 2026-08-30 01:00:00"
7707509,Marché de Noël,"🎄 Le Marché de Noël de Bessenay réunit artisans, créateurs et producteurs locaux dans une ambiance conviviale. Idées cadeaux, gourmandises, animations et magie de Noël pour toute la famille !","Le Noyau 2 Bessenay, l'association des commerçants et artisans du village, vous donne rendez-vous le dimanche 22 novembre 2026 à la Salle Jean Guilloud pour une nouvelle édition de son Marché de Noël. Tout au long de la journée, venez découvrir une sélection d'artisans, créateurs et producteurs locaux, soigneusement choisis pour la qualité de leur savoir-faire et l'originalité de leurs créations. Vous y trouverez de nombreuses idées cadeaux, des décorations, des produits gourmands et des créations artisanales, le tout dans une ambiance chaleureuse et conviviale. Des animations, des démonstrations, la présence du Père Noël et une offre de restauration proposée par les commerçants de Bessenay viendront rythmer cette journée festive, pensée pour toute la famille. Notre ambition est de faire de ce marché un véritable moment de partage, de convivialité et de valorisation des talents locaux, tout en mettant à l'honneur l'esprit de Noël au cœur de notre village.",Bessenay,"25 Route de Bibost, 69690 Bessenay",Auvergne-Rhône-Alpes,2026-11-22 09:30:00,2026-11-22 19:00:00,,https://openagenda.com/agenda-de-la-commune-de-bessenay/events/marche-de-noel-9324308,"Titre: Marché de Noël
Description: 🎄 Le Marché de Noël de Bessenay réunit artisans, créateurs et producteurs locaux dans une ambiance conviviale. Idées cadeaux, gourmandises, animations et magie de Noël pour toute la famille !
Détails: Le Noyau 2 Bessenay, l'association des commerçants et artisans du village, vous donne rendez-vous le dimanche 22 novembre 2026 à la Salle Jean Guilloud pour une nouvelle édition de son Marché de Noël. Tout au long de la journée, venez découvrir une sélection d'artisans, créateurs et producteurs locaux, soigneusement choisis pour la qualité de leur savoir-faire et l'originalité de leurs créations. Vous y trouverez de nombreuses idées cadeaux, des décorations, des produits gourmands et des créations artisanales, le tout dans une ambiance chaleureuse et conviviale. Des animations, des démonstrations, la présence du Père Noël et une offre de restauration proposée par les commerçants de Bessenay viendront rythmer cette journée festive, pensée pour toute la famille. Notre ambition est de faire de ce marché un véritable moment de partage, de convivialité et de valorisation des talents locaux, tout en mettant à l'honneur l'esprit de Noël au cœur de notre village.
Lieu: Bessenay, 25 Route de Bibost, 69690 Bessenay
Date de début: 2026-11-22 09:30:00
Date de fin: 2026-11-22 19:00:00"
3164588,Bessenay en fête 2026,"Cochon à la broche, feu d’artifice et soirée dansante","Le village de Bessenay vous donne rendez-vous pour sa grande soirée estivale « Bessenay en fête », organisée par le Comité des fêtes le samedi 4 juillet 2026. Dès 19h30, la place du village s’anime autour d’un cochon à la broche, servi dans une ambiance conviviale, suivi d’une soirée dansante et d’un feu d’artifice qui illuminera les toits de Bessenay. Le repas est proposé au tarif de 22 € pour les adultes et 12 € pour les enfants. Les réservations sont possibles en ligne grâce au QR code présent sur l’affiche ou en contactant directement le Comité des fêtes au 06 99 61 05 49 ou 06 58 39 45 17.",Bessenay,"Place du Marché, 69690 Bessenay",Auvergne-Rhône-Alpes,2026-07-04 19:00:00,2026-07-04 23:00:00,,https://openagenda.com/agenda-de-la-commune-de-bessenay/events/bessenay-en-fete-2026,"Titre: Bessenay en fête 2026
Description: Cochon à la broche, feu d’artifice et soirée dansante
Détails: Le village de Bessenay vous donne rendez-vous pour sa grande soirée estivale « Bessenay en fête », organisée par le Comité des fêtes le samedi 4 juillet 2026. Dès 19h30, la place du village s’anime autour d’un cochon à la broche, servi dans une ambiance conviviale, suivi d’une soirée dansante et d’un feu d’artifice qui illuminera les toits de Bessenay. Le repas est proposé au tarif de 22 € pour les adultes et 12 € pour les enfants. Les réservations sont possibles en ligne grâce au QR code présent sur l’affiche ou en contactant directement le Comité des fêtes au 06 99 61 05 49 ou 06 58 39 45 17.
Lieu: Bessenay, Place du Marché, 69690 Bessenay
Date de début: 2026-07-04 19:00:00
Date de fin: 2026-07-04 23:00:00"
84962425,Soirée jeux de société,"Avec ou sans boîte sous le bras, venez partager un bon moment avec nous !","On joue ensemble ? 🎲 Stratégie, bluff et bonne humeur au rendez-vous ! 📚 À la bibliothèque, les histoires se lisent… et prennent vie autour des tables...",Bessenay,"Impasse de la Poste, 69690 Bessenay",Auvergne-Rhône-Alpes,2026-06-26 19:00:00,2026-06-26 23:00:00,,https://openagenda.com/agenda-de-la-commune-de-bessenay/events/soiree-jeux-de-societe-6852698,"Titre: Soirée jeux de société
Description: Avec ou sans boîte sous le bras, venez partager un bon moment avec nous !
Détails: On joue ensemble ? 🎲 Stratégie, bluff et bonne humeur au rendez-vous ! 📚 À la bibliothèque, les histoires se lisent… et prennent vie autour des tables...
Lieu: Bessenay, Impasse de la Poste, 69690 Bessenay
Date de début: 2026-06-26 19:00:00
Date de fin: 2026-06-26 23:00:00"
55754886,Fête des Pères : Offrez-lui une croisière apéro,"Offrir du temps ensemble, c’est le plus beau des cadeaux","**Papa dira qu’il ne veut rien…** et vous finirez quand même par lui offrir quelque chose 😏 Cette fois, on change de cap ! Notre coffret cadeau Apéro Vigneron est une expérience unique à vivre : 🚢 Une croisière apéro sur l’eau 🥂 Un assortiment gourmand à partager 🌇 1h30 de balade au coucher du soleil 💛 Et surtout… un vrai moment avec Papa En quelques clics , Offrez-lui un souvenir qu’il n’oubliera pas **Offrir du temps ensemble, c’est le plus beau des cadeaux**",Bordeaux,Bordeaux,Nouvelle-Aquitaine,2026-06-21 15:00:00,2026-06-21 23:59:00,,https://openagenda.com/lesbateauxbordelais/events/fete-des-peres-offrez-lui-une-croisiere-apero,"Titre: Fête des Pères : Offrez-lui une croisière apéro
Description: Offrir du temps ensemble, c’est le plus beau des cadeaux
Détails: **Papa dira qu’il ne veut rien…** et vous finirez quand même par lui offrir quelque chose 😏 Cette fois, on change de cap ! Notre coffret cadeau Apéro Vigneron est une expérience unique à vivre : 🚢 Une croisière apéro sur l’eau 🥂 Un assortiment gourmand à partager 🌇 1h30 de balade au coucher du soleil 💛 Et surtout… un vrai moment avec Papa En quelques clics , Offrez-lui un souvenir qu’il n’oubliera pas **Offrir du temps ensemble, c’est le plus beau des cadeaux**
Lieu: Bordeaux, Bordeaux
Date de début: 2026-06-21 15:00:00
Date de fin: 2026-06-21 23:59:00"
48067031,"Concert ""Requiem de Karl Jenkins""","Sous la direction de son jeune Chef Clément Migné, l’EV Hémiole interprètera, avec orchestre, le magnifique et très original « Requiem » du compositeur gallois Karl Jenkins. Une première en Gironde.","Le « Requiem » du compositeur gallois Karl Jenkins date de 2006. Cette œuvre très originale mêle la liturgie catholique en latin, à la musique d’inspiration japonaise : plusieurs « Haïkus », courts poèmes écrits en japonais, aux textes doux et paisibles, confiés aux voix de femmes, alternent avec ceux, sombres et angoissants, du Requiem latin. Mais, tout s’apaise avec le « In Paradisum » final. Karl Jenkins fait, dans cette œuvre magnifique, une synthèse entre les cultures et les sensibilités de l’Occident et de l’Extrême-Orient vis-à-vis du mystère de la mort. Les choristes d’Hémiole seront accompagnés par 9 musiciens professionnels : deux violons, un alto, une contrebasse, un cor d’harmonie, une flûte traversière, une harpe et deux percussionnistes, ainsi qu’une soliste soprano. Direction : Clément Migné. Ce programme sera complété, en première partie, par le « Eja Mater », extrait du « Stabat Mater » d’Antonin Dvořák, ainsi que « O Vos Omnes » récemment composé par Clément Migné et la « Marche funèbre », pièce instrumentale de Luigi Cherubini.",Bordeaux,4 Rue Mably,Nouvelle-Aquitaine,2026-05-29 20:30:00,2026-05-29 23:00:00,"Concert, Requiem, Karl Jenkins, EV Hémiole, Direction Clément Migné, Eglise Notre Dame Bordeaux, Vendredi 29 mai 2026, 20h30",https://openagenda.com/ensemble-vocal-hemiole/events/concert-requiem-de-karl-jenkins,"Titre: Concert ""Requiem de Karl Jenkins""
Description: Sous la direction de son jeune Chef Clément Migné, l’EV Hémiole interprètera, avec orchestre, le magnifique et très original « Requiem » du compositeur gallois Karl Jenkins. Une première en Gironde.
Détails: Le « Requiem » du compositeur gallois Karl Jenkins date de 2006. Cette œuvre très originale mêle la liturgie catholique en latin, à la musique d’inspiration japonaise : plusieurs « Haïkus », courts poèmes écrits en japonais, aux textes doux et paisibles, confiés aux voix de femmes, alternent avec ceux, sombres et angoissants, du Requiem latin. Mais, tout s’apaise avec le « In Paradisum » final. Karl Jenkins fait, dans cette œuvre magnifique, une synthèse entre les cultures et les sensibilités de l’Occident et de l’Extrême-Orient vis-à-vis du mystère de la mort. Les choristes d’Hémiole seront accompagnés par 9 musiciens professionnels : deux violons, un alto, une contrebasse, un cor d’harmonie, une flûte traversière, une harpe et deux percussionnistes, ainsi qu’une soliste soprano. Direction : Clément Migné. Ce programme sera complété, en première partie, par le « Eja Mater », extrait du « Stabat Mater » d’Antonin Dvořák, ainsi que « O Vos Omnes » récemment composé par Clément Migné et la « Marche funèbre », pièce instrumentale de Luigi Cherubini.
Lieu: Bordeaux, 4 Rue Mably
Date de début: 2026-05-29 20:30:00
Date de fin: 2026-05-29 23:00:00
Catégories: Concert, Requiem, Karl Jenkins, EV Hémiole, Direction Clément Migné, Eglise Notre Dame Bordeaux, Vendredi 29 mai 2026, 20h30"
67562972,Soirée jeux au Café des Écureuils,"Seul, en famille ou entre amis, découvrez de nouveaux jeux à découvrir, pour le plaisir de tous. Adresse, stratégie, mémoire et fous rires seront au menu !",Vivez une soirée magique au Café des Écureuils ---------------------------------------------- * Vendredi 29 Mai * De 19h à 22h30 * Café des écureuils * Public : Tout public. Entrée libre et gratuite. * Contact : 05 57 97 91 21,Martignas-sur-Jalle,allée Jean-Paul Sartre 33127 Martignas sur jalle,Nouvelle-Aquitaine,2026-05-29 19:00:00,2026-05-29 22:30:00,"café des écureuils, Bordeaux, jeux",https://openagenda.com/un-air-de-bordeaux/events/soiree-jeux-6098370,"Titre: Soirée jeux au Café des Écureuils
Description: Seul, en famille ou entre amis, découvrez de nouveaux jeux à découvrir, pour le plaisir de tous. Adresse, stratégie, mémoire et fous rires seront au menu !
Détails: Vivez une soirée magique au Café des Écureuils ---------------------------------------------- * Vendredi 29 Mai * De 19h à 22h30 * Café des écureuils * Public : Tout public. Entrée libre et gratuite. * Contact : 05 57 97 91 21
Lieu: Martignas-sur-Jalle, allée Jean-Paul Sartre 33127 Martignas sur jalle
Date de début: 2026-05-29 19:00:00
Date de fin: 2026-05-29 22:30:00
Catégories: café des écureuils, Bordeaux, jeux"
53185488,Guignol Guerin pendant les vacances de Toussaint,"Spectacles pour enfants et familles, théâtre de marionnettes du Guignol Guérin, en plein centre de Bordeaux, à l'Inox, pour les vacances de Toussaint !","Du Vendredi 17 au jeudi 23 Octobre 2025 --------------------------------------- ### Théâtre l'Inox (Vieux Bordeaux) Pour la **première semaine des vacances de la Toussaint**, le Guignol Guérin, le théâtre de marionnettes le plus ancien de France, se produira à l'Inox, au coeur du vieux Bordeaux, **entre la Place de la Bourse et la Place du Parlement.** En effet, cette institution bordelaise, fondée en 1853, y présentera ses spectacles comiques et risibles dans la pure tradition du Guignol Lyonnais (au répertoire basé sur la vie de tous les jours), Une belle ambiance pour tous et du théâtre avant tout ! Venez découvrir le véritable Guignol et de belles et grandes marionnettes en bois. A la suite du sptacle, un échange avec le public est proposé sur le métier, l'histoire et le Patrimoine.. ATTENTION : PLACES LIMITÉES ### Infos pratiques * Tous les jours * Tous publics, en direct et interactif ! * Enfants à partir de 2-3 ans * Plusieurs pièces présentées - répertoire traditionnel * Durée d'une séance : **30 minutes + échange avec le public.** * **Tarif : 7 €** par personne * Places limitées * **Réservation par téléphone au 06 70 97 44 52 ou sur guignolguerin.fr** ### Séances * Vendredi 17 octobre à 18h * Samedi 18 octobre à 16h * Dimanche 19 octobre à 11h * Dimanche 19octobre à 16h * Lundi 20 octobre à 16h * Mardi 21 octobre à 16h * Mercredi 22 octobre à 16h * Jeudi 23 octobre à 11h",Bordeaux,"11-13 Rue Fernand Philippart, 33000 Bordeaux",Nouvelle-Aquitaine,2025-10-17 18:00:00,2025-10-23 11:30:00,"marionnettes, guignol, bordeaux, theatre l'inox, spectacle",https://openagenda.com/un-air-de-bordeaux/events/guignol-guerin-vacances-de-toussaint-6396028,"Titre: Guignol Guerin pendant les vacances de Toussaint
Description: Spectacles pour enfants et familles, théâtre de marionnettes du Guignol Guérin, en plein centre de Bordeaux, à l'Inox, pour les vacances de Toussaint !
Détails: Du Vendredi 17 au jeudi 23 Octobre 2025 --------------------------------------- ### Théâtre l'Inox (Vieux Bordeaux) Pour la **première semaine des vacances de la Toussaint**, le Guignol Guérin, le théâtre de marionnettes le plus ancien de France, se produira à l'Inox, au coeur du vieux Bordeaux, **entre la Place de la Bourse et la Place du Parlement.** En effet, cette institution bordelaise, fondée en 1853, y présentera ses spectacles comiques et risibles dans la pure tradition du Guignol Lyonnais (au répertoire basé sur la vie de tous les jours), Une belle ambiance pour tous et du théâtre avant tout ! Venez découvrir le véritable Guignol et de belles et grandes marionnettes en bois. A la suite du sptacle, un échange avec le public est proposé sur le métier, l'histoire et le Patrimoine.. ATTENTION : PLACES LIMITÉES ### Infos pratiques * Tous les jours * Tous publics, en direct et interactif ! * Enfants à partir de 2-3 ans * Plusieurs pièces présentées - répertoire traditionnel * Durée d'une séance : **30 minutes + échange avec le public.** * **Tarif : 7 €** par personne * Places limitées * **Réservation par téléphone au 06 70 97 44 52 ou sur guignolguerin.fr** ### Séances * Vendredi 17 octobre à 18h * Samedi 18 octobre à 16h * Dimanche 19 octobre à 11h * Dimanche 19octobre à 16h * Lundi 20 octobre à 16h * Mardi 21 octobre à 16h * Mercredi 22 octobre à 16h * Jeudi 23 octobre à 11h
Lieu: Bordeaux, 11-13 Rue Fernand Philippart, 33000 Bordeaux
Date de début: 2025-10-17 18:00:00
Date de fin: 2025-10-23 11:30:00
Catégories: marionnettes, guignol, bordeaux, theatre l'inox, spectacle"
38229683,De boulevards en barrières... une histoire en mouvement,Le Salon d’expression photographique est une exposition thématique de photographies anciennes et contemporaines sur l'histoire de Bordeaux et de son Agglomération.,"L’histoire de l’urbanisme de Bordeaux est marquée par la construction des boulevards qui ceinturent son centre-ville, entre 1853 et 1902. L’espace concerné couvre les 12 km qui relient les quartiers nord (boulevards Godard et Brandenburg), Ouest (boulevards de Caudéran et du Bouscat) et Sud (boulevards de Talence et de Bègles), situés sur la rive gauche de la Garonne. Cet axe de circulation symbolise l’extension urbaine bordelaise au XIXe siècle. L’exposition présentée au **Centre Jean Moulin** montre un état des sources photographiques qui témoignent de l’ancienneté de ces boulevards. Nous nous sommes appuyés sur les archives du journal _Sud Ouest_, sur celles de Bordeaux Métropole, sur les fonds photographiques de La Mémoire, et sur trois collections privées de cartes postales anciennes et de photographies. La photographie, affirmant ici son usage documentaire, montre les fonctions spatiales et relationnelles des boulevards et de ses barrières, traits d’union transversaux et fiscaux entre le centre-ville de Bordeaux et les communes périphériques. Elle témoigne aussi des activités industrielles, commerciales, militaires, sportives et sociales qui les animent. Un montage audiovisuel utilisant des archives filmiques et le témoignage d’historiens et d’urbanistes vient compléter l’exposition photographique. Une table-ronde sur le projet de requalification des boulevards à l’horizon 2040 intitulée « Se pencher sur le passé pour penser le devenir des boulevards » aura lieu le **samedi 20 septembre à 17h** avec les architectes-urbanistes et acteurs opérationnels de Bordeaux Métropole et de l’a-urba. [https://mbordeauxm.fr/](https://mbordeauxm.fr/)",Bordeaux,place Jean Moulin Bordeaux,Nouvelle-Aquitaine,2025-09-08 13:00:00,2025-09-21 19:00:00,"exposition, photographie, boulevards, urbanisme, Métropole, a'urba, transport, Bordeaux, cartes postales anciennes, archives filmiques, table ronde",https://openagenda.com/la-memoire-de-bordeaux-metropole/events/de-boulevards-en-barrieres-une-histoire-en-mouvement-3554830,"Titre: De boulevards en barrières... une histoire en mouvement
Description: Le Salon d’expression photographique est une exposition thématique de photographies anciennes et contemporaines sur l'histoire de Bordeaux et de son Agglomération.
Détails: L’histoire de l’urbanisme de Bordeaux est marquée par la construction des boulevards qui ceinturent son centre-ville, entre 1853 et 1902. L’espace concerné couvre les 12 km qui relient les quartiers nord (boulevards Godard et Brandenburg), Ouest (boulevards de Caudéran et du Bouscat) et Sud (boulevards de Talence et de Bègles), situés sur la rive gauche de la Garonne. Cet axe de circulation symbolise l’extension urbaine bordelaise au XIXe siècle. L’exposition présentée au **Centre Jean Moulin** montre un état des sources photographiques qui témoignent de l’ancienneté de ces boulevards. Nous nous sommes appuyés sur les archives du journal _Sud Ouest_, sur celles de Bordeaux Métropole, sur les fonds photographiques de La Mémoire, et sur trois collections privées de cartes postales anciennes et de photographies. La photographie, affirmant ici son usage documentaire, montre les fonctions spatiales et relationnelles des boulevards et de ses barrières, traits d’union transversaux et fiscaux entre le centre-ville de Bordeaux et les communes périphériques. Elle témoigne aussi des activités industrielles, commerciales, militaires, sportives et sociales qui les animent. Un montage audiovisuel utilisant des archives filmiques et le témoignage d’historiens et d’urbanistes vient compléter l’exposition photographique. Une table-ronde sur le projet de requalification des boulevards à l’horizon 2040 intitulée « Se pencher sur le passé pour penser le devenir des boulevards » aura lieu le **samedi 20 septembre à 17h** avec les architectes-urbanistes et acteurs opérationnels de Bordeaux Métropole et de l’a-urba. [https://mbordeauxm.fr/](https://mbordeauxm.fr/)
Lieu: Bordeaux, place Jean Moulin Bordeaux
Date de début: 2025-09-08 13:00:00
Date de fin: 2025-09-21 19:00:00
Catégories: exposition, photographie, boulevards, urbanisme, Métropole, a'urba, transport, Bordeaux, cartes postales anciennes, archives filmiques, table ronde"
76242614,Yoga en plein air,Cours de yoga en plein air 1h Dégustation et visite du vignoble 1h Tarif : 40€ En bonus : un cocktail detox offert au restaurant pour les participants de l'évènement,Profitez d'un cours de yoga en plein air 1h animé par Carlène Muscat. Dégustation et visite du vignoble 1h Tarif : 40€ En bonus : un cocktail detox offert au restaurant pour les participants de l'évènement,Léognan,"88 Chemin du Barp, 33850 Léognan",Nouvelle-Aquitaine,2025-08-09 10:00:00,2025-08-09 12:00:00,"yoga, degustation, nature, detox, vignoble",https://openagenda.com/les-experiences-du-chateau-leognan/events/yoga-en-plein-air-5298871,"Titre: Yoga en plein air
Description: Cours de yoga en plein air 1h Dégustation et visite du vignoble 1h Tarif : 40€ En bonus : un cocktail detox offert au restaurant pour les participants de l'évènement
Détails: Profitez d'un cours de yoga en plein air 1h animé par Carlène Muscat. Dégustation et visite du vignoble 1h Tarif : 40€ En bonus : un cocktail detox offert au restaurant pour les participants de l'évènement
Lieu: Léognan, 88 Chemin du Barp, 33850 Léognan
Date de début: 2025-08-09 10:00:00
Date de fin: 2025-08-09 12:00:00
Catégories: yoga, degustation, nature, detox, vignoble"
19625023,Festival Chahuts 2025,Le festival Chahuts revient du 6 au 14 juin 2025 pour une 34e édition avec 47 rendez-vous artistiques dans la ville (dont 39 gratuits) du quartier Saint-Michel à celui de la Benauge à Bordeaux.,"Du barouf, du raffut, du “Chahuts” ! ------------------------------------ ### **34e festival Chahuts du 6 au 14 juin à Bordeaux** Le festival des arts de la parole et de l'espace public Chahuts revient pour sa 34ème édition ! Rendez-vous du 6 au 14 juin dans les quartiers de Saint-Michel et La Benauge. La parole libre et émancipatrice, le pas de côté, la ville comme terrain de jeu et d'appropriation collective sont véritablement les marqueurs de ce festival emblématique de la scène culturelle bordelaise. Au programme : un spectacle tout feu tout flamme en ouverture, des récits engagés, sensibles, surprenants qui racontent le monde d’aujourd’hui, des poèmes qui fleurissent dans la rue, du temps pour se parler lors de causeries, des moments à vivre en famille ou entre amis, des concerts et des fêtes libérées pour chanter et danser jusqu'au bout de la nuit ! Bref, vous serez essoufflé·es, mais heureux·euses ! **Quelques rendez-vous de la programmation 2025 :** Nuit de Lumière - Compagnie Karnavires Playback FM VOL.2 - Valentin Dilas (création 2025) Appartement témoin - Collectif Les Aimants (création 2025) Sauver Richard - Mash-up production La France, Empire - Nicolas Lambert / Compagnie Un pas de côté I’m deranged - Mina Kavani / Grosse Théâtre Trou - Mathilde Paillette / Compagnie Ultra-Nyx R.OSA - Silvia Gribaudi / Zebra Conversation avec Marceline - Dalila Boitaud / Compagnie Uz et coutumes Et vous, qui êtes-vous ? - Paloma Pradal (création 2025) Block party - Compagnie BurnOut La bible du déboulonnement - Guy Régis Jr **Concerts et dj set** Vitória & The Kalashnicoles Fanfare Pourpour Pedrolino Vitamlyn Eddy le chat Davy Jones Madame creature **Fêtes de quartier** Jour de fête aux Capucins Fête de la Saint-Jean **Bonus** : séances de yoga et causeries Le récit au cœur du soin, douce révolution ou doux leurre ? Déboulonner ou garder trace ? Normes corporelles. Libéré·es ? Délivré·es ? Vraiment ?! Le témoignage, un geste artistique ? Brunch mortel Programmation complète et billetterie en ligne sur [www.chahuts.net](http://www.chahuts.net)",Bordeaux,"25 rue permentade, Bordeaux",Nouvelle-Aquitaine,2025-06-06 16:00:00,2025-06-14 23:59:00,"théâtre, arts de la parole, spectacles, récit",https://openagenda.com/chahuts/events/festival-chahuts-2025,"Titre: Festival Chahuts 2025
Description: Le festival Chahuts revient du 6 au 14 juin 2025 pour une 34e édition avec 47 rendez-vous artistiques dans la ville (dont 39 gratuits) du quartier Saint-Michel à celui de la Benauge à Bordeaux.
Détails: Du barouf, du raffut, du “Chahuts” ! ------------------------------------ ### **34e festival Chahuts du 6 au 14 juin à Bordeaux** Le festival des arts de la parole et de l'espace public Chahuts revient pour sa 34ème édition ! Rendez-vous du 6 au 14 juin dans les quartiers de Saint-Michel et La Benauge. La parole libre et émancipatrice, le pas de côté, la ville comme terrain de jeu et d'appropriation collective sont véritablement les marqueurs de ce festival emblématique de la scène culturelle bordelaise. Au programme : un spectacle tout feu tout flamme en ouverture, des récits engagés, sensibles, surprenants qui racontent le monde d’aujourd’hui, des poèmes qui fleurissent dans la rue, du temps pour se parler lors de causeries, des moments à vivre en famille ou entre amis, des concerts et des fêtes libérées pour chanter et danser jusqu'au bout de la nuit ! Bref, vous serez essoufflé·es, mais heureux·euses ! **Quelques rendez-vous de la programmation 2025 :** Nuit de Lumière - Compagnie Karnavires Playback FM VOL.2 - Valentin Dilas (création 2025) Appartement témoin - Collectif Les Aimants (création 2025) Sauver Richard - Mash-up production La France, Empire - Nicolas Lambert / Compagnie Un pas de côté I’m deranged - Mina Kavani / Grosse Théâtre Trou - Mathilde Paillette / Compagnie Ultra-Nyx R.OSA - Silvia Gribaudi / Zebra Conversation avec Marceline - Dalila Boitaud / Compagnie Uz et coutumes Et vous, qui êtes-vous ? - Paloma Pradal (création 2025) Block party - Compagnie BurnOut La bible du déboulonnement - Guy Régis Jr **Concerts et dj set** Vitória & The Kalashnicoles Fanfare Pourpour Pedrolino Vitamlyn Eddy le chat Davy Jones Madame creature **Fêtes de quartier** Jour de fête aux Capucins Fête de la Saint-Jean **Bonus** : séances de yoga et causeries Le récit au cœur du soin, douce révolution ou doux leurre ? Déboulonner ou garder trace ? Normes corporelles. Libéré·es ? Délivré·es ? Vraiment ?! Le témoignage, un geste artistique ? Brunch mortel Programmation complète et billetterie en ligne sur [www.chahuts.net](http://www.chahuts.net)
Lieu: Bordeaux, 25 rue permentade, Bordeaux
Date de début: 2025-06-06 16:00:00
Date de fin: 2025-06-14 23:59:00
Catégories: théâtre, arts de la parole, spectacles, récit"
42808847,Visites guidées de la ville de Bordeaux,(Re)découvrez la ville de Bordeaux et ses incontournables lors de visites guidées originales et dynamiques !,"Des visites pour tous --------------------- Visiteurs de passage à Bordeaux, simple curieux ou connaisseurs de la région, venez découvrir Bordeaux. Visites guidées classiques, présentant l’histoire et le patrimoine de la ville, visites insolites, ou en petit train, en tuk-tuk, mais aussi croisières fluviales… Trouvez la visite qui vous convient que vous soyez seul, en couple ou en famille. * [**Découvrez les visites du moment**](https://www.visiter-bordeaux.com/fr/decouvrir-bordeaux?subid=agd-bt) ### City Pass : visitez plus, dépensez moins Pass indispensable pour profiter pleinement d'un séjour à Bordeaux, le City Pass donne accès à de nombreuses visites et expériences pour un prix avantageux. En 24h, 48h ou 72h, cette carte disponible en ligne ou à l'office inclus entre autres : la Cité du Vin, les Bassins de Lumières, les transports en illimité et 1 visite de la ville au choix. * [**En savoir plus !**](https://www.visiter-bordeaux.com/fr/bordeaux-citypass.html?subid=agd-ville-bt)",Bordeaux,12 Cr du 30 Juillet 33000 Bordeaux,Nouvelle-Aquitaine,2026-05-11 09:00:00,2028-06-13 18:30:00,"visite, guide, bordeaux, ville",https://openagenda.com/un-air-de-bordeaux/events/bordeaux-metropole-visites-guidees-de-la-ville,"Titre: Visites guidées de la ville de Bordeaux
Description: (Re)découvrez la ville de Bordeaux et ses incontournables lors de visites guidées originales et dynamiques !
Détails: Des visites pour tous --------------------- Visiteurs de passage à Bordeaux, simple curieux ou connaisseurs de la région, venez découvrir Bordeaux. Visites guidées classiques, présentant l’histoire et le patrimoine de la ville, visites insolites, ou en petit train, en tuk-tuk, mais aussi croisières fluviales… Trouvez la visite qui vous convient que vous soyez seul, en couple ou en famille. * [**Découvrez les visites du moment**](https://www.visiter-bordeaux.com/fr/decouvrir-bordeaux?subid=agd-bt) ### City Pass : visitez plus, dépensez moins Pass indispensable pour profiter pleinement d'un séjour à Bordeaux, le City Pass donne accès à de nombreuses visites et expériences pour un prix avantageux. En 24h, 48h ou 72h, cette carte disponible en ligne ou à l'office inclus entre autres : la Cité du Vin, les Bassins de Lumières, les transports en illimité et 1 visite de la ville au choix. * [**En savoir plus !**](https://www.visiter-bordeaux.com/fr/bordeaux-citypass.html?subid=agd-ville-bt)
Lieu: Bordeaux, 12 Cr du 30 Juillet 33000 Bordeaux
Date de début: 2026-05-11 09:00:00
Date de fin: 2028-06-13 18:30:00
Catégories: visite, guide, bordeaux, ville"
93696470,Excursions dans le vignoble bordelais,(Re)découvrez le vignoble bordelais et ses incontournables lors de visites guidées originales et dynamiques !,"Des visites pour tous ! ----------------------- 2 000 ans d’Histoire et pas une ride ! Bordeaux, capitale mondiale du vin, rayonne dans son écrin du XVIIIe siècle. Le nom de Bordeaux est toujours synonyme de qualité et très souvent d’exception pour tous les amateurs et connaisseurs de vin. Le plus grand et le plus ancien vignoble de vins fins du monde compte 65 appellations et s’étend sur 111 400 hectares avec près de 6 000 viticulteurs. * [**Découvrez les visites du moment**](https://www.visiter-bordeaux.com/fr/decouvrir-le-vignoble?subid=agd-oeno-bt) **De nombreux circuits dans le vignoble avec visites de châteaux au départ de Bordeaux vous sont proposés tout au long de l’année.** ### City Pass : visitez plus, dépensez moins Pass indispensable pour profiter pleinement d'un séjour à Bordeaux, le City Pass donne accès à de nombreuses visites et expériences pour un prix avantageux. En 24h, 48h ou 72h, cette carte disponible en ligne ou à l'office inclus entre autres : la Cité du Vin, les Bassins de Lumières, les transports en illimité et 1 visite de la ville au choix. * [**En savoir plus !**](https://www.visiter-bordeaux.com/fr/bordeaux-citypass.html?subid=agd-oeno-bt)",Bordeaux,12 Cr du 30 Juillet 33000 Bordeaux,Nouvelle-Aquitaine,2026-05-04 09:00:00,2028-06-06 18:30:00,"visite, guide, bordeaux, vin, vignoble",https://openagenda.com/un-air-de-bordeaux/events/visitas-guiadas-a-los-vinedos-bordeleses,"Titre: Excursions dans le vignoble bordelais
Description: (Re)découvrez le vignoble bordelais et ses incontournables lors de visites guidées originales et dynamiques !
Détails: Des visites pour tous ! ----------------------- 2 000 ans d’Histoire et pas une ride ! Bordeaux, capitale mondiale du vin, rayonne dans son écrin du XVIIIe siècle. Le nom de Bordeaux est toujours synonyme de qualité et très souvent d’exception pour tous les amateurs et connaisseurs de vin. Le plus grand et le plus ancien vignoble de vins fins du monde compte 65 appellations et s’étend sur 111 400 hectares avec près de 6 000 viticulteurs. * [**Découvrez les visites du moment**](https://www.visiter-bordeaux.com/fr/decouvrir-le-vignoble?subid=agd-oeno-bt) **De nombreux circuits dans le vignoble avec visites de châteaux au départ de Bordeaux vous sont proposés tout au long de l’année.** ### City Pass : visitez plus, dépensez moins Pass indispensable pour profiter pleinement d'un séjour à Bordeaux, le City Pass donne accès à de nombreuses visites et expériences pour un prix avantageux. En 24h, 48h ou 72h, cette carte disponible en ligne ou à l'office inclus entre autres : la Cité du Vin, les Bassins de Lumières, les transports en illimité et 1 visite de la ville au choix. * [**En savoir plus !**](https://www.visiter-bordeaux.com/fr/bordeaux-citypass.html?subid=agd-oeno-bt)
Lieu: Bordeaux, 12 Cr du 30 Juillet 33000 Bordeaux
Date de début: 2026-05-04 09:00:00
Date de fin: 2028-06-06 18:30:00
Catégories: visite, guide, bordeaux, vin, vignoble"
86174376,Martin Parr : Art de vivre,"L’exposition Martin Parr : Art de vivre réunit une sélection de clichés réalisés entre 1988 et 2023, principalement à Bristol – ville jumelée avec Bordeaux depuis 1947 – et en France.","un événement ""[Le mois de la photo](https://www.bordeaux.fr/agenda/le-mois-de-la-photo)"" En collaboration avec la Cité du Vin, la ville de Bordeaux rend hommage à Martin Parr (1952-2025), photographe britannique contemporain des plus influents, au regard ironique et bienveillant. À travers ces images, Martin Parr capte l’énergie des rassemblements populaires, des fêtes et des réceptions où se croisent plusieurs univers. Ces scènes esquissent un véritable art de vivre et donnent à voir une société attentive aux codes du vivre-ensemble. L’exposition comprend également la série Flowers (1999), consacrée aux fleurs dans l’espace public. Photographiées au premier plan, elles dialoguent avec des fragments de vie quotidienne en arrière-plan : passants, lieux de loisirs, quartiers résidentiels ou paysages côtiers. Véritable fil conducteur, le vin, symbole de partage et de convivialité, traverse l’exposition en résonance avec l’identité de la ville de Bordeaux et la vocation culturelle de la Cité du Vin.",Bordeaux,"134 Quai de Bacalan, 33300 Bordeaux",Nouvelle-Aquitaine,2026-04-23 18:00:00,2026-09-20 19:00:00,,https://openagenda.com/ville-de-bordeaux/events/martin-parr-art-de-vivre,"Titre: Martin Parr : Art de vivre
Description: L’exposition Martin Parr : Art de vivre réunit une sélection de clichés réalisés entre 1988 et 2023, principalement à Bristol – ville jumelée avec Bordeaux depuis 1947 – et en France.
Détails: un événement ""[Le mois de la photo](https://www.bordeaux.fr/agenda/le-mois-de-la-photo)"" En collaboration avec la Cité du Vin, la ville de Bordeaux rend hommage à Martin Parr (1952-2025), photographe britannique contemporain des plus influents, au regard ironique et bienveillant. À travers ces images, Martin Parr capte l’énergie des rassemblements populaires, des fêtes et des réceptions où se croisent plusieurs univers. Ces scènes esquissent un véritable art de vivre et donnent à voir une société attentive aux codes du vivre-ensemble. L’exposition comprend également la série Flowers (1999), consacrée aux fleurs dans l’espace public. Photographiées au premier plan, elles dialoguent avec des fragments de vie quotidienne en arrière-plan : passants, lieux de loisirs, quartiers résidentiels ou paysages côtiers. Véritable fil conducteur, le vin, symbole de partage et de convivialité, traverse l’exposition en résonance avec l’identité de la ville de Bordeaux et la vocation culturelle de la Cité du Vin.
Lieu: Bordeaux, 134 Quai de Bacalan, 33300 Bordeaux
Date de début: 2026-04-23 18:00:00
Date de fin: 2026-09-20 19:00:00"
20138804,Visite du Musée de l'Illusion à Bordeaux,"Cet été, venez découvrir le Musée de l'Illusion à Bordeaux, une aventure immersive à travers le monde des effets d'optique et de perception !","Une aventure hors-du-commun ! ----------------------------- Êtes-vous prêt pour une aventure qui dépasse tout ce que vous auriez pu imaginer ? Le Musée de l’Illusion à Bordeaux vous plonge dans un univers tourbillonnant. Si une illusion cache plus d’un million de mots, il n’y en a aucun de plus sincère pour vous décrire notre Musée. Des tours amusants et impressionnants vous enseigneront la vision, la perception et les voies mystérieuses du cerveau humain. Ce que vous voyez et ce que vous pensez voir sont deux concepts totalement différents, voyez par vous-même ! Infos pratiques --------------- * Ouvert tous les jours de 10h à 20h * Tarifs et réservation en ligne ou sur place",Bordeaux,"4 Rue Bonnaffé, 33000 Bordeaux",Nouvelle-Aquitaine,2026-02-23 10:00:00,2027-02-01 20:00:00,"musée, illusion, enfant, famille",https://openagenda.com/un-air-de-bordeaux/events/visita-al-museo-de-la-ilusion-de-burdeos,"Titre: Visite du Musée de l'Illusion à Bordeaux
Description: Cet été, venez découvrir le Musée de l'Illusion à Bordeaux, une aventure immersive à travers le monde des effets d'optique et de perception !
Détails: Une aventure hors-du-commun ! ----------------------------- Êtes-vous prêt pour une aventure qui dépasse tout ce que vous auriez pu imaginer ? Le Musée de l’Illusion à Bordeaux vous plonge dans un univers tourbillonnant. Si une illusion cache plus d’un million de mots, il n’y en a aucun de plus sincère pour vous décrire notre Musée. Des tours amusants et impressionnants vous enseigneront la vision, la perception et les voies mystérieuses du cerveau humain. Ce que vous voyez et ce que vous pensez voir sont deux concepts totalement différents, voyez par vous-même ! Infos pratiques --------------- * Ouvert tous les jours de 10h à 20h * Tarifs et réservation en ligne ou sur place
Lieu: Bordeaux, 4 Rue Bonnaffé, 33000 Bordeaux
Date de début: 2026-02-23 10:00:00
Date de fin: 2027-02-01 20:00:00
Catégories: musée, illusion, enfant, famille"
18259003,L'exposition permanente de La Cité du Vin,Embarquez pour une aventure à travers le temps et les continents à la découverte du monde du vin !,"Découvrez l'essence de la vigne ------------------------------- À La Cité du Vin, venez découvrir une exposition permanente s'étend sur 3 000 mètres carrés, articulée autour de six grandes thématiques et subdivisée en 18 espaces distincts. Cette exposition vous convie à un périple à travers le temps, de l'époque antique à l'ère contemporaine, et sur tous les continents. ### Le vin sous toutes ses formes Plongez dans un héritage culturel qui a marqué l'humanité et ses civilisations, influençant leur mode de vie et la conception de leur environnement depuis des milliers d'années. L'exposition propose une variété d'activités allant de l'interactif au pédagogique, en passant par des expériences immersives et sensorielles qui vous transporteront dans un rêve éveillé. L'exposition s'explore à votre propre rythme, vous permettant de choisir votre itinéraire en fonction de vos intérêts personnels. Il n'y a pas de sens imposé pour la visite - laissez-vous guider par vos préférences ! Bien que la durée moyenne de la visite soit de 2 à 3 heures, les plus fervents amateurs peuvent s'y immerger durant toute une journée, avec une multitude d'informations complémentaires à leur disposition. Pour ceux qui ont moins de temps, un circuit abrégé d'une heure est disponible, centré sur un thème spécifique. **Pour conclure votre expérience, la visite se termine au Belvédère, où vous est offerte une dégustation de vin choisi parmi une sélection provenant de vignobles du monde entier.** Infos pratiques --------------- * Accessibilité : Tous publics * Durée : 2 à 3 heures ### [**Toutes les expositions de Bordeaux par ici**](https://www.bordeaux-tourisme.com/agenda/expositions.html)",Bordeaux,"1 esplanade de Pontac, 33300 Bordeaux",Nouvelle-Aquitaine,2026-01-05 10:00:00,2027-01-03 19:00:00,"cité du vin, vin, vigne, bordeaux, vignoble, exposition",https://openagenda.com/un-air-de-bordeaux/events/the-permanent-exhibition-at-the-cite-du-vin,"Titre: L'exposition permanente de La Cité du Vin
Description: Embarquez pour une aventure à travers le temps et les continents à la découverte du monde du vin !
Détails: Découvrez l'essence de la vigne ------------------------------- À La Cité du Vin, venez découvrir une exposition permanente s'étend sur 3 000 mètres carrés, articulée autour de six grandes thématiques et subdivisée en 18 espaces distincts. Cette exposition vous convie à un périple à travers le temps, de l'époque antique à l'ère contemporaine, et sur tous les continents. ### Le vin sous toutes ses formes Plongez dans un héritage culturel qui a marqué l'humanité et ses civilisations, influençant leur mode de vie et la conception de leur environnement depuis des milliers d'années. L'exposition propose une variété d'activités allant de l'interactif au pédagogique, en passant par des expériences immersives et sensorielles qui vous transporteront dans un rêve éveillé. L'exposition s'explore à votre propre rythme, vous permettant de choisir votre itinéraire en fonction de vos intérêts personnels. Il n'y a pas de sens imposé pour la visite - laissez-vous guider par vos préférences ! Bien que la durée moyenne de la visite soit de 2 à 3 heures, les plus fervents amateurs peuvent s'y immerger durant toute une journée, avec une multitude d'informations complémentaires à leur disposition. Pour ceux qui ont moins de temps, un circuit abrégé d'une heure est disponible, centré sur un thème spécifique. **Pour conclure votre expérience, la visite se termine au Belvédère, où vous est offerte une dégustation de vin choisi parmi une sélection provenant de vignobles du monde entier.** Infos pratiques --------------- * Accessibilité : Tous publics * Durée : 2 à 3 heures ### [**Toutes les expositions de Bordeaux par ici**](https://www.bordeaux-tourisme.com/agenda/expositions.html)
Lieu: Bordeaux, 1 esplanade de Pontac, 33300 Bordeaux
Date de début: 2026-01-05 10:00:00
Date de fin: 2027-01-03 19:00:00
Catégories: cité du vin, vin, vigne, bordeaux, vignoble, exposition"
57322517,"""Matisse, la symphonie des couleurs"" aux Bassins des Lumières","Les Bassins des Lumières présentent sa nouvelle exposition immersive, une invitation à découvrir l'univers flamboyant de Matisse.","À la rencontre de l'univers d'Henri Matisse ------------------------------------------- À partir du 7 février 2026, les Bassins des Lumières à Bordeaux se parent des couleurs éclatantes d’Henri Matisse. Avec « Matisse, la symphonie des couleurs », préparez-vous à vivre un voyage immersif au cœur de l’œuvre du maître du fauvisme : poissons et danseurs en mouvement, motifs végétaux lumineux, paysages vibrants… Les projections monumentales se reflètent dans l’eau des bassins, créant une expérience sensorielle unique où lumière et couleur deviennent les véritables héroïnes. ### Un grand spectacle visuel pour découvrir le peintre Ce grand spectacle visuel de quarante-cinq minutes retrace le parcours du peintre, de ses débuts impressionnistes à ses créations les plus stylisées, en passant par les célèbres Nus bleus et les harmonies chatoyantes de Luxe, calme et volupté. Programme court : Frida Kahlo ----------------------------- En alternance, un programme plus court rend hommage à Frida Kahlo. « Frida Kahlo, en plein cœur » dévoile la métamorphose de l’artiste mexicaine : de la douleur et de la quête de soi à l’affirmation flamboyante de son identité, portée par ses couleurs intenses et ses motifs iconiques. Deux univers puissants, deux regards sur la couleur, pour une immersion poétique et envoûtante au cœur de la création artistique moderne. Infos pratiques --------------- ### Horaires * **Les horaires sont susceptibles d’être modifiés sans préavis. Nous vous conseillons fortement de consulter le site officiel des** [**Bassins des Lumières**](https://www.bassins-lumieres.com/fr) **pour plus d’informations.** ### Tarifs * Plein tarif : 16 € * Tarif senior : 15 € (+ de 65 ans) * Tarif réduit : 12,50 € (étudiants, demandeurs d’emploi, porteurs du pass Éducation, accompagnant d’une personne en situation de handicap, sur présentation d’un justificatif) * Tarif jeune : 9 € (6-25 ans) * Tarif famille : 43 € (2 adultes + 2 jeunes) * Gratuit pour les moins de 6 ans, porteurs d’une carte d’invalidité, membres de l’ICOM et l’ICOMOS, conférenciers et guides interprètes, jounalistes, bénéficiaires des minima sociaux, personnel scientifique des musées publics, membres de l’association des critiques d’art (sur présentation d’un justificatif). ### Autres infos * Dernière entrée 1h avant la fermeture du site. Les expositions immersives sont projetées en continu. * La librairie-boutique est ouverte aux horaires d'ouverture du centre d'art * Durée de la visite : 1h-1h15 ### [Toutes nos idées de visite et balade disponibles par ici !](https://www.visiter-bordeaux.com/fr?subid=Agenda-BT)",Bordeaux,Imp. Brown de Colstoun 33300 Bordeaux,Nouvelle-Aquitaine,2026-02-07 10:00:00,2027-01-02 20:00:00,"bassins des lumières, bordeaux, projection, exposition, incontournable",https://openagenda.com/un-air-de-bordeaux/events/oceano-una-inmersion-en-los-bassins-des-lumieres,"Titre: ""Matisse, la symphonie des couleurs"" aux Bassins des Lumières
Description: Les Bassins des Lumières présentent sa nouvelle exposition immersive, une invitation à découvrir l'univers flamboyant de Matisse.
Détails: À la rencontre de l'univers d'Henri Matisse ------------------------------------------- À partir du 7 février 2026, les Bassins des Lumières à Bordeaux se parent des couleurs éclatantes d’Henri Matisse. Avec « Matisse, la symphonie des couleurs », préparez-vous à vivre un voyage immersif au cœur de l’œuvre du maître du fauvisme : poissons et danseurs en mouvement, motifs végétaux lumineux, paysages vibrants… Les projections monumentales se reflètent dans l’eau des bassins, créant une expérience sensorielle unique où lumière et couleur deviennent les véritables héroïnes. ### Un grand spectacle visuel pour découvrir le peintre Ce grand spectacle visuel de quarante-cinq minutes retrace le parcours du peintre, de ses débuts impressionnistes à ses créations les plus stylisées, en passant par les célèbres Nus bleus et les harmonies chatoyantes de Luxe, calme et volupté. Programme court : Frida Kahlo ----------------------------- En alternance, un programme plus court rend hommage à Frida Kahlo. « Frida Kahlo, en plein cœur » dévoile la métamorphose de l’artiste mexicaine : de la douleur et de la quête de soi à l’affirmation flamboyante de son identité, portée par ses couleurs intenses et ses motifs iconiques. Deux univers puissants, deux regards sur la couleur, pour une immersion poétique et envoûtante au cœur de la création artistique moderne. Infos pratiques --------------- ### Horaires * **Les horaires sont susceptibles d’être modifiés sans préavis. Nous vous conseillons fortement de consulter le site officiel des** [**Bassins des Lumières**](https://www.bassins-lumieres.com/fr) **pour plus d’informations.** ### Tarifs * Plein tarif : 16 € * Tarif senior : 15 € (+ de 65 ans) * Tarif réduit : 12,50 € (étudiants, demandeurs d’emploi, porteurs du pass Éducation, accompagnant d’une personne en situation de handicap, sur présentation d’un justificatif) * Tarif jeune : 9 € (6-25 ans) * Tarif famille : 43 € (2 adultes + 2 jeunes) * Gratuit pour les moins de 6 ans, porteurs d’une carte d’invalidité, membres de l’ICOM et l’ICOMOS, conférenciers et guides interprètes, jounalistes, bénéficiaires des minima sociaux, personnel scientifique des musées publics, membres de l’association des critiques d’art (sur présentation d’un justificatif). ### Autres infos * Dernière entrée 1h avant la fermeture du site. Les expositions immersives sont projetées en continu. * La librairie-boutique est ouverte aux horaires d'ouverture du centre d'art * Durée de la visite : 1h-1h15 ### [Toutes nos idées de visite et balade disponibles par ici !](https://www.visiter-bordeaux.com/fr?subid=Agenda-BT)
Lieu: Bordeaux, Imp. Brown de Colstoun 33300 Bordeaux
Date de début: 2026-02-07 10:00:00
Date de fin: 2027-01-02 20:00:00
Catégories: bassins des lumières, bordeaux, projection, exposition, incontournable"
97128734,"Exposition ""La douane aux frontières du large"" au Musée des Douanes","Du 2 avril au 22 novembre 2026, le Musée national des douanes présente son exposition temporaire La douane aux frontières du large, dédiée à la Direction Nationale Garde-Côtes des Douanes.","La nouvelle exposition temporaire du Musée des Douanes ------------------------------------------------------ Du 2 avril au 22 novembre 2026, le Musée national des douanes présente son exposition temporaire La douane aux frontières du large, dédiée à la Direction Nationale Garde-Côtes des Douanes. À travers objets historiques, uniformes, maquettes de bateaux, sons et témoignages, l’exposition retrace l’évolution des missions de la douane maritime, depuis le XVIIIᵉ siècle jusqu’à nos jours.",Bordeaux,"Place de la Bourse, 33000 Bordeaux",Nouvelle-Aquitaine,2026-04-02 10:00:00,2026-11-22 18:00:00,"exposition, musée des douanes, bordeaux",https://openagenda.com/un-air-de-bordeaux/events/exhibition-customs-at-the-borders-of-the-sea-at-the-customs-museum,"Titre: Exposition ""La douane aux frontières du large"" au Musée des Douanes
Description: Du 2 avril au 22 novembre 2026, le Musée national des douanes présente son exposition temporaire La douane aux frontières du large, dédiée à la Direction Nationale Garde-Côtes des Douanes.
Détails: La nouvelle exposition temporaire du Musée des Douanes ------------------------------------------------------ Du 2 avril au 22 novembre 2026, le Musée national des douanes présente son exposition temporaire La douane aux frontières du large, dédiée à la Direction Nationale Garde-Côtes des Douanes. À travers objets historiques, uniformes, maquettes de bateaux, sons et témoignages, l’exposition retrace l’évolution des missions de la douane maritime, depuis le XVIIIᵉ siècle jusqu’à nos jours.
Lieu: Bordeaux, Place de la Bourse, 33000 Bordeaux
Date de début: 2026-04-02 10:00:00
Date de fin: 2026-11-22 18:00:00
Catégories: exposition, musée des douanes, bordeaux"
80729263,"Via Sensoria, le parcours sensoriel de dégustation à La Cité du Vin","Via Sensoria, le parcours sensoriel de La Cité du Vin, est de retour à Bordeaux.","Découvrez Via Sensoria ---------------------- Via Sensoria, une aventure sensorielle unique : une promenade d'une heure à travers des pavillons inspirés des quatre saisons, combinant des propositions artistiques avec des accords subtils entre boissons et saisons. ### Un parcours de dégustation À l’entrée des 4 espaces (printemps, été, automne et hiver), une dégustation de vins du monde ou de boissons non alcoolisées sera orchestrée par un hôte-sommelier accompagnant le public. C’est une expérience qui invite chacun à s’interroger sur ses sensations et émotions. ### Informations pratiques * **Les horaires sont susceptibles d’être modifiés sans préavis. Nous vous conseillons fortement de consulter le site officiel de la** [**Cité du Vin**](https://www.laciteduvin.com/fr/agenda/via-sensoria-parcours-immersif-de-degustation) **pour plus d’informations.** * Vous devez choisir un jour et une heure lors de l'achat de votre billet. Les réservations sont ouvertes un mois à l’avance. * L’expérience Via Sensoria est différente et complémentaire à celle de l’Exposition Permanente et nécessite un billet dédié. _Via Sensoria a été créée par GEDEON Programmes avec l’assistance artistique des scénographes Sylvain Roca et Julia Dessirier (Atelier Sylvain Roca), du réalisateur Olivier Brunet, du compositeur Christian Holl, de la poétesse Nami Moukheiber, ainsi que des studios de design Sabir (design graphique) et Aura Studio (design lumière)._",Bordeaux,"1 esplanade de Pontac, 33300 Bordeaux",Nouvelle-Aquitaine,2026-04-01 10:00:00,2026-11-08 18:00:00,"dégustation, vin, cité, bordeaux, exposition, immersif, incontournable, printemps",https://openagenda.com/un-air-de-bordeaux/events/via-sensoria-immersive-tasting-tour,"Titre: Via Sensoria, le parcours sensoriel de dégustation à La Cité du Vin
Description: Via Sensoria, le parcours sensoriel de La Cité du Vin, est de retour à Bordeaux.
Détails: Découvrez Via Sensoria ---------------------- Via Sensoria, une aventure sensorielle unique : une promenade d'une heure à travers des pavillons inspirés des quatre saisons, combinant des propositions artistiques avec des accords subtils entre boissons et saisons. ### Un parcours de dégustation À l’entrée des 4 espaces (printemps, été, automne et hiver), une dégustation de vins du monde ou de boissons non alcoolisées sera orchestrée par un hôte-sommelier accompagnant le public. C’est une expérience qui invite chacun à s’interroger sur ses sensations et émotions. ### Informations pratiques * **Les horaires sont susceptibles d’être modifiés sans préavis. Nous vous conseillons fortement de consulter le site officiel de la** [**Cité du Vin**](https://www.laciteduvin.com/fr/agenda/via-sensoria-parcours-immersif-de-degustation) **pour plus d’informations.** * Vous devez choisir un jour et une heure lors de l'achat de votre billet. Les réservations sont ouvertes un mois à l’avance. * L’expérience Via Sensoria est différente et complémentaire à celle de l’Exposition Permanente et nécessite un billet dédié. _Via Sensoria a été créée par GEDEON Programmes avec l’assistance artistique des scénographes Sylvain Roca et Julia Dessirier (Atelier Sylvain Roca), du réalisateur Olivier Brunet, du compositeur Christian Holl, de la poétesse Nami Moukheiber, ainsi que des studios de design Sabir (design graphique) et Aura Studio (design lumière)._
Lieu: Bordeaux, 1 esplanade de Pontac, 33300 Bordeaux
Date de début: 2026-04-01 10:00:00
Date de fin: 2026-11-08 18:00:00
Catégories: dégustation, vin, cité, bordeaux, exposition, immersif, incontournable, printemps"
15456661,Visite de la Flèche Saint-Michel à Bordeaux,Montez au sommet de la Flèche Saint-Michel de Bordeaux et admirer l'un des plus beaux panoramas sur la ville.,"La Flèche Saint-Michel, incontournable de Bordeaux -------------------------------------------------- Repérable de loin, la flèche Saint-Michel façonne la silhouette bordelaise depuis le Moyen Âge. Symbole de l'ambition de la paroisse Saint-Michel, elle surplombe la basilique gothique flamboyante inscrite au patrimoine mondial de l'UNESCO au titre des chemins de Saint-Jacques-de-Compostelle. La flèche est aussi connue pour sa crypte, installée dans la base de la tour, qui a longtemps servi d'ossuaire. ### Comment visiter la Flèche Saint-Michel Après quatre ans de travaux, la flèche a rouvert au public le 13 juin 2026. La visite consiste à gravir 230 marches pour atteindre une terrasse panoramique à 47 mètres de hauteur, offrant une vue inoubliable sur la ville et le port de la Lune. L'accessibilité est difficile en raison du nombre de marches, et la visite se fait sans guide. Au sommet, le panorama dévoile les toits du centre, la Garonne, le pont de Pierre, les quais, le miroir d'eau et les coteaux de la rive droite. [**Je réserve ma visite**](https://www.fleche-saint-michel.com/) Infos pratiques : visiter la Flèche ----------------------------------- La flèche Saint-Michel est le 4e clocher de France avec ses 114 mètres de hauteur. * Période d'ouverture : d'avril à octobre * Horaires : de 10h à 13h et de 14h à 18h * Adresse : 16 Pl. Meynard, 33000 Bordeaux * Tarifs : 7 € / adulte et 5 € au tarif réduit * Gratuit pour les -13 ans et les [porteurs du CityPass](https://www.visiter-bordeaux.com/fr/bordeaux-citypass.html?subid=agenda-bt) * Innaccessible PMR",Bordeaux,"16 Pl. Meynard, 33000 Bordeaux",Nouvelle-Aquitaine,2026-07-06 10:00:00,2026-10-31 18:00:00,"flèche saint-michel, Bordeaux flèche, clocher bordeaux, visiter flèche saint michel",https://openagenda.com/un-air-de-bordeaux/events/visita-a-la-fleche-saint-michel-en-burdeos,"Titre: Visite de la Flèche Saint-Michel à Bordeaux
Description: Montez au sommet de la Flèche Saint-Michel de Bordeaux et admirer l'un des plus beaux panoramas sur la ville.
Détails: La Flèche Saint-Michel, incontournable de Bordeaux -------------------------------------------------- Repérable de loin, la flèche Saint-Michel façonne la silhouette bordelaise depuis le Moyen Âge. Symbole de l'ambition de la paroisse Saint-Michel, elle surplombe la basilique gothique flamboyante inscrite au patrimoine mondial de l'UNESCO au titre des chemins de Saint-Jacques-de-Compostelle. La flèche est aussi connue pour sa crypte, installée dans la base de la tour, qui a longtemps servi d'ossuaire. ### Comment visiter la Flèche Saint-Michel Après quatre ans de travaux, la flèche a rouvert au public le 13 juin 2026. La visite consiste à gravir 230 marches pour atteindre une terrasse panoramique à 47 mètres de hauteur, offrant une vue inoubliable sur la ville et le port de la Lune. L'accessibilité est difficile en raison du nombre de marches, et la visite se fait sans guide. Au sommet, le panorama dévoile les toits du centre, la Garonne, le pont de Pierre, les quais, le miroir d'eau et les coteaux de la rive droite. [**Je réserve ma visite**](https://www.fleche-saint-michel.com/) Infos pratiques : visiter la Flèche ----------------------------------- La flèche Saint-Michel est le 4e clocher de France avec ses 114 mètres de hauteur. * Période d'ouverture : d'avril à octobre * Horaires : de 10h à 13h et de 14h à 18h * Adresse : 16 Pl. Meynard, 33000 Bordeaux * Tarifs : 7 € / adulte et 5 € au tarif réduit * Gratuit pour les -13 ans et les [porteurs du CityPass](https://www.visiter-bordeaux.com/fr/bordeaux-citypass.html?subid=agenda-bt) * Innaccessible PMR
Lieu: Bordeaux, 16 Pl. Meynard, 33000 Bordeaux
Date de début: 2026-07-06 10:00:00
Date de fin: 2026-10-31 18:00:00
Catégories: flèche saint-michel, Bordeaux flèche, clocher bordeaux, visiter flèche saint michel"
36435750,Les événements pulpés de l'été,"Que vous soyez amateur de vin, passionné de culture ou avide d'aventure, l'été sera pulpé dans le vignoble bordelais.","Les événements pulpés de l'été sont de retour dans le vignoble bordelais ! -------------------------------------------------------------------------- ### Découvrez les meilleurs événements de l'été en Gironde Afterwork au château, afterbeach les pieds dans l’eau, guinguettes comme on les aime, festivals qui décoiffent, visites guidées pittoresques ou dégustations insolites, nous vous avons concocté une sélection d’événements 100% pulpés ! Cet été, faites danser vos papilles au rythme des accords mets & vins, pimentez vos soirées aux sons des concerts inédits et intimistes et surtout, laissez-vous griser par des escapades riches en rencontres et en authenticité. Les événements pulpés de l’été, c’est votre pass pour un été inoubliable dans le vignoble bordelais.",Bordeaux,"12 Cr du 30 Juillet, 33000 Bordeaux",Nouvelle-Aquitaine,2026-07-01 10:00:00,2026-08-31 23:59:00,"guinguettes, festival, concerts, afterwork, afterbeach, apéro vigneron, barbecue, musique, visites, dégustation, châteaux, vignoble",https://openagenda.com/un-air-de-bordeaux/events/les-evenements-pulpes-de-lete-2611650,"Titre: Les événements pulpés de l'été
Description: Que vous soyez amateur de vin, passionné de culture ou avide d'aventure, l'été sera pulpé dans le vignoble bordelais.
Détails: Les événements pulpés de l'été sont de retour dans le vignoble bordelais ! -------------------------------------------------------------------------- ### Découvrez les meilleurs événements de l'été en Gironde Afterwork au château, afterbeach les pieds dans l’eau, guinguettes comme on les aime, festivals qui décoiffent, visites guidées pittoresques ou dégustations insolites, nous vous avons concocté une sélection d’événements 100% pulpés ! Cet été, faites danser vos papilles au rythme des accords mets & vins, pimentez vos soirées aux sons des concerts inédits et intimistes et surtout, laissez-vous griser par des escapades riches en rencontres et en authenticité. Les événements pulpés de l’été, c’est votre pass pour un été inoubliable dans le vignoble bordelais.
Lieu: Bordeaux, 12 Cr du 30 Juillet, 33000 Bordeaux
Date de début: 2026-07-01 10:00:00
Date de fin: 2026-08-31 23:59:00
Catégories: guinguettes, festival, concerts, afterwork, afterbeach, apéro vigneron, barbecue, musique, visites, dégustation, châteaux, vignoble"
28419994,"La Forêt Magique de Bordeaux : enquêtes, défis et magie en famille","Cet été, vivez une aventure magique en forêt ! Enquêtes, défis, exploration et jeux immersifs attendent petits et grands dès le 4 juillet.","Découvrez la Forêt Magique de Bordeaux -------------------------------------- La Forêt Magique de Bordeaux vous accueille tout l'été au Domaine Sainte-Raphine à Fargues-Saint-Hilaire, aux portes de Bordeaux. Cette activité de loisirs en pleine nature invite les visiteurs à vivre des aventures immersives au cœur de la forêt, entre énigmes, exploration et défis à partager en famille ou entre amis. Plusieurs parcours adaptés à chaque âge sont proposés : * Les Clés de Sorcelia (dès 8 ans) : une grande quête fantastique où les participants devront retrouver les neuf clés capables d'ouvrir les portes des mondes magiques. * Aventures au Pays des Contes (4 à 7 ans) : une enquête familiale inspirée des contes de notre enfance, mêlant énigmes et exploration. * Le Secret des Trolls (moins de 4 ans) : une aventure spécialement conçue pour les plus jeunes, à la recherche de la recette de la Potion Riquiqui. * La Quête de l'Œuf d'Or (tout public) : chaque jour, un Œuf d'Or est caché dans la forêt et permet à une équipe de remporter des entrées gratuites. Une sortie originale en plein air, idéale pour les familles et les amateurs d'aventures, du 4 juillet au 30 août 2026.",Fargues-Saint-Hilaire,"12 avenue des bons enfants, Fargues Saint-Hilaire",Nouvelle-Aquitaine,2026-07-04 10:00:00,2026-08-30 19:00:00,"sortie famille, activité famille, sortie nature, activité plein-air, jeu de piste, balade en forêt, chasse au trésor, Escape-game extérieur,",https://openagenda.com/un-air-de-bordeaux/events/la-foret-magique-de-bordeaux-enquetes-defis-et-magie-en-famille,"Titre: La Forêt Magique de Bordeaux : enquêtes, défis et magie en famille
Description: Cet été, vivez une aventure magique en forêt ! Enquêtes, défis, exploration et jeux immersifs attendent petits et grands dès le 4 juillet.
Détails: Découvrez la Forêt Magique de Bordeaux -------------------------------------- La Forêt Magique de Bordeaux vous accueille tout l'été au Domaine Sainte-Raphine à Fargues-Saint-Hilaire, aux portes de Bordeaux. Cette activité de loisirs en pleine nature invite les visiteurs à vivre des aventures immersives au cœur de la forêt, entre énigmes, exploration et défis à partager en famille ou entre amis. Plusieurs parcours adaptés à chaque âge sont proposés : * Les Clés de Sorcelia (dès 8 ans) : une grande quête fantastique où les participants devront retrouver les neuf clés capables d'ouvrir les portes des mondes magiques. * Aventures au Pays des Contes (4 à 7 ans) : une enquête familiale inspirée des contes de notre enfance, mêlant énigmes et exploration. * Le Secret des Trolls (moins de 4 ans) : une aventure spécialement conçue pour les plus jeunes, à la recherche de la recette de la Potion Riquiqui. * La Quête de l'Œuf d'Or (tout public) : chaque jour, un Œuf d'Or est caché dans la forêt et permet à une équipe de remporter des entrées gratuites. Une sortie originale en plein air, idéale pour les familles et les amateurs d'aventures, du 4 juillet au 30 août 2026.
Lieu: Fargues-Saint-Hilaire, 12 avenue des bons enfants, Fargues Saint-Hilaire
Date de début: 2026-07-04 10:00:00
Date de fin: 2026-08-30 19:00:00
Catégories: sortie famille, activité famille, sortie nature, activité plein-air, jeu de piste, balade en forêt, chasse au trésor, Escape-game extérieur,"
6483569,Exposition Miaou!,"Du 16 juin 2026 au 03 janvier 2027, le Muséum de Bordeaux présente Miaou !, une exposition participative consacrée à un animal aussi familier qu’insaisissable : le chat.","Le chat, entre sciences, culture et imaginaire ---------------------------------------------- Animal familier et pourtant insaisissable, le chat occupe une place singulière dans nos sociétés. À la fois compagnon domestique, prédateur redoutable et figure incontournable de la culture populaire, il suscite depuis des siècles fascination et curiosité. À travers Miaou !, le Muséum de Bordeaux invite les visiteurs et visiteuses à explorer les multiples facettes du chat. L’exposition aborde notamment le chat du point de vue scientifique : son comportement, ses capacités sensorielles, son évolution ou encore sa relation aux humains. Le parcours s’intéresse également à la place du chat dans les représentations culturelles et les imaginaires collectifs. Vénéré, craint, célébré ou mis en scène dans les arts et la culture populaire, le chat traverse les époques et les sociétés sous des formes multiples. En croisant approches scientifiques, culturelles et sensibles, Miaou ! propose une découverte vivante et accessible de cet animal que l’on croit bien connaître. Une exposition participative imaginée avec le public ---------------------------------------------------- Avec Miaou !, le Muséum de Bordeaux propose sa nouvelle exposition participative. Pendant sept mois, une quinzaine de participant·es, mêlant grand public et membres de l’équipe du Muséum, ont collaboré sur la conception de l’exposition. Ensemble, ils et elles ont imaginé les thématiques, choisi les contenus et réfléchi aux dispositifs présentés dans le parcours. Pour la plupart non spécialistes de la conception muséale, les participant·es ont apporté leurs expériences personnelles, leurs souvenirs, leurs questionnements et leurs imaginaires autour du chat. Cette démarche collective donne naissance à une exposition originale, construite à partir d’une diversité de regards et de sensibilités. En associant le public à la création du projet, le Muséum explore une nouvelle manière de concevoir une exposition scientifique : plus collaborative, plus ouverte et plus proche des expériences de chacun et chacune. Miaou ! reflète ainsi la richesse des liens qui unissent humains et chats, entre savoirs scientifiques, récits intimes et représentations culturelles. ### Au programme : Mercredi 17 juin 2026 : Mini-Miaou! Journée spéciale pour les enfants avec animations à partir de 10h30 Plus d’informations sur [www.museum-bordeaux.fr](www.museum-bordeaux.fr)",Bordeaux,5 place Bardineau 33000 Bordeaux,Nouvelle-Aquitaine,2026-06-17 10:30:00,2027-01-03 17:30:00,"exposition participative, muséum de bordeaux",https://openagenda.com/museum-de-bordeaux-sciences-et-nature/events/exposition-miaou,"Titre: Exposition Miaou!
Description: Du 16 juin 2026 au 03 janvier 2027, le Muséum de Bordeaux présente Miaou !, une exposition participative consacrée à un animal aussi familier qu’insaisissable : le chat.
Détails: Le chat, entre sciences, culture et imaginaire ---------------------------------------------- Animal familier et pourtant insaisissable, le chat occupe une place singulière dans nos sociétés. À la fois compagnon domestique, prédateur redoutable et figure incontournable de la culture populaire, il suscite depuis des siècles fascination et curiosité. À travers Miaou !, le Muséum de Bordeaux invite les visiteurs et visiteuses à explorer les multiples facettes du chat. L’exposition aborde notamment le chat du point de vue scientifique : son comportement, ses capacités sensorielles, son évolution ou encore sa relation aux humains. Le parcours s’intéresse également à la place du chat dans les représentations culturelles et les imaginaires collectifs. Vénéré, craint, célébré ou mis en scène dans les arts et la culture populaire, le chat traverse les époques et les sociétés sous des formes multiples. En croisant approches scientifiques, culturelles et sensibles, Miaou ! propose une découverte vivante et accessible de cet animal que l’on croit bien connaître. Une exposition participative imaginée avec le public ---------------------------------------------------- Avec Miaou !, le Muséum de Bordeaux propose sa nouvelle exposition participative. Pendant sept mois, une quinzaine de participant·es, mêlant grand public et membres de l’équipe du Muséum, ont collaboré sur la conception de l’exposition. Ensemble, ils et elles ont imaginé les thématiques, choisi les contenus et réfléchi aux dispositifs présentés dans le parcours. Pour la plupart non spécialistes de la conception muséale, les participant·es ont apporté leurs expériences personnelles, leurs souvenirs, leurs questionnements et leurs imaginaires autour du chat. Cette démarche collective donne naissance à une exposition originale, construite à partir d’une diversité de regards et de sensibilités. En associant le public à la création du projet, le Muséum explore une nouvelle manière de concevoir une exposition scientifique : plus collaborative, plus ouverte et plus proche des expériences de chacun et chacune. Miaou ! reflète ainsi la richesse des liens qui unissent humains et chats, entre savoirs scientifiques, récits intimes et représentations culturelles. ### Au programme : Mercredi 17 juin 2026 : Mini-Miaou! Journée spéciale pour les enfants avec animations à partir de 10h30 Plus d’informations sur [www.museum-bordeaux.fr](www.museum-bordeaux.fr)
Lieu: Bordeaux, 5 place Bardineau 33000 Bordeaux
Date de début: 2026-06-17 10:30:00
Date de fin: 2027-01-03 17:30:00
Catégories: exposition participative, muséum de bordeaux"
55193452,"Exposition ""Pollen"" au CAPC de Bordeaux","""Pollen"" est le troisième des récits de collection du Capc Musée d'art contemporain de Bordeaux et fait suite au ""Tour du jour en quatre-vingts mondes"" ainsi qu’à ""Amour Systémique"".","Découvrez l'exposition du moment du CAPC ---------------------------------------- _Pollen_ est le troisième des récits de collection et fait suite au _Tour du jour en quatre-vingts mondes_ ainsi qu’à _Amour Systémique_. À travers une sélection d’œuvres récentes et historiques, Pollen pense notre rapport à nos environnements – notamment naturels – et à leurs organismes : végétaux, animaux mais aussi minéraux. ### Informations pratiques * Du 28 mars 2025 au 20 juin 2027 * Équipe curatoriale : Cédric Fauq avec Anne Cadenet, Alice Cavender, Stéphanie Cottin et Milena Páez-Barbat * Galerie : 2e étage. Plus d'informations sur Pollen ------------------------------ L’exposition _Pollen_ se demande si l’expérience de l’art peut aider à mieux regarder notre environnement ou du moins peut permettre de le regarder – et donc de le concevoir – « autrement ». Une question qui se fait d’autant plus importante à l’heure où la multiplicité des discours scientifiques et de la production journalistique et documentaire sur les crises écologiques contemporaines semble avoir des effets limités de prise de conscience collective. Alors, quels modes de récits peuvent changer nos rapports à la nature ? Quelles formes peuvent permettre à la fois de décentrer nos regards sur nos mondes et remettre en jeu nos manières d’exister dans celui-ci ? Le titre de l’exposition fait référence à l’œuvre _Pollen de noisetier_ (1992) de l’artiste allemand Wolfgang Laib. Cette œuvre, composée de pollen de noisetier, comme son titre l’indique, récolté par l’artiste, a changé de couleur depuis sa première exposition. La présence de cette matière naturelle « pure » au sein des collections pose question quant à son instabilité mais aussi car elle peut encore, potentiellement, attirer des insectes. Si le geste de Wolfgang Laib est empreint d’un grand respect pour la nature voire d’une forme de spiritualité, il pourrait aussi – aux premiers abords – être considéré comme une forme d’extraction.",Bordeaux,7 rue Ferrère 33000 Bordeaux,Nouvelle-Aquitaine,2026-01-06 11:00:00,2027-06-20 18:00:00,"capc, capc musée, capc bordeaux, capc collection, capc exposition",https://openagenda.com/un-air-de-bordeaux/events/pollen-exhibition-at-the-bordeaux-museum-of-contemporary-art,"Titre: Exposition ""Pollen"" au CAPC de Bordeaux
Description: ""Pollen"" est le troisième des récits de collection du Capc Musée d'art contemporain de Bordeaux et fait suite au ""Tour du jour en quatre-vingts mondes"" ainsi qu’à ""Amour Systémique"".
Détails: Découvrez l'exposition du moment du CAPC ---------------------------------------- _Pollen_ est le troisième des récits de collection et fait suite au _Tour du jour en quatre-vingts mondes_ ainsi qu’à _Amour Systémique_. À travers une sélection d’œuvres récentes et historiques, Pollen pense notre rapport à nos environnements – notamment naturels – et à leurs organismes : végétaux, animaux mais aussi minéraux. ### Informations pratiques * Du 28 mars 2025 au 20 juin 2027 * Équipe curatoriale : Cédric Fauq avec Anne Cadenet, Alice Cavender, Stéphanie Cottin et Milena Páez-Barbat * Galerie : 2e étage. Plus d'informations sur Pollen ------------------------------ L’exposition _Pollen_ se demande si l’expérience de l’art peut aider à mieux regarder notre environnement ou du moins peut permettre de le regarder – et donc de le concevoir – « autrement ». Une question qui se fait d’autant plus importante à l’heure où la multiplicité des discours scientifiques et de la production journalistique et documentaire sur les crises écologiques contemporaines semble avoir des effets limités de prise de conscience collective. Alors, quels modes de récits peuvent changer nos rapports à la nature ? Quelles formes peuvent permettre à la fois de décentrer nos regards sur nos mondes et remettre en jeu nos manières d’exister dans celui-ci ? Le titre de l’exposition fait référence à l’œuvre _Pollen de noisetier_ (1992) de l’artiste allemand Wolfgang Laib. Cette œuvre, composée de pollen de noisetier, comme son titre l’indique, récolté par l’artiste, a changé de couleur depuis sa première exposition. La présence de cette matière naturelle « pure » au sein des collections pose question quant à son instabilité mais aussi car elle peut encore, potentiellement, attirer des insectes. Si le geste de Wolfgang Laib est empreint d’un grand respect pour la nature voire d’une forme de spiritualité, il pourrait aussi – aux premiers abords – être considéré comme une forme d’extraction.
Lieu: Bordeaux, 7 rue Ferrère 33000 Bordeaux
Date de début: 2026-01-06 11:00:00
Date de fin: 2027-06-20 18:00:00
Catégories: capc, capc musée, capc bordeaux, capc collection, capc exposition"
45127945,Exposition permanente du Musée d'Aquitaine : 400 000 ans d’histoire(s),"Au Musée d'Aquitaine, à Bordeaux, plongez au cœur de l’histoire de Bordeaux et de sa région, de la Préhistoire à nos jours !","400 000 ans d’histoire(s) en Aquitaine -------------------------------------- Au Musée d’Aquitaine, l’exposition permanente propose un vaste parcours à travers 400 000 ans d’histoire, de la Préhistoire au XXIᵉ siècle. Objets archéologiques, œuvres, documents et dispositifs interactifs racontent comment les femmes et les hommes d’Aquitaine ont façonné leur territoire, leurs villes et leur identité. Des premiers habitants aux sociétés antiques, du Moyen Âge aux Lumières, le parcours aborde les grandes transformations politiques, culturelles et économiques de la région. Une place importante est consacrée à Bordeaux comme port atlantique, au commerce colonial, à la traite négrière et à l’esclavage, ainsi qu’aux héritages de cette histoire. La visite s’achève sur les paysages et les activités contemporaines de la Nouvelle-Aquitaine, offrant une lecture vivante et accessible du passé au présent. Informations pratiques du Musée ------------------------------- ### Horaires * Ouvert de 11h à 18h. * Fermé les lundis et jours fériés, exceptés les 14 juillet et 15 août. ### Tarifs * Entrée au musée : 8€ (4,50€ tarif réduit) * Étudiants (-26 ans) : 2€ * Gratuit pour les -18 ans, les titulaires de la Carte jeune Bordeaux Métropole, les bénéficiaires de minimas sociaux, les personnes en situation de handicap et leur accompagnateur",Bordeaux,20 cours Pasteur 33000 Bordeaux,Nouvelle-Aquitaine,2026-01-05 11:00:00,2027-01-16 18:00:00,"bordeaux, histoire, musée",https://openagenda.com/un-air-de-bordeaux/events/permanent-exhibition-at-the-museum-of-aquitaine-400000-years-of-history,"Titre: Exposition permanente du Musée d'Aquitaine : 400 000 ans d’histoire(s)
Description: Au Musée d'Aquitaine, à Bordeaux, plongez au cœur de l’histoire de Bordeaux et de sa région, de la Préhistoire à nos jours !
Détails: 400 000 ans d’histoire(s) en Aquitaine -------------------------------------- Au Musée d’Aquitaine, l’exposition permanente propose un vaste parcours à travers 400 000 ans d’histoire, de la Préhistoire au XXIᵉ siècle. Objets archéologiques, œuvres, documents et dispositifs interactifs racontent comment les femmes et les hommes d’Aquitaine ont façonné leur territoire, leurs villes et leur identité. Des premiers habitants aux sociétés antiques, du Moyen Âge aux Lumières, le parcours aborde les grandes transformations politiques, culturelles et économiques de la région. Une place importante est consacrée à Bordeaux comme port atlantique, au commerce colonial, à la traite négrière et à l’esclavage, ainsi qu’aux héritages de cette histoire. La visite s’achève sur les paysages et les activités contemporaines de la Nouvelle-Aquitaine, offrant une lecture vivante et accessible du passé au présent. Informations pratiques du Musée ------------------------------- ### Horaires * Ouvert de 11h à 18h. * Fermé les lundis et jours fériés, exceptés les 14 juillet et 15 août. ### Tarifs * Entrée au musée : 8€ (4,50€ tarif réduit) * Étudiants (-26 ans) : 2€ * Gratuit pour les -18 ans, les titulaires de la Carte jeune Bordeaux Métropole, les bénéficiaires de minimas sociaux, les personnes en situation de handicap et leur accompagnateur
Lieu: Bordeaux, 20 cours Pasteur 33000 Bordeaux
Date de début: 2026-01-05 11:00:00
Date de fin: 2027-01-16 18:00:00
Catégories: bordeaux, histoire, musée"
27450365,Dansons sur les quais à Bordeaux,"Festival rassemblant des milliers de personnes autour de toutes les danses pour tous les publics. Chaque jour, des soirées dansantes précédées d'initiations sont organisées.","Un festival 100% girondin ------------------------- Depuis 2004, le festival Dansons sur les Quais a rassemblé plusieurs centaines de milliers de personnes autour de la danse sous toutes ses formes. Il aura permis pour beaucoup de découvrir gratuitement l'étendu de cet univers, ses multiples disciplines et nombre d'artistes. Pour cette 20e édition, le festival redonne toute sa place aux grandes soirées fédératrices : des soirées thématiques animées ou co-animées par les écoles et associations du territoire. Les danses les plus connues seront mises à l'honneur : rock, salsa, kizomba, tango, danses urbaines... Programme complet ----------------- Né d’une idée, celle de créer des bulles de bonheur et de l’envie de proposer un grand événement autour de la Danse, Dansons sur les Quais rend accessible à tous l’apprentissage et la pratique de la danse. * Initiations à la danse * Shows spectaculaires * Démonstrations * Soirées dansantes * D'autres animations !",Bordeaux,"Placette de Munich, 33000 Bordeaux",Nouvelle-Aquitaine,2026-07-14 11:00:00,2026-08-02 23:59:00,"danse, bordeaux, festival",https://openagenda.com/un-air-de-bordeaux/events/festival-de-danza-de-burdeos-baile-en-el-muelle,"Titre: Dansons sur les quais à Bordeaux
Description: Festival rassemblant des milliers de personnes autour de toutes les danses pour tous les publics. Chaque jour, des soirées dansantes précédées d'initiations sont organisées.
Détails: Un festival 100% girondin ------------------------- Depuis 2004, le festival Dansons sur les Quais a rassemblé plusieurs centaines de milliers de personnes autour de la danse sous toutes ses formes. Il aura permis pour beaucoup de découvrir gratuitement l'étendu de cet univers, ses multiples disciplines et nombre d'artistes. Pour cette 20e édition, le festival redonne toute sa place aux grandes soirées fédératrices : des soirées thématiques animées ou co-animées par les écoles et associations du territoire. Les danses les plus connues seront mises à l'honneur : rock, salsa, kizomba, tango, danses urbaines... Programme complet ----------------- Né d’une idée, celle de créer des bulles de bonheur et de l’envie de proposer un grand événement autour de la Danse, Dansons sur les Quais rend accessible à tous l’apprentissage et la pratique de la danse. * Initiations à la danse * Shows spectaculaires * Démonstrations * Soirées dansantes * D'autres animations !
Lieu: Bordeaux, Placette de Munich, 33000 Bordeaux
Date de début: 2026-07-14 11:00:00
Date de fin: 2026-08-02 23:59:00
Catégories: danse, bordeaux, festival"
75495109,Plage du Lac : baignade surveillée et animations gratuites tout l'été !,"La Plage du Lac, un lieu de vacances au cœur de la ville où il est possible de se baigner, de se dépayser, de pique-niquer mais aussi de profiter de nombreuses activités gratuites !","**Baignade surveillée** ----------------------- * Du 1er juin au 31 août, de 12h à 19h, tous les jours de la semaine (jours fériés inclus) _A NOTER : Suite au passage en vigilance orange, les baignades seront ouvertes de 13h à 20h tous les jours_ * Du 2 au 20 septembre, uniquement les mercredis et les week-ends **Animations gratuites : sport, lecture et nature** --------------------------------------------------- Du 6 juillet au 31 août ### **Sport** Tous les jours de la semaine, de 14h à 18h * **Lundi** : kayak * **Mardi** : escalade et voile * **Mercredi** : voile * **Jeudi** : boxe, kayak et voile * **Vendredi** : kayak et voile * **Samedi** : kayak et voile * **Dimanche** : kayak _**Kayak**_ _avec l'Emulation Nautique de Bordeaux /_ _**Voile**_ _avec le Centre de Voile de Bordeaux-Lac_ / _**Boxe**_ _avec le Comité de Gironde Savate_ Tous les samedis de juillet et août (sauf le 15 août), le village sportif itinérant, **Quartiers Sports** s'installe sur la plage. Les activités sont encadrées par les éducateurs sportifs du village et des associations partenaires. ### **Lecture** Tous les mercredis de 15h à 18h * **Biblio plage** : un espace aménagé sous les arbres avec des livres et des jeux, animé par l’équipe des Bibliothèques de Bordeaux. ### **Nature** Tous les mercredis, de 14h à 17h30 Animations développement durable avec la Maison de la Nature et de l’Environnement (MNE). Tout public. * **8 juillet** : À la découverte des petites bêtes du compost _avec l'association Au ras du sol_ Farfouiller la terre et surtout le compost pour y découvrir les petites bêtes. Apprendre à les identifier, les dessiner et réaliser des bombes à graines avec du lombricompost * **15 juillet** : Ekotwist eau _avec l'association Ekolo\[Geek\]_ Sur le principe du Twister®, les joueur·euses tournent la roulette. Une question leur est posée sur le thème de l'eau. S'ils·elles placent leur main ou leur pied sur la bonne case, ils·elles l'enlèvent du tapis, sinon, ils·elles restent dessus. Une animation ludique et dynamique pour échanger sur les éco-gestes pour économiser et moins polluer l'eau. * **22 juillet** : Le puzzle zero waste _avec l'association Zero Waste Bordeaux_ Raconte moi ton puzzle réinvente le traditionnel jeu de puzzle. Le but étant de retirer les pièces dans un ordre spécifique pour dévoiler des histoires captivantes autour du réemploi, du tri, du jardinage au naturel ou encore un marché zéro déchet. * **29 juillet** : Twister du tri _avec l'association AREMACS_ Le but du jeu est de «trouver son équilibre» à travers les différents déchets représentés sur le plateau. Les couleurs correspondent quant à elles aux différentes poubelles (ordures ménagères, recyclable, verre et biodéchets). L’objectif est de faire le lien entre la typologie du déchet et sa bonne poubelle afin d’assurer le geste de tri adéquat, et d'ouvrir la conversation et réflexion sur le sujet. * **5 août** : Jeux de découverte de la biodiversité locale _avec l'Ecosite du Bourgailh_ Découverte de la faune et la flore locale tout en s'amusant avec plusieurs jeux. Les animateurs de l'association seront là pour leur donner un maximum d'informations sur la nature. * **12 août** : À la découverte des végétaux _avec l'association Achillée et Ciboulette_ À partir d'une fiche-photos, vous devrez les retrouver sur le site. Chaque équipe de 2 ou 3 personnes d'un fiche comportant les images de végétaux doit revenir avec une description complète du végétal (fleur/feuille/tige) et décrire l'endroit où se trouve le végétal, ou prendre des photos répondant à ces critères. Des points bonus seront expliqués dans la règle complète. À 16h30 les résultats seront donnés, ainsi que l'annonce de l'équipe gagnante qui se verra attribuée un cadeau! * **19 août** : Atelier de lutherie sauvage _avec l'association Slowfest_ Dans nos ateliers de lutherie sauvage, viens apprendre à fabriquer des instruments de musique à partir de matériaux récupérés et de déchets ! Dans une démarche de réemploi et de zéro gaspi, repars avec ton chocalho (percussion brésilienne que l’on shake) en capsules, ta flûte en PVC, ton catá (percussion cubaine) en bambou et bien plus encore en fonction de l'inspiration des musicien·nes qui animent les ateliers et des ressources matérielles du moment. * **26 août** : Estampe végétale _avec l'association CLAC_ À partir de plantes et de végétaux qui se trouvent sur la plage du lac, le public sera invité à créer une estampe végétale. Afin de réaliser ces motifs sur du papier, le public est invité à créer des empreintes avec les végétaux à l'aide de couleur. L'empreinte réalisée sur du papier laissera le souvenir de la plante et le public pourra ainsi ramener ce tableau végétal. Les objectifs de cet atelier sont à la fois de reconnaître les principales espèces botaniques de la plage du lac (pin maritime, plantain, bruyère, roseau…) et de réaliser une création artistique à ramener et reproduire chez soi. ### **Comment participer aux activités ?** * **Pour les activités sportives :** inscrivez-vous sur place à l’accueil animation ou en appelant le 05 56 69 98 58. * **Pour les activités nautiques** : présenter un justificatif d’identité + pour les mineurs, une attestation de réussite au test préalable à la pratique des activités nautiques ou un brevet d’au moins 25m. * **Pour le biblioplage et les animations nature :** participation libre Inscription à la baignade pour les groupes sur réservation : [resapiscines@mairie-bordeaux.fr](mailto:5Bresapiscines@mairie-bordeaux.fr) ### **Prêt de matériel (jeux de plage, jeux de balle)** Tous les jours d'ouverture de 12h30 à 18h En échange d’un justificatif d’identité.",Bruges,"Bd Jacques Chaban-Delmas, 33520 Bruges",Nouvelle-Aquitaine,2026-06-01 12:00:00,2026-09-20 19:00:00,,https://openagenda.com/bordeaux-sportive/events/plage-du-lac-baignade-surveillee-et-animations-gratuites-tout-lete,"Titre: Plage du Lac : baignade surveillée et animations gratuites tout l'été !
Description: La Plage du Lac, un lieu de vacances au cœur de la ville où il est possible de se baigner, de se dépayser, de pique-niquer mais aussi de profiter de nombreuses activités gratuites !
Détails: **Baignade surveillée** ----------------------- * Du 1er juin au 31 août, de 12h à 19h, tous les jours de la semaine (jours fériés inclus) _A NOTER : Suite au passage en vigilance orange, les baignades seront ouvertes de 13h à 20h tous les jours_ * Du 2 au 20 septembre, uniquement les mercredis et les week-ends **Animations gratuites : sport, lecture et nature** --------------------------------------------------- Du 6 juillet au 31 août ### **Sport** Tous les jours de la semaine, de 14h à 18h * **Lundi** : kayak * **Mardi** : escalade et voile * **Mercredi** : voile * **Jeudi** : boxe, kayak et voile * **Vendredi** : kayak et voile * **Samedi** : kayak et voile * **Dimanche** : kayak _**Kayak**_ _avec l'Emulation Nautique de Bordeaux /_ _**Voile**_ _avec le Centre de Voile de Bordeaux-Lac_ / _**Boxe**_ _avec le Comité de Gironde Savate_ Tous les samedis de juillet et août (sauf le 15 août), le village sportif itinérant, **Quartiers Sports** s'installe sur la plage. Les activités sont encadrées par les éducateurs sportifs du village et des associations partenaires. ### **Lecture** Tous les mercredis de 15h à 18h * **Biblio plage** : un espace aménagé sous les arbres avec des livres et des jeux, animé par l’équipe des Bibliothèques de Bordeaux. ### **Nature** Tous les mercredis, de 14h à 17h30 Animations développement durable avec la Maison de la Nature et de l’Environnement (MNE). Tout public. * **8 juillet** : À la découverte des petites bêtes du compost _avec l'association Au ras du sol_ Farfouiller la terre et surtout le compost pour y découvrir les petites bêtes. Apprendre à les identifier, les dessiner et réaliser des bombes à graines avec du lombricompost * **15 juillet** : Ekotwist eau _avec l'association Ekolo\[Geek\]_ Sur le principe du Twister®, les joueur·euses tournent la roulette. Une question leur est posée sur le thème de l'eau. S'ils·elles placent leur main ou leur pied sur la bonne case, ils·elles l'enlèvent du tapis, sinon, ils·elles restent dessus. Une animation ludique et dynamique pour échanger sur les éco-gestes pour économiser et moins polluer l'eau. * **22 juillet** : Le puzzle zero waste _avec l'association Zero Waste Bordeaux_ Raconte moi ton puzzle réinvente le traditionnel jeu de puzzle. Le but étant de retirer les pièces dans un ordre spécifique pour dévoiler des histoires captivantes autour du réemploi, du tri, du jardinage au naturel ou encore un marché zéro déchet. * **29 juillet** : Twister du tri _avec l'association AREMACS_ Le but du jeu est de «trouver son équilibre» à travers les différents déchets représentés sur le plateau. Les couleurs correspondent quant à elles aux différentes poubelles (ordures ménagères, recyclable, verre et biodéchets). L’objectif est de faire le lien entre la typologie du déchet et sa bonne poubelle afin d’assurer le geste de tri adéquat, et d'ouvrir la conversation et réflexion sur le sujet. * **5 août** : Jeux de découverte de la biodiversité locale _avec l'Ecosite du Bourgailh_ Découverte de la faune et la flore locale tout en s'amusant avec plusieurs jeux. Les animateurs de l'association seront là pour leur donner un maximum d'informations sur la nature. * **12 août** : À la découverte des végétaux _avec l'association Achillée et Ciboulette_ À partir d'une fiche-photos, vous devrez les retrouver sur le site. Chaque équipe de 2 ou 3 personnes d'un fiche comportant les images de végétaux doit revenir avec une description complète du végétal (fleur/feuille/tige) et décrire l'endroit où se trouve le végétal, ou prendre des photos répondant à ces critères. Des points bonus seront expliqués dans la règle complète. À 16h30 les résultats seront donnés, ainsi que l'annonce de l'équipe gagnante qui se verra attribuée un cadeau! * **19 août** : Atelier de lutherie sauvage _avec l'association Slowfest_ Dans nos ateliers de lutherie sauvage, viens apprendre à fabriquer des instruments de musique à partir de matériaux récupérés et de déchets ! Dans une démarche de réemploi et de zéro gaspi, repars avec ton chocalho (percussion brésilienne que l’on shake) en capsules, ta flûte en PVC, ton catá (percussion cubaine) en bambou et bien plus encore en fonction de l'inspiration des musicien·nes qui animent les ateliers et des ressources matérielles du moment. * **26 août** : Estampe végétale _avec l'association CLAC_ À partir de plantes et de végétaux qui se trouvent sur la plage du lac, le public sera invité à créer une estampe végétale. Afin de réaliser ces motifs sur du papier, le public est invité à créer des empreintes avec les végétaux à l'aide de couleur. L'empreinte réalisée sur du papier laissera le souvenir de la plante et le public pourra ainsi ramener ce tableau végétal. Les objectifs de cet atelier sont à la fois de reconnaître les principales espèces botaniques de la plage du lac (pin maritime, plantain, bruyère, roseau…) et de réaliser une création artistique à ramener et reproduire chez soi. ### **Comment participer aux activités ?** * **Pour les activités sportives :** inscrivez-vous sur place à l’accueil animation ou en appelant le 05 56 69 98 58. * **Pour les activités nautiques** : présenter un justificatif d’identité + pour les mineurs, une attestation de réussite au test préalable à la pratique des activités nautiques ou un brevet d’au moins 25m. * **Pour le biblioplage et les animations nature :** participation libre Inscription à la baignade pour les groupes sur réservation : [resapiscines@mairie-bordeaux.fr](mailto:5Bresapiscines@mairie-bordeaux.fr) ### **Prêt de matériel (jeux de plage, jeux de balle)** Tous les jours d'ouverture de 12h30 à 18h En échange d’un justificatif d’identité.
Lieu: Bruges, Bd Jacques Chaban-Delmas, 33520 Bruges
Date de début: 2026-06-01 12:00:00
Date de fin: 2026-09-20 19:00:00"
20175324,L’art déco s’invite à Bordeaux !,Le service Patrimoine propose une sélection élégante et précieuse de la plus belle période Art déco des années 1920 à Bordeaux et en France,"En préambule de l’exposition du musée des Beaux-Arts de Bordeaux [Jean Dupas & Co. Le grand Art déco](https://www.musba-bordeaux.fr/jean-dupas-co) qui sera inaugurée le 26 juin à la galerie, l’art décoratif s’invite sur le palier du 4ème étage de la bibliothèque Mériadeck à travers d’incroyables reliures, des magazines de mode, des gravures, des publicités, des affiches et des prêts d’œuvres graphiques du MusBA, et nous plonge dans cet univers exubérant et épuré. Visites flash les samedis 2 et 30 mai et 11 juillet à 16h30",Bordeaux,"85 cours du Maréchal Juin, 33000 Bordeaux",Nouvelle-Aquitaine,2026-04-30 13:00:00,2026-07-29 19:00:00,"Rendez-vous du Patrimoine, Art déco, Jean Dupas",https://openagenda.com/bordeaux-bibliotheques/events/lart-deco-sinvite-a-bordeaux,"Titre: L’art déco s’invite à Bordeaux !
Description: Le service Patrimoine propose une sélection élégante et précieuse de la plus belle période Art déco des années 1920 à Bordeaux et en France
Détails: En préambule de l’exposition du musée des Beaux-Arts de Bordeaux [Jean Dupas & Co. Le grand Art déco](https://www.musba-bordeaux.fr/jean-dupas-co) qui sera inaugurée le 26 juin à la galerie, l’art décoratif s’invite sur le palier du 4ème étage de la bibliothèque Mériadeck à travers d’incroyables reliures, des magazines de mode, des gravures, des publicités, des affiches et des prêts d’œuvres graphiques du MusBA, et nous plonge dans cet univers exubérant et épuré. Visites flash les samedis 2 et 30 mai et 11 juillet à 16h30
Lieu: Bordeaux, 85 cours du Maréchal Juin, 33000 Bordeaux
Date de début: 2026-04-30 13:00:00
Date de fin: 2026-07-29 19:00:00
Catégories: Rendez-vous du Patrimoine, Art déco, Jean Dupas"
63284005,"Visitez la Porte Cailhau, monument historique de Bordeaux","Voyagez dans le Bordeaux médiéval à travers la visite de la Porte Cailhau, un monument incontournable du Port de la Lune !","Découvrez la nouvelle Porte Cailhau ----------------------------------- Haute de 35 mètres, cette porte défensive du Moyen Âge offre une vue sur les quais, le pont de pierre et les toits de Bordeaux. ### À la découverte du Bordeaux médiéval Un pan méconnu de l’Histoire de Bordeaux vous est dévoilé dans ce monument édifié il y a plus de 500 ans. Faites l’expérience d’un saut dans le temps qui vous révèlera les secrets du Bordeaux médiéval. Des contenus renouvelés ----------------------- Une fois à l'intérieur, voyagez à travers les époques avec, à chaque étage, un nouveau chapitre de l'Histoire. De nouveaux contenus ont été créé et mis en jeu à travers une nouvelle scénographie. L'ensemble permet de vivre une expérience immersive et ludique pour comprendre la place de ce monument dans l'histoire de Bordeaux. La visite se termine en apothéose avec un joli panorama sur la ville et des interviews de personnages illustres de Nouvelle-Aquitaine. Infos pratiques --------------- * Tarifs : 7 € - 5 € * Gratuit pour les -13 ans accompagnés * [Inclus dans le Bordeaux CityPass](https://www.visiter-bordeaux.com/fr/bordeaux-citypass.html?subid=agd-bt) * Durée : 40 minutes * Non accessible PMR * Contenus en Français, Anglais et Espagnol [**Réservez votre visite de la Porte Cailhau par ici**](https://www.porte-cailhau.com/) ### Horaires * Du 1er avril au 31 octobre : tous les jours de 10 h à 13 h et de 14 h à 18 h * Du 3 janvier au 31 mars : Mercredi > vendredi - 14h à 18h | Samedi & dimanche - 11h à 13h et 14h à 18h ### Accessibilité Malgré la difficulté d’accès (escalier exigüe) le parcours se veut le plus largement inclusif : * Le langage est direct, simple et compréhensible par les adultes comme par le jeune public * Des récits «incarnés», qui interpellent le visiteur * Les cartels et panneaux de salle connectés renvoient via des QR codes à des pages dédiées, à lire ou à écouter * Pour les PMR accès à une version en ligne de la visite depuis le rez-de-chaussée de l’édifice",Bordeaux,place du palais bordeaux,Nouvelle-Aquitaine,2026-01-05 14:00:00,2027-01-16 18:00:00,"porte, cailhau, bordeaux, patrimoine",https://openagenda.com/un-air-de-bordeaux/events/visita-a-la-puerta-cailhau-monumento-historico-de-burdeos,"Titre: Visitez la Porte Cailhau, monument historique de Bordeaux
Description: Voyagez dans le Bordeaux médiéval à travers la visite de la Porte Cailhau, un monument incontournable du Port de la Lune !
Détails: Découvrez la nouvelle Porte Cailhau ----------------------------------- Haute de 35 mètres, cette porte défensive du Moyen Âge offre une vue sur les quais, le pont de pierre et les toits de Bordeaux. ### À la découverte du Bordeaux médiéval Un pan méconnu de l’Histoire de Bordeaux vous est dévoilé dans ce monument édifié il y a plus de 500 ans. Faites l’expérience d’un saut dans le temps qui vous révèlera les secrets du Bordeaux médiéval. Des contenus renouvelés ----------------------- Une fois à l'intérieur, voyagez à travers les époques avec, à chaque étage, un nouveau chapitre de l'Histoire. De nouveaux contenus ont été créé et mis en jeu à travers une nouvelle scénographie. L'ensemble permet de vivre une expérience immersive et ludique pour comprendre la place de ce monument dans l'histoire de Bordeaux. La visite se termine en apothéose avec un joli panorama sur la ville et des interviews de personnages illustres de Nouvelle-Aquitaine. Infos pratiques --------------- * Tarifs : 7 € - 5 € * Gratuit pour les -13 ans accompagnés * [Inclus dans le Bordeaux CityPass](https://www.visiter-bordeaux.com/fr/bordeaux-citypass.html?subid=agd-bt) * Durée : 40 minutes * Non accessible PMR * Contenus en Français, Anglais et Espagnol [**Réservez votre visite de la Porte Cailhau par ici**](https://www.porte-cailhau.com/) ### Horaires * Du 1er avril au 31 octobre : tous les jours de 10 h à 13 h et de 14 h à 18 h * Du 3 janvier au 31 mars : Mercredi > vendredi - 14h à 18h | Samedi & dimanche - 11h à 13h et 14h à 18h ### Accessibilité Malgré la difficulté d’accès (escalier exigüe) le parcours se veut le plus largement inclusif : * Le langage est direct, simple et compréhensible par les adultes comme par le jeune public * Des récits «incarnés», qui interpellent le visiteur * Les cartels et panneaux de salle connectés renvoient via des QR codes à des pages dédiées, à lire ou à écouter * Pour les PMR accès à une version en ligne de la visite depuis le rez-de-chaussée de l’édifice
Lieu: Bordeaux, place du palais bordeaux
Date de début: 2026-01-05 14:00:00
Date de fin: 2027-01-16 18:00:00
Catégories: porte, cailhau, bordeaux, patrimoine"
58976676,"Circasciences, en piste !",Cette nouvelle exposition vous propose d'entrez en piste et de découvrir les phénomènes physiques cachés derrière les plus grands numéros de cirque !,"**Que le spectacle commence !** 🤹‍♂️ Équilibre, force, vitesse, masse : ici, la physique se vit avec le corps et l’esprit. Comment tenir sur un fil ? Pourquoi une pyramide humaine tient debout ? Peut-on vraiment voler grâce à une bascule ? 🎪 Grâce à des dispositifs interactifs et des expériences grandeur nature, petits et grands explorent ensemble les sciences circassiennes, des coulisses à la piste : touchez, testez, bougez et expérimentez… La physique, ce n’est pas si compliqué ! 👀 Ouvrez grand les yeux… Le spectacle peut commencer ! _Une exposition conçue et proposée par l'Exploradôme_ _👉_ Tout public à partir de 6 ans Temps estimé : 1h",Bordeaux,"Cap Sciences, Hangar 20, Quai Bacalan",Nouvelle-Aquitaine,2026-03-28 14:00:00,2026-11-01 19:00:00,"exposition, sciences, cirque, circassien, physique, visite, bordeaux, famille, enfant",https://openagenda.com/cap-sciences/events/circasciences-en-piste,"Titre: Circasciences, en piste !
Description: Cette nouvelle exposition vous propose d'entrez en piste et de découvrir les phénomènes physiques cachés derrière les plus grands numéros de cirque !
Détails: **Que le spectacle commence !** 🤹‍♂️ Équilibre, force, vitesse, masse : ici, la physique se vit avec le corps et l’esprit. Comment tenir sur un fil ? Pourquoi une pyramide humaine tient debout ? Peut-on vraiment voler grâce à une bascule ? 🎪 Grâce à des dispositifs interactifs et des expériences grandeur nature, petits et grands explorent ensemble les sciences circassiennes, des coulisses à la piste : touchez, testez, bougez et expérimentez… La physique, ce n’est pas si compliqué ! 👀 Ouvrez grand les yeux… Le spectacle peut commencer ! _Une exposition conçue et proposée par l'Exploradôme_ _👉_ Tout public à partir de 6 ans Temps estimé : 1h
Lieu: Bordeaux, Cap Sciences, Hangar 20, Quai Bacalan
Date de début: 2026-03-28 14:00:00
Date de fin: 2026-11-01 19:00:00
Catégories: exposition, sciences, cirque, circassien, physique, visite, bordeaux, famille, enfant"
68740044,Exposition estivale à la Zone Trois Galerie,Zone Trois Galerie présente sa Summer Exhibition du 28 mai au 12 septembre 2026. Une exposition collective réunissant 10 artistes qui ont marqué sa programmation.,"Une deuxième édition artistique ------------------------------- Pour cette deuxième édition de la Summer Exhibition, Zone Trois Galerie réunit une sélection d’artistes qui ont marqué sa programmation au fil des expositions précédentes. Pensée comme une rétrospective vivante de ces rencontres artistiques, cette exposition collective met en lumière dix artistes aux univers singuliers, dont les pratiques ont contribué à façonner l’identité de la galerie. À cette occasion, chacun des artistes présente une ou plusieurs œuvres inédites, spécialement conçues ou sélectionnées pour l’exposition. Entre abstraction et figuration, exploration de la matière, recherche autour de la couleur ou narration visuelle, les œuvres dialoguent entre elles et témoignent de la richesse et de la pluralité de la création contemporaine. Conçue pour accompagner toute la période estivale, la Summer Exhibition s’inscrit dans un format évolutif. L’exposition se transforme au fil des semaines grâce à un renouvellement régulier des œuvres présentées. Artistes exposés : Duda Moraes • JOFO • Maya Andersson • Alexandre Clanis • Anaïs Vindel • Caroline Desile • Sébastien Mahon • Rosanna Lefeuvre • Julien Laporte • Filipp Jenikäe",Bordeaux,"66 rue Notre-Dame, 33000 Bordeaux",Nouvelle-Aquitaine,2026-05-28 14:00:00,2026-09-12 19:00:00,"Exposition, Galerie d'art, Art contemporain, Bordeaux, Artiste, Abstraction, Œuvre",https://openagenda.com/un-air-de-bordeaux/events/summer-exhibition-2nd-edition-or-28-mai-au-12-sept-26,"Titre: Exposition estivale à la Zone Trois Galerie
Description: Zone Trois Galerie présente sa Summer Exhibition du 28 mai au 12 septembre 2026. Une exposition collective réunissant 10 artistes qui ont marqué sa programmation.
Détails: Une deuxième édition artistique ------------------------------- Pour cette deuxième édition de la Summer Exhibition, Zone Trois Galerie réunit une sélection d’artistes qui ont marqué sa programmation au fil des expositions précédentes. Pensée comme une rétrospective vivante de ces rencontres artistiques, cette exposition collective met en lumière dix artistes aux univers singuliers, dont les pratiques ont contribué à façonner l’identité de la galerie. À cette occasion, chacun des artistes présente une ou plusieurs œuvres inédites, spécialement conçues ou sélectionnées pour l’exposition. Entre abstraction et figuration, exploration de la matière, recherche autour de la couleur ou narration visuelle, les œuvres dialoguent entre elles et témoignent de la richesse et de la pluralité de la création contemporaine. Conçue pour accompagner toute la période estivale, la Summer Exhibition s’inscrit dans un format évolutif. L’exposition se transforme au fil des semaines grâce à un renouvellement régulier des œuvres présentées. Artistes exposés : Duda Moraes • JOFO • Maya Andersson • Alexandre Clanis • Anaïs Vindel • Caroline Desile • Sébastien Mahon • Rosanna Lefeuvre • Julien Laporte • Filipp Jenikäe
Lieu: Bordeaux, 66 rue Notre-Dame, 33000 Bordeaux
Date de début: 2026-05-28 14:00:00
Date de fin: 2026-09-12 19:00:00
Catégories: Exposition, Galerie d'art, Art contemporain, Bordeaux, Artiste, Abstraction, Œuvre"
29220904,Festi' Village d'été,Animations aquatiques le mardi 14 juillet 2026 de 14h à 19h au Parc Friedberg / Parvis de l'Escale.,"Festi' Village d'été à Parc Friedberg / Parvis de l'Escale. * De 14h à 19h : structure aquatiques. * Stand de sensibilisation street pooling. * Stand de sensibilisation sur le savoir nager. **Horaires et accès :** de 14h à 19h Lieu : Parc Friedberg & Parvis de l’Escale, boulevard de Friedberg Renseignements au Centre Socioculturel, Tél.: [01 49 41 41 50](tel:0149414150) **Horaire** : de 14h à 19h",Villiers-sur-Marne,"Parc Friedberg, Villiers-sur-Marne, France",Île-de-France,2026-07-14 00:00:00,2026-07-14 23:59:59,"Animation, Enfance, Jeunesse, Loisirs, Sécurité / Prévention",https://openagenda.com/mairie-villiers94/events/festi-village-dete,"Titre: Festi' Village d'été
Description: Animations aquatiques le mardi 14 juillet 2026 de 14h à 19h au Parc Friedberg / Parvis de l'Escale.
Détails: Festi' Village d'été à Parc Friedberg / Parvis de l'Escale. * De 14h à 19h : structure aquatiques. * Stand de sensibilisation street pooling. * Stand de sensibilisation sur le savoir nager. **Horaires et accès :** de 14h à 19h Lieu : Parc Friedberg & Parvis de l’Escale, boulevard de Friedberg Renseignements au Centre Socioculturel, Tél.: [01 49 41 41 50](tel:0149414150) **Horaire** : de 14h à 19h
Lieu: Villiers-sur-Marne, Parc Friedberg, Villiers-sur-Marne, France
Date de début: 2026-07-14 00:00:00
Date de fin: 2026-07-14 23:59:59
Catégories: Animation, Enfance, Jeunesse, Loisirs, Sécurité / Prévention"
58153048,La Petite Guinguette - ouverture exceptionnelle,"Ouverture exceptionnelle de La Petite Guinguette, mardi 14 juillet 2026, de 10h à 21h, à la Villa Michot.","Ouverture exceptionnelle de l'espace de restauration ""La Petite Guinguette"", à la Villa Michot. **Horaires et accès :** de 10h à 21h Lieu : Villa Michot, 9 avenue de l’Isle site : [Instagram](https://www.instagram.com/lapetite_guinguette_villiers94/) **Horaire** : de 10h à 21h",Villiers-sur-Marne,"9 Avenue de L'Isle, 94350 Villiers-sur-Marne, France",Île-de-France,2026-07-14 00:00:00,2026-07-14 23:59:59,"Animation, Loisirs",https://openagenda.com/mairie-villiers94/events/la-petite-guinguette-ouverture-exceptionnelle-1424134,"Titre: La Petite Guinguette - ouverture exceptionnelle
Description: Ouverture exceptionnelle de La Petite Guinguette, mardi 14 juillet 2026, de 10h à 21h, à la Villa Michot.
Détails: Ouverture exceptionnelle de l'espace de restauration ""La Petite Guinguette"", à la Villa Michot. **Horaires et accès :** de 10h à 21h Lieu : Villa Michot, 9 avenue de l’Isle site : [Instagram](https://www.instagram.com/lapetite_guinguette_villiers94/) **Horaire** : de 10h à 21h
Lieu: Villiers-sur-Marne, 9 Avenue de L'Isle, 94350 Villiers-sur-Marne, France
Date de début: 2026-07-14 00:00:00
Date de fin: 2026-07-14 23:59:59
Catégories: Animation, Loisirs"
26628683,Toulouse-Lautrec : micro-conférence et atelier de création,"Micro-conférence et atelier de création autour de Toulouse-Lautrec, mercredi 15 juillet de 16h30 à 18h à la Micro-Folie.","Plongée dans le travail de l'artiste Toulouse-Lautrec, micro-conférence avec le musée numérique et atelier de création pour réinterpréter l'une de ses œuvres emblématiques. Surprise, votre dessin prendra vie sous vos yeux ! **Horaires et accès :** de 16h30 à 18h Lieu : Micro Folie (Musée Émile Jean, 1er étage), 31 rue Louis Lenoir Tout public, gratuit | Gratuit sur réservation par mail à [micro-folie@villiers94.fr](mailto:micro-folie@villiers94.fr) ou au [01 71 34 17 92](tel:0171341792) **Horaire** : de 16h30 à 18h",Villiers-sur-Marne,"31 Rue Louis Lenoir, 94350 Villiers-sur-Marne, France",Île-de-France,2026-07-15 00:00:00,2026-07-15 23:59:59,"Culture, Micro-Folie, Micro-Folie / Atelier",https://openagenda.com/mairie-villiers94/events/toulouse-lautrec-micro-conference-et-atelier-de-creation,"Titre: Toulouse-Lautrec : micro-conférence et atelier de création
Description: Micro-conférence et atelier de création autour de Toulouse-Lautrec, mercredi 15 juillet de 16h30 à 18h à la Micro-Folie.
Détails: Plongée dans le travail de l'artiste Toulouse-Lautrec, micro-conférence avec le musée numérique et atelier de création pour réinterpréter l'une de ses œuvres emblématiques. Surprise, votre dessin prendra vie sous vos yeux ! **Horaires et accès :** de 16h30 à 18h Lieu : Micro Folie (Musée Émile Jean, 1er étage), 31 rue Louis Lenoir Tout public, gratuit | Gratuit sur réservation par mail à [micro-folie@villiers94.fr](mailto:micro-folie@villiers94.fr) ou au [01 71 34 17 92](tel:0171341792) **Horaire** : de 16h30 à 18h
Lieu: Villiers-sur-Marne, 31 Rue Louis Lenoir, 94350 Villiers-sur-Marne, France
Date de début: 2026-07-15 00:00:00
Date de fin: 2026-07-15 23:59:59
Catégories: Culture, Micro-Folie, Micro-Folie / Atelier"
61512793,Atelier de création en cyanotype,"Atelier de création en cyanotype, vendredi 17 juillet de 16h30 à 18h à la Villa Michot.","Atelier de création en cyanotype à la Villa Michot. Réservation recommandée, places limitées. **Horaires et accès :** de 16h30 à 18h Lieu : Villa Michot, 9 avenue de l’Isle (à noter : La Micro-Folie au musée Émile Jean sera fermée) À partir de 8 ans | Gratuit sur réservation par mail à [micro-folie@villiers94.fr](mailto:micro-folie@villiers94.fr) ou au [01 71 34 17 92](tel:0171341792) | Places limitées ! **Horaire** : de 16h30 à 18h",Villiers-sur-Marne,"9 Avenue de L'Isle, 94350 Villiers-sur-Marne, France",Île-de-France,2026-07-17 00:00:00,2026-07-17 23:59:59,"Culture, Micro-Folie, Micro-Folie / Atelier",https://openagenda.com/mairie-villiers94/events/atelier-de-creation-en-cyanotype,"Titre: Atelier de création en cyanotype
Description: Atelier de création en cyanotype, vendredi 17 juillet de 16h30 à 18h à la Villa Michot.
Détails: Atelier de création en cyanotype à la Villa Michot. Réservation recommandée, places limitées. **Horaires et accès :** de 16h30 à 18h Lieu : Villa Michot, 9 avenue de l’Isle (à noter : La Micro-Folie au musée Émile Jean sera fermée) À partir de 8 ans | Gratuit sur réservation par mail à [micro-folie@villiers94.fr](mailto:micro-folie@villiers94.fr) ou au [01 71 34 17 92](tel:0171341792) | Places limitées ! **Horaire** : de 16h30 à 18h
Lieu: Villiers-sur-Marne, 9 Avenue de L'Isle, 94350 Villiers-sur-Marne, France
Date de début: 2026-07-17 00:00:00
Date de fin: 2026-07-17 23:59:59
Catégories: Culture, Micro-Folie, Micro-Folie / Atelier"
7195137,Oasis Aquatique,"Oasis Aquatique le 18/07/2026 de 14h à 19h au Parc Friedberg, avec baignade libre encadrée et aquagym.","Oasis Aquatique à Parc Friedberg. * De 14h à 19h : baignade libre (encadrée) / aquagym / gestes réflexes anti-noyade. * Stand de sensibilisation street pooling. * Stand restauration. **Horaires et accès :** de 14h à 19h Lieu : Parc Friedberg, boulevard de Friedberg Renseignements au Centre Socioculturel, Tél.: [01 49 41 41 50](tel:0149414150) **Horaire** : de 14h à 19h",Villiers-sur-Marne,"Parc Friedberg, Villiers-sur-Marne, France",Île-de-France,2026-07-18 00:00:00,2026-07-18 23:59:59,"Animation, Loisirs, Sécurité / Prévention, Sports",https://openagenda.com/mairie-villiers94/events/oasis-aquatique-4234180,"Titre: Oasis Aquatique
Description: Oasis Aquatique le 18/07/2026 de 14h à 19h au Parc Friedberg, avec baignade libre encadrée et aquagym.
Détails: Oasis Aquatique à Parc Friedberg. * De 14h à 19h : baignade libre (encadrée) / aquagym / gestes réflexes anti-noyade. * Stand de sensibilisation street pooling. * Stand restauration. **Horaires et accès :** de 14h à 19h Lieu : Parc Friedberg, boulevard de Friedberg Renseignements au Centre Socioculturel, Tél.: [01 49 41 41 50](tel:0149414150) **Horaire** : de 14h à 19h
Lieu: Villiers-sur-Marne, Parc Friedberg, Villiers-sur-Marne, France
Date de début: 2026-07-18 00:00:00
Date de fin: 2026-07-18 23:59:59
Catégories: Animation, Loisirs, Sécurité / Prévention, Sports"
49966011,Notre-Dame de Paris en réalité virtuelle,"Découverte de Notre-Dame de Paris en réalité virtuelle, mercredi 22 juillet de 14h à 17h à la Micro-Folie.","Découverte de Notre-Dame de Paris en réalité virtuelle et jeux de plateaux autour de sa reconstruction à travers les époques. **Horaires et accès :** de 14h à 17h Lieu : Micro Folie (Musée Émile Jean, 1er étage), 31 rue Louis Lenoir Tout public, gratuit | Gratuit sur réservation par mail à [micro-folie@villiers94.fr](mailto:micro-folie@villiers94.fr) ou au [01 71 34 17 92](tel:0171341792) **Horaire** : de 14h à 17h",Villiers-sur-Marne,"31 Rue Louis Lenoir, 94350 Villiers-sur-Marne, France",Île-de-France,2026-07-22 00:00:00,2026-07-22 23:59:59,"Culture, Histoire / Commémorations, Micro-Folie, Micro-Folie / Animation",https://openagenda.com/mairie-villiers94/events/notre-dame-de-paris-en-realite-virtuelle,"Titre: Notre-Dame de Paris en réalité virtuelle
Description: Découverte de Notre-Dame de Paris en réalité virtuelle, mercredi 22 juillet de 14h à 17h à la Micro-Folie.
Détails: Découverte de Notre-Dame de Paris en réalité virtuelle et jeux de plateaux autour de sa reconstruction à travers les époques. **Horaires et accès :** de 14h à 17h Lieu : Micro Folie (Musée Émile Jean, 1er étage), 31 rue Louis Lenoir Tout public, gratuit | Gratuit sur réservation par mail à [micro-folie@villiers94.fr](mailto:micro-folie@villiers94.fr) ou au [01 71 34 17 92](tel:0171341792) **Horaire** : de 14h à 17h
Lieu: Villiers-sur-Marne, 31 Rue Louis Lenoir, 94350 Villiers-sur-Marne, France
Date de début: 2026-07-22 00:00:00
Date de fin: 2026-07-22 23:59:59
Catégories: Culture, Histoire / Commémorations, Micro-Folie, Micro-Folie / Animation"
97234719,Festi' Famille - Ciné sous les étoiles,"Festi' Famille et ciné plein air le vendredi 24 juillet 2026 de 13h à 20h, puis de 22h à 0h au Parc Friedberg.","Festi' Famille - Ciné sous les étoiles à Parc Friedberg. * De 13h à 20h : structures gonflables / air de jeux aquatiques / jeux & défis / animations musicales / stand restauration / buvette. * De 22h à 00h : ciné plein air. **Horaires et accès :** de 13h à 20h et de 22h à 0h Lieu : Parc Friedberg, boulevard de Friedberg Renseignements au Centre Socioculturel, Tél.: [01 49 41 41 50](tel:0149414150) **Horaire** : de 13h à 20h et de 22h à 0h",Villiers-sur-Marne,"Parc Friedberg, Villiers-sur-Marne, France",Île-de-France,2026-07-24 00:00:00,2026-07-24 23:59:59,"Animation, Cinéma, Enfance, Jeunesse, Loisirs",https://openagenda.com/mairie-villiers94/events/festi-famille-cine-sous-les-etoiles,"Titre: Festi' Famille - Ciné sous les étoiles
Description: Festi' Famille et ciné plein air le vendredi 24 juillet 2026 de 13h à 20h, puis de 22h à 0h au Parc Friedberg.
Détails: Festi' Famille - Ciné sous les étoiles à Parc Friedberg. * De 13h à 20h : structures gonflables / air de jeux aquatiques / jeux & défis / animations musicales / stand restauration / buvette. * De 22h à 00h : ciné plein air. **Horaires et accès :** de 13h à 20h et de 22h à 0h Lieu : Parc Friedberg, boulevard de Friedberg Renseignements au Centre Socioculturel, Tél.: [01 49 41 41 50](tel:0149414150) **Horaire** : de 13h à 20h et de 22h à 0h
Lieu: Villiers-sur-Marne, Parc Friedberg, Villiers-sur-Marne, France
Date de début: 2026-07-24 00:00:00
Date de fin: 2026-07-24 23:59:59
Catégories: Animation, Cinéma, Enfance, Jeunesse, Loisirs"
46509169,Fête aux Nangues,Jeux sportifs et animations le mercredi 29 juillet 2026 de 14h à 19h au Parc des Nangues.,"Fête aux Nangues à Parc des Nangues. * De 14h à 19h : jeux sportifs et animations. **Horaires et accès :** de 14h à 19h Lieu : Parc des Nangues, rue Voltaire Renseignements au Centre Socioculturel, Tél.: [01 49 41 41 50](tel:0149414150) **Horaire** : de 14h à 19h",Villiers-sur-Marne,"Parc des Nangues, 94350 Villiers-sur-Marne, France",Île-de-France,2026-07-29 00:00:00,2026-07-29 23:59:59,"Animation, Enfance, Jeunesse, Loisirs, Sports",https://openagenda.com/mairie-villiers94/events/fete-aux-nangues,"Titre: Fête aux Nangues
Description: Jeux sportifs et animations le mercredi 29 juillet 2026 de 14h à 19h au Parc des Nangues.
Détails: Fête aux Nangues à Parc des Nangues. * De 14h à 19h : jeux sportifs et animations. **Horaires et accès :** de 14h à 19h Lieu : Parc des Nangues, rue Voltaire Renseignements au Centre Socioculturel, Tél.: [01 49 41 41 50](tel:0149414150) **Horaire** : de 14h à 19h
Lieu: Villiers-sur-Marne, Parc des Nangues, 94350 Villiers-sur-Marne, France
Date de début: 2026-07-29 00:00:00
Date de fin: 2026-07-29 23:59:59
Catégories: Animation, Enfance, Jeunesse, Loisirs, Sports"
73456346,Animation stop motion : réaliser son court métrage,"Atelier stop motion pour réaliser un court métrage, mercredi 29 juillet de 14h30 à 16h30 à la Micro-Folie.","Viens découvrir l'animation en stop motion pour réaliser ton court métrage. Crédit : Little Villette. **Horaires et accès :** de 14h30 à 16h30 Lieu : Micro Folie (Musée Émile Jean, 1er étage), 31 rue Louis Lenoir Tout public, gratuit | Gratuit sur réservation par mail à [micro-folie@villiers94.fr](mailto:micro-folie@villiers94.fr) ou au [01 71 34 17 92](tel:0171341792) **Horaire** : de 14h30 à 16h30",Villiers-sur-Marne,"31 Rue Louis Lenoir, 94350 Villiers-sur-Marne, France",Île-de-France,2026-07-29 00:00:00,2026-07-29 23:59:59,"Cinéma, Culture, Micro-Folie, Micro-Folie / Atelier",https://openagenda.com/mairie-villiers94/events/animation-stop-motion-realiser-son-court-metrage,"Titre: Animation stop motion : réaliser son court métrage
Description: Atelier stop motion pour réaliser un court métrage, mercredi 29 juillet de 14h30 à 16h30 à la Micro-Folie.
Détails: Viens découvrir l'animation en stop motion pour réaliser ton court métrage. Crédit : Little Villette. **Horaires et accès :** de 14h30 à 16h30 Lieu : Micro Folie (Musée Émile Jean, 1er étage), 31 rue Louis Lenoir Tout public, gratuit | Gratuit sur réservation par mail à [micro-folie@villiers94.fr](mailto:micro-folie@villiers94.fr) ou au [01 71 34 17 92](tel:0171341792) **Horaire** : de 14h30 à 16h30
Lieu: Villiers-sur-Marne, 31 Rue Louis Lenoir, 94350 Villiers-sur-Marne, France
Date de début: 2026-07-29 00:00:00
Date de fin: 2026-07-29 23:59:59
Catégories: Cinéma, Culture, Micro-Folie, Micro-Folie / Atelier"
4369586,Paul Gauguin : musée numérique et réalité virtuelle,"Découverte de Paul Gauguin avec musée numérique et réalité virtuelle, vendredi 31 juillet de 16h à 18h30 à la Micro-Folie.","Plongée dans les œuvres Paul Gauguin avec le musée numérique et expérience en réalité virtuelle pour explorer les voyages et inspirations du célèbre peintre. **Horaires et accès :** de 16h à 18h30 Lieu : Micro Folie (Musée Émile Jean, 1er étage), 31 rue Louis Lenoir Tout public, gratuit | Gratuit sur réservation par mail à [micro-folie@villiers94.fr](mailto:micro-folie@villiers94.fr) ou au [01 71 34 17 92](tel:0171341792) **Horaire** : de 16h à 18h30",Villiers-sur-Marne,"31 Rue Louis Lenoir, 94350 Villiers-sur-Marne, France",Île-de-France,2026-07-31 00:00:00,2026-07-31 23:59:59,"Culture, Micro-Folie, Micro-Folie / Animation",https://openagenda.com/mairie-villiers94/events/paul-gauguin-musee-numerique-et-realite-virtuelle,"Titre: Paul Gauguin : musée numérique et réalité virtuelle
Description: Découverte de Paul Gauguin avec musée numérique et réalité virtuelle, vendredi 31 juillet de 16h à 18h30 à la Micro-Folie.
Détails: Plongée dans les œuvres Paul Gauguin avec le musée numérique et expérience en réalité virtuelle pour explorer les voyages et inspirations du célèbre peintre. **Horaires et accès :** de 16h à 18h30 Lieu : Micro Folie (Musée Émile Jean, 1er étage), 31 rue Louis Lenoir Tout public, gratuit | Gratuit sur réservation par mail à [micro-folie@villiers94.fr](mailto:micro-folie@villiers94.fr) ou au [01 71 34 17 92](tel:0171341792) **Horaire** : de 16h à 18h30
Lieu: Villiers-sur-Marne, 31 Rue Louis Lenoir, 94350 Villiers-sur-Marne, France
Date de début: 2026-07-31 00:00:00
Date de fin: 2026-07-31 23:59:59
Catégories: Culture, Micro-Folie, Micro-Folie / Animation"
244370,Goûter et projection des courts métrages,"Goûter et projection des courts métrages réalisés, samedi 1er août de 15h30 à 17h30 à la Micro-Folie.","Goûter et projection des courts métrages réalisés dans une ambiance conviviale et estivale. **Horaires et accès :** de 15h30 à 17h30 Lieu : Micro Folie (Musée Émile Jean, 1er étage), 31 rue Louis Lenoir Tout public, gratuit | Gratuit sur réservation par mail à [micro-folie@villiers94.fr](mailto:micro-folie@villiers94.fr) ou au [01 71 34 17 92](tel:0171341792) **Horaire** : de 15h30 à 17h30",Villiers-sur-Marne,"31 Rue Louis Lenoir, 94350 Villiers-sur-Marne, France",Île-de-France,2026-08-01 00:00:00,2026-08-01 23:59:59,"Cinéma, Culture, Micro-Folie, Micro-Folie / Divers",https://openagenda.com/mairie-villiers94/events/gouter-et-projection-des-courts-metrages,"Titre: Goûter et projection des courts métrages
Description: Goûter et projection des courts métrages réalisés, samedi 1er août de 15h30 à 17h30 à la Micro-Folie.
Détails: Goûter et projection des courts métrages réalisés dans une ambiance conviviale et estivale. **Horaires et accès :** de 15h30 à 17h30 Lieu : Micro Folie (Musée Émile Jean, 1er étage), 31 rue Louis Lenoir Tout public, gratuit | Gratuit sur réservation par mail à [micro-folie@villiers94.fr](mailto:micro-folie@villiers94.fr) ou au [01 71 34 17 92](tel:0171341792) **Horaire** : de 15h30 à 17h30
Lieu: Villiers-sur-Marne, 31 Rue Louis Lenoir, 94350 Villiers-sur-Marne, France
Date de début: 2026-08-01 00:00:00
Date de fin: 2026-08-01 23:59:59
Catégories: Cinéma, Culture, Micro-Folie, Micro-Folie / Divers"
76146288,Viens décorer la ruche !,"Atelier de décoration du rucher d'Happyculture, samedi 1 août 2026, de 11h à 12h, à la Villa Michot.","Tu aimes dessiner, colorier et laisser parler ta créativité ? Participe à la décoration du rucher d'Happyculture et contribue à embellir l'environnement de nos abeilles ! Lors de cet atelier, tu personnaliseras des pots de fleurs avec tes dessins et tes couleurs afin d'apporter une touche de gaieté autour des ruches. Une belle occasion de créer, de partager un moment convivial et de soutenir la biodiversité locale. Les abeilles de Villiers te remercient déjà pour ton aide et ton imagination ! Activité gratuite sur inscription, à partir de 5 ans, dans la limite de 10 enfants accompagnés. Inscription par mail, dans la limite des places disponibles, à l'adresse [happyculture94@laposte.net](mailto:happyculture94@laposte.net). **Horaires et accès :** de 11h à 12h Lieu : Villa Michot, 9 avenue de l’Isle Gratuit sur inscription | À partir de 5 ans | Places limitées ! **Horaire** : de 11h à 12h",Villiers-sur-Marne,"9 Avenue de L'Isle, 94350 Villiers-sur-Marne, France",Île-de-France,2026-08-01 00:00:00,2026-08-01 23:59:59,"Animation, Environnement, Loisirs",https://openagenda.com/mairie-villiers94/events/viens-decorer-la-ruche,"Titre: Viens décorer la ruche !
Description: Atelier de décoration du rucher d'Happyculture, samedi 1 août 2026, de 11h à 12h, à la Villa Michot.
Détails: Tu aimes dessiner, colorier et laisser parler ta créativité ? Participe à la décoration du rucher d'Happyculture et contribue à embellir l'environnement de nos abeilles ! Lors de cet atelier, tu personnaliseras des pots de fleurs avec tes dessins et tes couleurs afin d'apporter une touche de gaieté autour des ruches. Une belle occasion de créer, de partager un moment convivial et de soutenir la biodiversité locale. Les abeilles de Villiers te remercient déjà pour ton aide et ton imagination ! Activité gratuite sur inscription, à partir de 5 ans, dans la limite de 10 enfants accompagnés. Inscription par mail, dans la limite des places disponibles, à l'adresse [happyculture94@laposte.net](mailto:happyculture94@laposte.net). **Horaires et accès :** de 11h à 12h Lieu : Villa Michot, 9 avenue de l’Isle Gratuit sur inscription | À partir de 5 ans | Places limitées ! **Horaire** : de 11h à 12h
Lieu: Villiers-sur-Marne, 9 Avenue de L'Isle, 94350 Villiers-sur-Marne, France
Date de début: 2026-08-01 00:00:00
Date de fin: 2026-08-01 23:59:59
Catégories: Animation, Environnement, Loisirs"
81956394,Stop motion : réalisation de courts métrages,"Dernier moment pour réaliser un court métrage en stop motion, samedi 1er août de 10h à 12h30 à la Micro-Folie.","Dernier moment pour venir réaliser ton court métrage en stop motion. **Horaires et accès :** de 10h à 12h30 Lieu : Micro Folie (Musée Émile Jean, 1er étage), 31 rue Louis Lenoir Tout public, gratuit | Gratuit sur réservation par mail à [micro-folie@villiers94.fr](mailto:micro-folie@villiers94.fr) ou au [01 71 34 17 92](tel:0171341792) **Horaire** : de 10h à 12h30",Villiers-sur-Marne,"31 Rue Louis Lenoir, 94350 Villiers-sur-Marne, France",Île-de-France,2026-08-01 00:00:00,2026-08-01 23:59:59,"Cinéma, Culture, Micro-Folie, Micro-Folie / Atelier",https://openagenda.com/mairie-villiers94/events/stop-motion-realisation-de-courts-metrages,"Titre: Stop motion : réalisation de courts métrages
Description: Dernier moment pour réaliser un court métrage en stop motion, samedi 1er août de 10h à 12h30 à la Micro-Folie.
Détails: Dernier moment pour venir réaliser ton court métrage en stop motion. **Horaires et accès :** de 10h à 12h30 Lieu : Micro Folie (Musée Émile Jean, 1er étage), 31 rue Louis Lenoir Tout public, gratuit | Gratuit sur réservation par mail à [micro-folie@villiers94.fr](mailto:micro-folie@villiers94.fr) ou au [01 71 34 17 92](tel:0171341792) **Horaire** : de 10h à 12h30
Lieu: Villiers-sur-Marne, 31 Rue Louis Lenoir, 94350 Villiers-sur-Marne, France
Date de début: 2026-08-01 00:00:00
Date de fin: 2026-08-01 23:59:59
Catégories: Cinéma, Culture, Micro-Folie, Micro-Folie / Atelier"
16143024,Oasis Aquatique,"Oasis Aquatique le 08/08/2026 de 14h à 19h au Parc Friedberg, avec baignade libre encadrée et aquagym.","Oasis Aquatique à Parc Friedberg. * De 14h à 19h : baignade libre (encadrée) / aquagym / gestes réflexes anti-noyade. * Stand de sensibilisation street pooling. * Stand restauration. **Horaires et accès :** de 14h à 19h Lieu : Parc Friedberg, boulevard de Friedberg Renseignements au Centre Socioculturel, Tél.: [01 49 41 41 50](tel:0149414150) **Horaire** : de 14h à 19h",Villiers-sur-Marne,"Parc Friedberg, Villiers-sur-Marne, France",Île-de-France,2026-08-08 00:00:00,2026-08-08 23:59:59,"Animation, Loisirs, Sécurité / Prévention, Sports",https://openagenda.com/mairie-villiers94/events/oasis-aquatique,"Titre: Oasis Aquatique
Description: Oasis Aquatique le 08/08/2026 de 14h à 19h au Parc Friedberg, avec baignade libre encadrée et aquagym.
Détails: Oasis Aquatique à Parc Friedberg. * De 14h à 19h : baignade libre (encadrée) / aquagym / gestes réflexes anti-noyade. * Stand de sensibilisation street pooling. * Stand restauration. **Horaires et accès :** de 14h à 19h Lieu : Parc Friedberg, boulevard de Friedberg Renseignements au Centre Socioculturel, Tél.: [01 49 41 41 50](tel:0149414150) **Horaire** : de 14h à 19h
Lieu: Villiers-sur-Marne, Parc Friedberg, Villiers-sur-Marne, France
Date de début: 2026-08-08 00:00:00
Date de fin: 2026-08-08 23:59:59
Catégories: Animation, Loisirs, Sécurité / Prévention, Sports"
1925153,La Petite Guinguette - ouverture exceptionnelle,"Ouverture exceptionnelle de La Petite Guinguette, samedi 15 août 2026, de 10h à 21h, à la Villa Michot.","Ouverture exceptionnelle de l'espace de restauration ""La Petite Guinguette"", à la Villa Michot. **Horaires et accès :** de 10h à 21h Lieu : Villa Michot, 9 avenue de l’Isle site : [Instagram](https://www.instagram.com/lapetite_guinguette_villiers94/) **Horaire** : de 10h à 21h",Villiers-sur-Marne,"9 Avenue de L'Isle, 94350 Villiers-sur-Marne, France",Île-de-France,2026-08-15 00:00:00,2026-08-15 23:59:59,"Animation, Loisirs",https://openagenda.com/mairie-villiers94/events/la-petite-guinguette-ouverture-exceptionnelle,"Titre: La Petite Guinguette - ouverture exceptionnelle
Description: Ouverture exceptionnelle de La Petite Guinguette, samedi 15 août 2026, de 10h à 21h, à la Villa Michot.
Détails: Ouverture exceptionnelle de l'espace de restauration ""La Petite Guinguette"", à la Villa Michot. **Horaires et accès :** de 10h à 21h Lieu : Villa Michot, 9 avenue de l’Isle site : [Instagram](https://www.instagram.com/lapetite_guinguette_villiers94/) **Horaire** : de 10h à 21h
Lieu: Villiers-sur-Marne, 9 Avenue de L'Isle, 94350 Villiers-sur-Marne, France
Date de début: 2026-08-15 00:00:00
Date de fin: 2026-08-15 23:59:59
Catégories: Animation, Loisirs"
27600477,Festi' Dubroca,"Festi' Dubroca le vendredi 28 août 2026 de 14h à 19h au Parc des Nangues, avec jeux sportifs et animations.","Festi' Dubroca à Parc des Nangues. * De 14h à 19h : jeux sportifs et animations. * Clôture des vacances d'été. **Horaires et accès :** de 14h à 19h Lieu : Parc des Nangues, rue Voltaire Renseignements au Centre Socioculturel, Tél.: [01 49 41 41 50](tel:0149414150) **Horaire** : de 14h à 19h",Villiers-sur-Marne,"Parc des Nangues, 94350 Villiers-sur-Marne, France",Île-de-France,2026-08-28 00:00:00,2026-08-28 23:59:59,"Animation, Enfance, Jeunesse, Loisirs, Sports",https://openagenda.com/mairie-villiers94/events/festi-dubroca,"Titre: Festi' Dubroca
Description: Festi' Dubroca le vendredi 28 août 2026 de 14h à 19h au Parc des Nangues, avec jeux sportifs et animations.
Détails: Festi' Dubroca à Parc des Nangues. * De 14h à 19h : jeux sportifs et animations. * Clôture des vacances d'été. **Horaires et accès :** de 14h à 19h Lieu : Parc des Nangues, rue Voltaire Renseignements au Centre Socioculturel, Tél.: [01 49 41 41 50](tel:0149414150) **Horaire** : de 14h à 19h
Lieu: Villiers-sur-Marne, Parc des Nangues, 94350 Villiers-sur-Marne, France
Date de début: 2026-08-28 00:00:00
Date de fin: 2026-08-28 23:59:59
Catégories: Animation, Enfance, Jeunesse, Loisirs, Sports"
68715368,Oasis Aquatique - Festi' Famille,Oasis Aquatique - Festi' Famille le vendredi 28 août 2026 de 13h à 20h au Parc Friedberg.,"Oasis Aquatique - Festi' Famille à Parc Friedberg. * De 13h à 20h : structures gonflables / air de jeux aquatiques / jeux & défis / animations musicales. * Stand restauration / buvette. * Baignade libre (encadrée) / aquagym / gestes réflexes anti-noyade. * Stand de sensibilisation street pooling. * Stand coiffure homme-femme. * Prévention trotinette électrique. **Horaires et accès :** de 13h à 20h Lieu : Parc Friedberg, boulevard de Friedberg Renseignements au Centre Socioculturel, Tél.: [01 49 41 41 50](tel:0149414150) **Horaire** : de 13h à 20h",Villiers-sur-Marne,"Parc Friedberg, Villiers-sur-Marne, France",Île-de-France,2026-08-28 00:00:00,2026-08-28 23:59:59,"Animation, Enfance, Jeunesse, Loisirs, Sécurité / Prévention, Sports",https://openagenda.com/mairie-villiers94/events/oasis-aquatique-festi-famille,"Titre: Oasis Aquatique - Festi' Famille
Description: Oasis Aquatique - Festi' Famille le vendredi 28 août 2026 de 13h à 20h au Parc Friedberg.
Détails: Oasis Aquatique - Festi' Famille à Parc Friedberg. * De 13h à 20h : structures gonflables / air de jeux aquatiques / jeux & défis / animations musicales. * Stand restauration / buvette. * Baignade libre (encadrée) / aquagym / gestes réflexes anti-noyade. * Stand de sensibilisation street pooling. * Stand coiffure homme-femme. * Prévention trotinette électrique. **Horaires et accès :** de 13h à 20h Lieu : Parc Friedberg, boulevard de Friedberg Renseignements au Centre Socioculturel, Tél.: [01 49 41 41 50](tel:0149414150) **Horaire** : de 13h à 20h
Lieu: Villiers-sur-Marne, Parc Friedberg, Villiers-sur-Marne, France
Date de début: 2026-08-28 00:00:00
Date de fin: 2026-08-28 23:59:59
Catégories: Animation, Enfance, Jeunesse, Loisirs, Sécurité / Prévention, Sports"
14508839,Lyla,"Concert, duo guitare/voix Soul Blues, samedi 29 août 2026, de 19h à 20h30, à la Villa Michot.","Le duo Lyla, composé de Lucile Kaelle au chant et de Jonathan Chabbey à la guitare, explore les émotions humaines à travers des sons à la fois puissants et sensibles. Entre Blues contemporain, Soul et Pop, chaque morceau mêle énergie, mélancolie et textures électriques pour créer un univers unique et immersif. **Horaires et accès :** de 19h à 20h30 Lieu : Villa Michot, 9 avenue de l’Isle Entrée libre | Tout public **Horaire** : de 19h à 20h30",Villiers-sur-Marne,"9 Avenue de L'Isle, 94350 Villiers-sur-Marne, France",Île-de-France,2026-08-29 00:00:00,2026-08-29 23:59:59,"Culture, Musique, Concert",https://openagenda.com/mairie-villiers94/events/lyla-4474750,"Titre: Lyla
Description: Concert, duo guitare/voix Soul Blues, samedi 29 août 2026, de 19h à 20h30, à la Villa Michot.
Détails: Le duo Lyla, composé de Lucile Kaelle au chant et de Jonathan Chabbey à la guitare, explore les émotions humaines à travers des sons à la fois puissants et sensibles. Entre Blues contemporain, Soul et Pop, chaque morceau mêle énergie, mélancolie et textures électriques pour créer un univers unique et immersif. **Horaires et accès :** de 19h à 20h30 Lieu : Villa Michot, 9 avenue de l’Isle Entrée libre | Tout public **Horaire** : de 19h à 20h30
Lieu: Villiers-sur-Marne, 9 Avenue de L'Isle, 94350 Villiers-sur-Marne, France
Date de début: 2026-08-29 00:00:00
Date de fin: 2026-08-29 23:59:59
Catégories: Culture, Musique, Concert"
5344606,Festi' Village d'été,"Animations aquatiques le lundi 13 juillet 2026 à partir de 14h, au Parc Friedberg / Parvis de l'Escale.","Festi' Village d'été à Parc Friedberg / Parvis de l'Escale. * De 14h à 21h : structure aquatiques. * Stand de sensibilisation street pooling. * Stand de sensibilisation sur le savoir nager. * À partir de 21h : barbecue géant. **Horaires et accès :** de 14h à 21h et à 21h Lieu : Parc Friedberg & Parvis de l’Escale, boulevard de Friedberg Renseignements au Centre Socioculturel, Tél.: [01 49 41 41 50](tel:0149414150) **Horaire** : de 14h à 21h et à 21h",Villiers-sur-Marne,"Parc Friedberg, Villiers-sur-Marne, France",Île-de-France,2026-07-13 00:00:00,2026-07-13 23:59:59,"Animation, Enfance, Jeunesse, Loisirs, Sécurité / Prévention",https://openagenda.com/mairie-villiers94/events/festi-village-dete-5698708,"Titre: Festi' Village d'été
Description: Animations aquatiques le lundi 13 juillet 2026 à partir de 14h, au Parc Friedberg / Parvis de l'Escale.
Détails: Festi' Village d'été à Parc Friedberg / Parvis de l'Escale. * De 14h à 21h : structure aquatiques. * Stand de sensibilisation street pooling. * Stand de sensibilisation sur le savoir nager. * À partir de 21h : barbecue géant. **Horaires et accès :** de 14h à 21h et à 21h Lieu : Parc Friedberg & Parvis de l’Escale, boulevard de Friedberg Renseignements au Centre Socioculturel, Tél.: [01 49 41 41 50](tel:0149414150) **Horaire** : de 14h à 21h et à 21h
Lieu: Villiers-sur-Marne, Parc Friedberg, Villiers-sur-Marne, France
Date de début: 2026-07-13 00:00:00
Date de fin: 2026-07-13 23:59:59
Catégories: Animation, Enfance, Jeunesse, Loisirs, Sécurité / Prévention"
81686839,Feu d'artifice,"Lundi 13 juillet 2026 à 23h, au Stade Octave Lapize.","Comme chaque année, la ville vous invite à venir célébrer le 14 juillet, jour de la fête nationale française, en assistant à un superbe feu d'artifice multicolore qui vous en mettra plein les yeux et les oreilles ! **Horaires et accès :** à 23h Tout public | Libre accès Lieu : Stade Octave Lapize, rue Entroncamento **Horaire** : à 23h",Villiers-sur-Marne,"Rue Entroncamento, 94350 Villiers-sur-Marne, France",Île-de-France,2026-07-13 00:00:00,2026-07-13 23:59:59,Animation,https://openagenda.com/mairie-villiers94/events/feu-dartifice-4987522,"Titre: Feu d'artifice
Description: Lundi 13 juillet 2026 à 23h, au Stade Octave Lapize.
Détails: Comme chaque année, la ville vous invite à venir célébrer le 14 juillet, jour de la fête nationale française, en assistant à un superbe feu d'artifice multicolore qui vous en mettra plein les yeux et les oreilles ! **Horaires et accès :** à 23h Tout public | Libre accès Lieu : Stade Octave Lapize, rue Entroncamento **Horaire** : à 23h
Lieu: Villiers-sur-Marne, Rue Entroncamento, 94350 Villiers-sur-Marne, France
Date de début: 2026-07-13 00:00:00
Date de fin: 2026-07-13 23:59:59
Catégories: Animation"
17954336,Festi' Villiers Plage,Animations estivales le dimanche 12 juillet 2026 de 13h à 22h au Parc Friedberg / Parvis de l'Escale.,"Festi' Villiers Plage à Parc Friedberg / Parvis de l'Escale. * De 13h à 19h : structures gonflables / air de jeux aquatiques / animation musicales / danse / jeux & défis / stand restauration / buvette. * De 19h à 22h : karaoké. **Horaires et accès :** de 13h à 19h et de 19h à 22h Lieu : Parc Friedberg & Parvis de l’Escale, boulevard de Friedberg Renseignements au Centre Socioculturel, Tél.: [01 49 41 41 50](tel:0149414150) **Horaire** : de 13h à 22h",Villiers-sur-Marne,"Parc Friedberg, Villiers-sur-Marne, France",Île-de-France,2026-07-12 00:00:00,2026-07-12 23:59:59,"Animation, Enfance, Jeunesse, Loisirs",https://openagenda.com/mairie-villiers94/events/festi-villiers-plage,"Titre: Festi' Villiers Plage
Description: Animations estivales le dimanche 12 juillet 2026 de 13h à 22h au Parc Friedberg / Parvis de l'Escale.
Détails: Festi' Villiers Plage à Parc Friedberg / Parvis de l'Escale. * De 13h à 19h : structures gonflables / air de jeux aquatiques / animation musicales / danse / jeux & défis / stand restauration / buvette. * De 19h à 22h : karaoké. **Horaires et accès :** de 13h à 19h et de 19h à 22h Lieu : Parc Friedberg & Parvis de l’Escale, boulevard de Friedberg Renseignements au Centre Socioculturel, Tél.: [01 49 41 41 50](tel:0149414150) **Horaire** : de 13h à 22h
Lieu: Villiers-sur-Marne, Parc Friedberg, Villiers-sur-Marne, France
Date de début: 2026-07-12 00:00:00
Date de fin: 2026-07-12 23:59:59
Catégories: Animation, Enfance, Jeunesse, Loisirs"
68381263,Jessica Sellem,"Concert de Jessica Sellem, artiste villiéraine, samedi 11 juillet 2026, de 19h à 20h30, à la Villa Michot.","Bercée par l'univers de la Pop, du Rock et de la chanson française, l'artiste villiéraine Jessica Sellem saura proposer un voyage musical en français et en anglais qui ne manquera pas de combler tous les mélomanes ! **Horaires et accès :** de 19h à 20h30 Lieu : Villa Michot, 9 avenue de l’Isle Entrée libre | Tout public **Horaire** : de 19h à 20h30",Villiers-sur-Marne,"9 Avenue de L'Isle, 94350 Villiers-sur-Marne, France",Île-de-France,2026-07-11 00:00:00,2026-07-11 23:59:59,"Culture, Musique, Concert",https://openagenda.com/mairie-villiers94/events/jessica-sellem,"Titre: Jessica Sellem
Description: Concert de Jessica Sellem, artiste villiéraine, samedi 11 juillet 2026, de 19h à 20h30, à la Villa Michot.
Détails: Bercée par l'univers de la Pop, du Rock et de la chanson française, l'artiste villiéraine Jessica Sellem saura proposer un voyage musical en français et en anglais qui ne manquera pas de combler tous les mélomanes ! **Horaires et accès :** de 19h à 20h30 Lieu : Villa Michot, 9 avenue de l’Isle Entrée libre | Tout public **Horaire** : de 19h à 20h30
Lieu: Villiers-sur-Marne, 9 Avenue de L'Isle, 94350 Villiers-sur-Marne, France
Date de début: 2026-07-11 00:00:00
Date de fin: 2026-07-11 23:59:59
Catégories: Culture, Musique, Concert"
73847987,"Documentaire Arte : Camille Claudel, sculpter pour exister","Projection du documentaire Arte sur Camille Claudel, samedi 11 juillet de 10h30 à 12h à la Micro-Folie.","Documentaire Arte _Camille Claudel, sculpter pour exister_ – 53 min. Une exploration sensible de la trajectoire de la sculptrice Camille Claudel (1864-1943), qui accorde une place particulière aux rapports qu'elle entretient avec ses consœurs. **Horaires et accès :** de 10h30 à 12h Lieu : Micro Folie (Musée Émile Jean, 1er étage), 31 rue Louis Lenoir Tout public, gratuit | Gratuit sur réservation par mail à [micro-folie@villiers94.fr](mailto:micro-folie@villiers94.fr) ou au [01 71 34 17 92](tel:0171341792) **Horaire** : de 10h30 à 12h",Villiers-sur-Marne,"31 Rue Louis Lenoir, 94350 Villiers-sur-Marne, France",Île-de-France,2026-07-11 00:00:00,2026-07-11 23:59:59,"Culture, Micro-Folie, Micro-Folie / Divers",https://openagenda.com/mairie-villiers94/events/documentaire-arte-camille-claudel-sculpter-pour-exister,"Titre: Documentaire Arte : Camille Claudel, sculpter pour exister
Description: Projection du documentaire Arte sur Camille Claudel, samedi 11 juillet de 10h30 à 12h à la Micro-Folie.
Détails: Documentaire Arte _Camille Claudel, sculpter pour exister_ – 53 min. Une exploration sensible de la trajectoire de la sculptrice Camille Claudel (1864-1943), qui accorde une place particulière aux rapports qu'elle entretient avec ses consœurs. **Horaires et accès :** de 10h30 à 12h Lieu : Micro Folie (Musée Émile Jean, 1er étage), 31 rue Louis Lenoir Tout public, gratuit | Gratuit sur réservation par mail à [micro-folie@villiers94.fr](mailto:micro-folie@villiers94.fr) ou au [01 71 34 17 92](tel:0171341792) **Horaire** : de 10h30 à 12h
Lieu: Villiers-sur-Marne, 31 Rue Louis Lenoir, 94350 Villiers-sur-Marne, France
Date de début: 2026-07-11 00:00:00
Date de fin: 2026-07-11 23:59:59
Catégories: Culture, Micro-Folie, Micro-Folie / Divers"
91997794,Atelier de création en cyanotype,"Atelier de création en cyanotype, samedi 11 juillet de 14h à 15h30 à la Villa Michot.","Atelier de création en cyanotype à la Villa Michot. Réservation recommandée, places limitées. **Horaires et accès :** de 14h à 15h30 Lieu : Villa Michot, 9 avenue de l’Isle (à noter : La Micro-Folie au musée Émile Jean sera fermée) À partir de 8 ans | Gratuit sur réservation par mail à [micro-folie@villiers94.fr](mailto:micro-folie@villiers94.fr) ou au [01 71 34 17 92](tel:0171341792) | Places limitées ! **Horaire** : de 14h à 15h30",Villiers-sur-Marne,"9 Avenue de L'Isle, 94350 Villiers-sur-Marne, France",Île-de-France,2026-07-11 00:00:00,2026-07-11 23:59:59,"Culture, Micro-Folie, Micro-Folie / Atelier",https://openagenda.com/mairie-villiers94/events/atelier-de-creation-en-cyanotype-9768524,"Titre: Atelier de création en cyanotype
Description: Atelier de création en cyanotype, samedi 11 juillet de 14h à 15h30 à la Villa Michot.
Détails: Atelier de création en cyanotype à la Villa Michot. Réservation recommandée, places limitées. **Horaires et accès :** de 14h à 15h30 Lieu : Villa Michot, 9 avenue de l’Isle (à noter : La Micro-Folie au musée Émile Jean sera fermée) À partir de 8 ans | Gratuit sur réservation par mail à [micro-folie@villiers94.fr](mailto:micro-folie@villiers94.fr) ou au [01 71 34 17 92](tel:0171341792) | Places limitées ! **Horaire** : de 14h à 15h30
Lieu: Villiers-sur-Marne, 9 Avenue de L'Isle, 94350 Villiers-sur-Marne, France
Date de début: 2026-07-11 00:00:00
Date de fin: 2026-07-11 23:59:59
Catégories: Culture, Micro-Folie, Micro-Folie / Atelier"
98266495,Festi' Villiers Plage,Animations estivales du mardi 7 au samedi 11 juillet de 13h à 20h au Parc Friedberg.,"Festi' Villiers Plage à Parc Friedberg. * De 13h à 19h : structures gonflables / air de jeux aquatiques / animation musicales / danse / jeux & défis / stand restauration / buvette. * De 19h à 20h : ambiance musicale et scénique. **Horaires et accès :** de 13h à 19h et de 19h à 20h Lieu : Parc Friedberg, boulevard de Friedberg Renseignements au Centre Socioculturel, Tél.: [01 49 41 41 50](tel:0149414150) **Horaire** : de 13h à 20h",Villiers-sur-Marne,"Parc Friedberg, Villiers-sur-Marne, France",Île-de-France,2026-07-07 00:00:00,2026-07-11 23:59:59,"Animation, Enfance, Jeunesse, Loisirs",https://openagenda.com/mairie-villiers94/events/festi-villiers-plage-8792501,"Titre: Festi' Villiers Plage
Description: Animations estivales du mardi 7 au samedi 11 juillet de 13h à 20h au Parc Friedberg.
Détails: Festi' Villiers Plage à Parc Friedberg. * De 13h à 19h : structures gonflables / air de jeux aquatiques / animation musicales / danse / jeux & défis / stand restauration / buvette. * De 19h à 20h : ambiance musicale et scénique. **Horaires et accès :** de 13h à 19h et de 19h à 20h Lieu : Parc Friedberg, boulevard de Friedberg Renseignements au Centre Socioculturel, Tél.: [01 49 41 41 50](tel:0149414150) **Horaire** : de 13h à 20h
Lieu: Villiers-sur-Marne, Parc Friedberg, Villiers-sur-Marne, France
Date de début: 2026-07-07 00:00:00
Date de fin: 2026-07-11 23:59:59
Catégories: Animation, Enfance, Jeunesse, Loisirs"
19397538,Atelier découverte de la biodiversité,"Atelier découverte de la biodiversité, vendredi 10 juillet de 15h30 à 18h dans les jardins de la Villa Michot.","Atelier découverte de la biodiversité dans les jardins de la Villa Michot et carnets de jeu. **Horaires et accès :** de 15h30 à 18h Lieu : Villa Michot, 9 avenue de l’Isle (à noter : La Micro-Folie au musée Émile Jean sera fermée) À partir de 10 ans | Gratuit sur réservation par mail à [micro-folie@villiers94.fr](mailto:micro-folie@villiers94.fr) ou au [01 71 34 17 92](tel:0171341792) **Horaire** : de 15h30 à 18h",Villiers-sur-Marne,"9 Avenue de L'Isle, 94350 Villiers-sur-Marne, France",Île-de-France,2026-07-10 00:00:00,2026-07-10 23:59:59,"Culture, Environnement, Micro-Folie, Micro-Folie / Atelier",https://openagenda.com/mairie-villiers94/events/atelier-decouverte-de-la-biodiversite-4566088,"Titre: Atelier découverte de la biodiversité
Description: Atelier découverte de la biodiversité, vendredi 10 juillet de 15h30 à 18h dans les jardins de la Villa Michot.
Détails: Atelier découverte de la biodiversité dans les jardins de la Villa Michot et carnets de jeu. **Horaires et accès :** de 15h30 à 18h Lieu : Villa Michot, 9 avenue de l’Isle (à noter : La Micro-Folie au musée Émile Jean sera fermée) À partir de 10 ans | Gratuit sur réservation par mail à [micro-folie@villiers94.fr](mailto:micro-folie@villiers94.fr) ou au [01 71 34 17 92](tel:0171341792) **Horaire** : de 15h30 à 18h
Lieu: Villiers-sur-Marne, 9 Avenue de L'Isle, 94350 Villiers-sur-Marne, France
Date de début: 2026-07-10 00:00:00
Date de fin: 2026-07-10 23:59:59
Catégories: Culture, Environnement, Micro-Folie, Micro-Folie / Atelier"
11197504,Claude Monet : micro-conférence et atelier de création,"Micro-conférence et atelier de création autour de Claude Monet, mercredi 8 juillet de 14h30 à 16h à la Micro-Folie.","Plongée dans le travail de Claude Monet, micro-conférence avec le musée numérique et atelier de création pour réinterpréter l'une de ses peintures emblématiques ! Surprise, votre dessin prendra vie sous vos yeux. **Horaires et accès :** de 14h30 à 16h Lieu : Micro Folie (Musée Émile Jean, 1er étage), 31 rue Louis Lenoir À partir de 4 ans | Gratuit sur réservation par mail à [micro-folie@villiers94.fr](mailto:micro-folie@villiers94.fr) ou au [01 71 34 17 92](tel:0171341792) **Horaire** : de 14h30 à 16h",Villiers-sur-Marne,"31 Rue Louis Lenoir, 94350 Villiers-sur-Marne, France",Île-de-France,2026-07-08 00:00:00,2026-07-08 23:59:59,"Culture, Micro-Folie, Micro-Folie / Atelier",https://openagenda.com/mairie-villiers94/events/claude-monet-micro-conference-et-atelier-de-creation,"Titre: Claude Monet : micro-conférence et atelier de création
Description: Micro-conférence et atelier de création autour de Claude Monet, mercredi 8 juillet de 14h30 à 16h à la Micro-Folie.
Détails: Plongée dans le travail de Claude Monet, micro-conférence avec le musée numérique et atelier de création pour réinterpréter l'une de ses peintures emblématiques ! Surprise, votre dessin prendra vie sous vos yeux. **Horaires et accès :** de 14h30 à 16h Lieu : Micro Folie (Musée Émile Jean, 1er étage), 31 rue Louis Lenoir À partir de 4 ans | Gratuit sur réservation par mail à [micro-folie@villiers94.fr](mailto:micro-folie@villiers94.fr) ou au [01 71 34 17 92](tel:0171341792) **Horaire** : de 14h30 à 16h
Lieu: Villiers-sur-Marne, 31 Rue Louis Lenoir, 94350 Villiers-sur-Marne, France
Date de début: 2026-07-08 00:00:00
Date de fin: 2026-07-08 23:59:59
Catégories: Culture, Micro-Folie, Micro-Folie / Atelier"
57617627,Lancement des 3 V,Animations estivales le lundi 6 juillet 2026 de 13h30 à 18h et de 18h à 20h au Parc Friedberg / City.,"Lancement des 3 V à Parc Friedberg / City. * De 13h30 à 18h : stands animations, structures gonflables, jeux... * De 18h à 20h : scène ouverte. **Horaires et accès :** de 13h30 à 18h et de 18h à 20h Lieu : Parc Friedberg & City Stade Hugo Descat Renseignements au Centre Socioculturel, Tél.: [01 49 41 41 50](tel:0149414150) **Horaire** : de 13h30 à 18h et de 18h à 20h",Villiers-sur-Marne,"Parc Friedberg, Villiers-sur-Marne, France",Île-de-France,2026-07-06 00:00:00,2026-07-06 23:59:59,"Animation, Enfance, Jeunesse, Loisirs",https://openagenda.com/mairie-villiers94/events/lancement-des-3-v,"Titre: Lancement des 3 V
Description: Animations estivales le lundi 6 juillet 2026 de 13h30 à 18h et de 18h à 20h au Parc Friedberg / City.
Détails: Lancement des 3 V à Parc Friedberg / City. * De 13h30 à 18h : stands animations, structures gonflables, jeux... * De 18h à 20h : scène ouverte. **Horaires et accès :** de 13h30 à 18h et de 18h à 20h Lieu : Parc Friedberg & City Stade Hugo Descat Renseignements au Centre Socioculturel, Tél.: [01 49 41 41 50](tel:0149414150) **Horaire** : de 13h30 à 18h et de 18h à 20h
Lieu: Villiers-sur-Marne, Parc Friedberg, Villiers-sur-Marne, France
Date de début: 2026-07-06 00:00:00
Date de fin: 2026-07-06 23:59:59
Catégories: Animation, Enfance, Jeunesse, Loisirs"
27641065,Création de sphères florales,"Atelier de création de sphères florales avec Happyculture, dimanche 5 juillet 2026, de 11h à 12h, à la Villa Michot.","Connais-tu les ""bombes à fleurs"" ? Ces petites sphères, composées de terreau, d'argile et de graines, renferment un véritable trésor pour la nature ! Une fois déposées dans la terre et arrosées, elles se désagrègent pour laisser place à de jolies fleurs qui contribueront à embellir notre environnement et à nourrir les pollinisateurs. Happyculture t'invite à fabriquer ta propre sphère florale lors d'un atelier ludique, créatif et écoresponsable. Une activité amusante pour mettre les mains dans la terre tout en participant à la préservation de la biodiversité ! Activité gratuite sur inscription, à partir de 5 ans, dans la limite de 10 enfants accompagnés. Inscription par [mail](mailto:happyculture94@laposte.net), dans la limite des places disponibles. **Horaires et accès :** de 11h à 12h Lieu : Villa Michot, 9 avenue de l’Isle Gratuit sur inscription | À partir de 5 ans | Places limitées ! **Horaire** : de 11h à 12h",Villiers-sur-Marne,"9 Avenue de L'Isle, 94350 Villiers-sur-Marne, France",Île-de-France,2026-07-05 00:00:00,2026-07-05 23:59:59,"Animation, Environnement, Loisirs",https://openagenda.com/mairie-villiers94/events/creation-de-spheres-florales,"Titre: Création de sphères florales
Description: Atelier de création de sphères florales avec Happyculture, dimanche 5 juillet 2026, de 11h à 12h, à la Villa Michot.
Détails: Connais-tu les ""bombes à fleurs"" ? Ces petites sphères, composées de terreau, d'argile et de graines, renferment un véritable trésor pour la nature ! Une fois déposées dans la terre et arrosées, elles se désagrègent pour laisser place à de jolies fleurs qui contribueront à embellir notre environnement et à nourrir les pollinisateurs. Happyculture t'invite à fabriquer ta propre sphère florale lors d'un atelier ludique, créatif et écoresponsable. Une activité amusante pour mettre les mains dans la terre tout en participant à la préservation de la biodiversité ! Activité gratuite sur inscription, à partir de 5 ans, dans la limite de 10 enfants accompagnés. Inscription par [mail](mailto:happyculture94@laposte.net), dans la limite des places disponibles. **Horaires et accès :** de 11h à 12h Lieu : Villa Michot, 9 avenue de l’Isle Gratuit sur inscription | À partir de 5 ans | Places limitées ! **Horaire** : de 11h à 12h
Lieu: Villiers-sur-Marne, 9 Avenue de L'Isle, 94350 Villiers-sur-Marne, France
Date de début: 2026-07-05 00:00:00
Date de fin: 2026-07-05 23:59:59
Catégories: Animation, Environnement, Loisirs"
36696549,Place aux artistes : Ruth and Mercy Men,"Place aux artistes dimanche 5 juillet de 11h à 14h, place des Tilleuls, avec artiste, animations, espace jeux et restauration sur place.","Artiste : Ruth and Mercy Men (soul, blues). Animations : atelier terrarium, dégustation florale, atelier scrapbooking, vente de cookies, caricatures. Espace jeux • Restauration sur place. **Horaires et accès :** de 11h à 14h Lieu : Place des Tilleuls Tout public **Horaire** : de 11h à 14h",Villiers-sur-Marne,"Place des Tilleuls , 94350 Villiers-sur-Marne, France",Île-de-France,2026-07-05 00:00:00,2026-07-05 23:59:59,"Animation, Loisirs, Concert",https://openagenda.com/mairie-villiers94/events/place-aux-artistes-ruth-and-mercy-men,"Titre: Place aux artistes : Ruth and Mercy Men
Description: Place aux artistes dimanche 5 juillet de 11h à 14h, place des Tilleuls, avec artiste, animations, espace jeux et restauration sur place.
Détails: Artiste : Ruth and Mercy Men (soul, blues). Animations : atelier terrarium, dégustation florale, atelier scrapbooking, vente de cookies, caricatures. Espace jeux • Restauration sur place. **Horaires et accès :** de 11h à 14h Lieu : Place des Tilleuls Tout public **Horaire** : de 11h à 14h
Lieu: Villiers-sur-Marne, Place des Tilleuls , 94350 Villiers-sur-Marne, France
Date de début: 2026-07-05 00:00:00
Date de fin: 2026-07-05 23:59:59
Catégories: Animation, Loisirs, Concert"
57088940,Naoned Urban Trail,"Naoned Urban Trail, l’événement incontournable : un défi sportif unique où l’effort se conjugue à la découverte des lieux emblématiques de Nantes sur 3 parcours différents.","**Naoned Urban Trail by Capeos**, le Trail Urbain de Nantes à ne pas manquer ! Découvrez le Naoned Urban Trail, l’événement incontournable qui vous invite à parcourir la cité des Ducs d’une manière atypique. Un défi sportif unique où l’effort se conjugue à la découverte des lieux emblématiques de Nantes. Le Naoned Urban Trail vous fera découvrir des sites inédits, des espaces verts et des trésors culturels nantais. Préparez-vous à gravir des marches, découvrir des passages insolites et chemins pavés, à suivre la Loire et à redécouvrir la ville à travers un regard inédit. **Une ambiance conviviale et festive** Cet événement, c’est aussi une fête : des animations musicales, des encouragements tout au long du parcours et une arrivée triomphale sur l’île de Nantes où coureurs et spectateurs se retrouvent dans une ambiance chaleureuse. **Programmes et Parcours** Que vous soyez un coureur aguerri, un amateur en quête de challenge ou juste là pour vous amuser entre amis ou collègues, cette course est faite pour vous. Trois parcours variés adaptés à tous les niveaux, sont proposés : • 9h – Départ du Trail L – L’impression’Nantes (+/- 24 km) : Pour les plus aguerris, une véritable aventure sportive à travers les ruelles et monuments de Nantes. • 9h30 – Départ du Trail M – La Surpre’Nantes (+/- 16 km) : Un format intermédiaire, parfait pour ceux qui veulent mêler effort et découverte. • 10h – Départ du Trail S – La Rayon’Nantes (+/- 8 km) : Idéal pour les débutants ou ceux qui souhaitent profiter d’un parcours court et accessible. **Inscriptions** Ouverture des inscriptions le lundi 2 mars 2026 à 20h26 ! Site de l'événement : [https://www.naoned-urban-trail.fr/](https://www.naoned-urban-trail.fr/)",Nantes,"2 Boulevard Alexandre Millerand, Nantes",Pays de la Loire,2026-05-31 07:30:00,2026-05-31 13:30:00,"sport, athlétisme, course à pied, running, trail, trail urbain, rcn",https://openagenda.com/sports-a-nantes/events/naoned-urban-trail-4775098,"Titre: Naoned Urban Trail
Description: Naoned Urban Trail, l’événement incontournable : un défi sportif unique où l’effort se conjugue à la découverte des lieux emblématiques de Nantes sur 3 parcours différents.
Détails: **Naoned Urban Trail by Capeos**, le Trail Urbain de Nantes à ne pas manquer ! Découvrez le Naoned Urban Trail, l’événement incontournable qui vous invite à parcourir la cité des Ducs d’une manière atypique. Un défi sportif unique où l’effort se conjugue à la découverte des lieux emblématiques de Nantes. Le Naoned Urban Trail vous fera découvrir des sites inédits, des espaces verts et des trésors culturels nantais. Préparez-vous à gravir des marches, découvrir des passages insolites et chemins pavés, à suivre la Loire et à redécouvrir la ville à travers un regard inédit. **Une ambiance conviviale et festive** Cet événement, c’est aussi une fête : des animations musicales, des encouragements tout au long du parcours et une arrivée triomphale sur l’île de Nantes où coureurs et spectateurs se retrouvent dans une ambiance chaleureuse. **Programmes et Parcours** Que vous soyez un coureur aguerri, un amateur en quête de challenge ou juste là pour vous amuser entre amis ou collègues, cette course est faite pour vous. Trois parcours variés adaptés à tous les niveaux, sont proposés : • 9h – Départ du Trail L – L’impression’Nantes (+/- 24 km) : Pour les plus aguerris, une véritable aventure sportive à travers les ruelles et monuments de Nantes. • 9h30 – Départ du Trail M – La Surpre’Nantes (+/- 16 km) : Un format intermédiaire, parfait pour ceux qui veulent mêler effort et découverte. • 10h – Départ du Trail S – La Rayon’Nantes (+/- 8 km) : Idéal pour les débutants ou ceux qui souhaitent profiter d’un parcours court et accessible. **Inscriptions** Ouverture des inscriptions le lundi 2 mars 2026 à 20h26 ! Site de l'événement : [https://www.naoned-urban-trail.fr/](https://www.naoned-urban-trail.fr/)
Lieu: Nantes, 2 Boulevard Alexandre Millerand, Nantes
Date de début: 2026-05-31 07:30:00
Date de fin: 2026-05-31 13:30:00
Catégories: sport, athlétisme, course à pied, running, trail, trail urbain, rcn"
30479495,Estives 2026 – Les activités escalade d'Oz'Aléo,Une occasion unique de découvrir et se perfectionner en escalade extérieure sur les falaises naturelles du square Aubin et du Jardin extraordinaire.,"**Dans le cadre des Estives – Nantes Terrain de Jeux** De juin à août, plus de 100 activités encadrées par des collectifs sont proposées gratuitement aux Nantaises et aux Nantais. Oz'Aléo en partenariat avec la ville de Nantes, organise des événements offerts durant l’été ! Une occasion unique de découvrir et se perfectionner en escalade extérieure sur les falaises naturelles du square Aubin et du Jardin extraordinaire. Rendez-vous du lundi 29 juin au samedi 18 juillet, puis du lundi 17 au lundi 31 août. L’ensemble des moniteurs du collectif Oz'Aléo se relaient pour encadrer les multiples activités proposées : séances découverte, cours vers l’autonomie, partage et conseils sur les techniques et matériels de sécurité. 👉 [Toutes les infos sur les activités proposées sont disponibles sur ozaleo.fr/estives](https://ozaleo.fr/estives/) 👉 [En savoir plus sur les Estives](https://metropole.nantes.fr/que-faire-a-nantes/l-ete-avec-les-enfants-et-les-jeunes)",Nantes,"Quai du Marquis d'Aiguillon, Nantes",Pays de la Loire,2026-07-02 18:00:00,2026-08-31 21:30:00,"estives, OZ'ALÉO",https://openagenda.com/nantesmetropole/events/estives-2026-les-activites-escalade-dozaleo,"Titre: Estives 2026 – Les activités escalade d'Oz'Aléo
Description: Une occasion unique de découvrir et se perfectionner en escalade extérieure sur les falaises naturelles du square Aubin et du Jardin extraordinaire.
Détails: **Dans le cadre des Estives – Nantes Terrain de Jeux** De juin à août, plus de 100 activités encadrées par des collectifs sont proposées gratuitement aux Nantaises et aux Nantais. Oz'Aléo en partenariat avec la ville de Nantes, organise des événements offerts durant l’été ! Une occasion unique de découvrir et se perfectionner en escalade extérieure sur les falaises naturelles du square Aubin et du Jardin extraordinaire. Rendez-vous du lundi 29 juin au samedi 18 juillet, puis du lundi 17 au lundi 31 août. L’ensemble des moniteurs du collectif Oz'Aléo se relaient pour encadrer les multiples activités proposées : séances découverte, cours vers l’autonomie, partage et conseils sur les techniques et matériels de sécurité. 👉 [Toutes les infos sur les activités proposées sont disponibles sur ozaleo.fr/estives](https://ozaleo.fr/estives/) 👉 [En savoir plus sur les Estives](https://metropole.nantes.fr/que-faire-a-nantes/l-ete-avec-les-enfants-et-les-jeunes)
Lieu: Nantes, Quai du Marquis d'Aiguillon, Nantes
Date de début: 2026-07-02 18:00:00
Date de fin: 2026-08-31 21:30:00
Catégories: estives, OZ'ALÉO"
64669438,Estives 2026 – Initiation au BMX,Initiation au BMX sur le nouveau pumptrack de l'île de Nantes. Tout le matériel est prêté.,"**Dans le cadre des Estives – Nantes Terrain de Jeux** De juin à août, plus de 100 activités encadrées par des collectifs sont proposées gratuitement aux Nantaises et aux Nantais : escalade, grimpe d'arbres, yoga, parkour, BMX, slackline, parcours d'orientaion. Initiation au BMX proposée par BMX Addiction. Rendez-vous sur place, sans inscription 👉 [En savoir plus](https://metropole.nantes.fr/que-faire-a-nantes/l-ete-avec-les-enfants-et-les-jeunes)",Nantes,Quai du président Wilson 44000 Nantes,Pays de la Loire,2026-07-08 09:00:00,2026-08-21 13:00:00,"estives, BMX, vélo, Pumptrack",https://openagenda.com/sports-a-nantes/events/initiation-bmx,"Titre: Estives 2026 – Initiation au BMX
Description: Initiation au BMX sur le nouveau pumptrack de l'île de Nantes. Tout le matériel est prêté.
Détails: **Dans le cadre des Estives – Nantes Terrain de Jeux** De juin à août, plus de 100 activités encadrées par des collectifs sont proposées gratuitement aux Nantaises et aux Nantais : escalade, grimpe d'arbres, yoga, parkour, BMX, slackline, parcours d'orientaion. Initiation au BMX proposée par BMX Addiction. Rendez-vous sur place, sans inscription 👉 [En savoir plus](https://metropole.nantes.fr/que-faire-a-nantes/l-ete-avec-les-enfants-et-les-jeunes)
Lieu: Nantes, Quai du président Wilson 44000 Nantes
Date de début: 2026-07-08 09:00:00
Date de fin: 2026-08-21 13:00:00
Catégories: estives, BMX, vélo, Pumptrack"
44196782,Anime ton quartier Malakoff,Viens t'amuser en famille ou avec tes copains et copines en t'essayant aux différentes animations proposées par l'Animation sportive municipale !,"Ateliers sportifs en tout genre, ludothèque, tatouage au henné, glacier… Retrouvez l’animation sportive municipale accompagnée d’associations du quartier derrière la Maison des Haubans. L'animation se déroulera sur l'esplanade Henry Bergson, derrière la maison de quartier des Haubans. 👉 [D'autres événements sont prévus tout l'été, plus de renseignements disponibles ici](https://metropole.nantes.fr/mes-services-mon-quotidien/animation-sportive-municipale-asm-programmes-inscriptions)",Nantes,"4 bis rue d'Irlande (adresse provisoire), Nantes",Pays de la Loire,2026-07-15 15:00:00,2026-07-15 20:00:00,"SPORT, ANIMATION, jeux, QUARTIER, loisirs, ATQ2026",https://openagenda.com/sports-a-nantes/events/anim-ton-quartier-malakoff,"Titre: Anime ton quartier Malakoff
Description: Viens t'amuser en famille ou avec tes copains et copines en t'essayant aux différentes animations proposées par l'Animation sportive municipale !
Détails: Ateliers sportifs en tout genre, ludothèque, tatouage au henné, glacier… Retrouvez l’animation sportive municipale accompagnée d’associations du quartier derrière la Maison des Haubans. L'animation se déroulera sur l'esplanade Henry Bergson, derrière la maison de quartier des Haubans. 👉 [D'autres événements sont prévus tout l'été, plus de renseignements disponibles ici](https://metropole.nantes.fr/mes-services-mon-quotidien/animation-sportive-municipale-asm-programmes-inscriptions)
Lieu: Nantes, 4 bis rue d'Irlande (adresse provisoire), Nantes
Date de début: 2026-07-15 15:00:00
Date de fin: 2026-07-15 20:00:00
Catégories: SPORT, ANIMATION, jeux, QUARTIER, loisirs, ATQ2026"
3771270,Anime ton quartier Dervallières,Viens t'amuser en famille ou avec tes copains et copines en t'essayant aux différentes animations proposées par l'Animation Sportive Municipale !,"Au programme : escalade, poney, structures gonflables, VTT et bien d'autres activités... L'animation se déroulera au square Meissonnier. D'autres événements sont prévus tout l'été, plus de renseignements disponibles sur la page : [https://metropole.nantes.fr/mes-services-mon-quotidien/animation-sportive-municipale-asm-programmes-inscriptions](https://metropole.nantes.fr/mes-services-mon-quotidien/animation-sportive-municipale-asm-programmes-inscriptions)",Nantes,"Rue Ernest Meissonnier, Nantes",Pays de la Loire,2026-07-16 14:00:00,2026-07-16 19:00:00,"SPORT, ANIMATION, jeux, QUARTIER, loisirs, ATQ2026",https://openagenda.com/sports-a-nantes/events/anim-ton-quartier-dervallieres,"Titre: Anime ton quartier Dervallières
Description: Viens t'amuser en famille ou avec tes copains et copines en t'essayant aux différentes animations proposées par l'Animation Sportive Municipale !
Détails: Au programme : escalade, poney, structures gonflables, VTT et bien d'autres activités... L'animation se déroulera au square Meissonnier. D'autres événements sont prévus tout l'été, plus de renseignements disponibles sur la page : [https://metropole.nantes.fr/mes-services-mon-quotidien/animation-sportive-municipale-asm-programmes-inscriptions](https://metropole.nantes.fr/mes-services-mon-quotidien/animation-sportive-municipale-asm-programmes-inscriptions)
Lieu: Nantes, Rue Ernest Meissonnier, Nantes
Date de début: 2026-07-16 14:00:00
Date de fin: 2026-07-16 19:00:00
Catégories: SPORT, ANIMATION, jeux, QUARTIER, loisirs, ATQ2026"
50780020,Anime ton quartier Nantes Nord,Viens t'amuser en famille ou avec tes copains et copines en t'essayant aux différentes animations proposées par l'Animation Sportive Municipale !,"Au programme : slackline, escalade, tennis ballon, grimp'arbre, tyrolienne et bien d'autres activités... L'animation se déroulera à proximité du centre socioculturel. D'autres événements sont prévus tout l'été, plus de renseignements disponibles sur la page : [https://metropole.nantes.fr/mes-services-mon-quotidien/animation-sportive-municipale-asm-programmes-inscriptions](https://metropole.nantes.fr/mes-services-mon-quotidien/animation-sportive-municipale-asm-programmes-inscriptions)",Nantes,"12 Rue de Concarneau, 44300 Nantes",Pays de la Loire,2026-07-16 14:00:00,2026-07-16 19:00:00,"SPORT, ANIMATION, jeux, QUARTIER, loisirs, ATQ2026",https://openagenda.com/sports-a-nantes/events/anim-ton-quartier-doulon-bottiere-924741,"Titre: Anime ton quartier Nantes Nord
Description: Viens t'amuser en famille ou avec tes copains et copines en t'essayant aux différentes animations proposées par l'Animation Sportive Municipale !
Détails: Au programme : slackline, escalade, tennis ballon, grimp'arbre, tyrolienne et bien d'autres activités... L'animation se déroulera à proximité du centre socioculturel. D'autres événements sont prévus tout l'été, plus de renseignements disponibles sur la page : [https://metropole.nantes.fr/mes-services-mon-quotidien/animation-sportive-municipale-asm-programmes-inscriptions](https://metropole.nantes.fr/mes-services-mon-quotidien/animation-sportive-municipale-asm-programmes-inscriptions)
Lieu: Nantes, 12 Rue de Concarneau, 44300 Nantes
Date de début: 2026-07-16 14:00:00
Date de fin: 2026-07-16 19:00:00
Catégories: SPORT, ANIMATION, jeux, QUARTIER, loisirs, ATQ2026"
76875433,Anime ton quartier Bellevue,Viens t'amuser en famille ou avec tes copains et copines en t'essayant aux différentes animations proposées par l'Animation Sportive Municipale !,"Au programme : Poney, mountainboard, escalade, structures gonflables... L'animation se déroulera derriere **le centre socioculturel du Jamet**. D'autres événements sont prévus tout l'été, plus de renseignements disponibles sur la page : [https://metropole.nantes.fr/mes-services-mon-quotidien/animation-sportive-municipale-asm-programmes-inscriptions](https://metropole.nantes.fr/mes-services-mon-quotidien/animation-sportive-municipale-asm-programmes-inscriptions)",Nantes,"Rue Lucien Aubert, Nantes",Pays de la Loire,2026-07-17 14:00:00,2026-07-17 19:00:00,"SPORT, ANIMATION, jeux, QUARTIER, loisirs, ATQ2026",https://openagenda.com/sports-a-nantes/events/anime-ton-quartier-bellevue-4095872,"Titre: Anime ton quartier Bellevue
Description: Viens t'amuser en famille ou avec tes copains et copines en t'essayant aux différentes animations proposées par l'Animation Sportive Municipale !
Détails: Au programme : Poney, mountainboard, escalade, structures gonflables... L'animation se déroulera derriere **le centre socioculturel du Jamet**. D'autres événements sont prévus tout l'été, plus de renseignements disponibles sur la page : [https://metropole.nantes.fr/mes-services-mon-quotidien/animation-sportive-municipale-asm-programmes-inscriptions](https://metropole.nantes.fr/mes-services-mon-quotidien/animation-sportive-municipale-asm-programmes-inscriptions)
Lieu: Nantes, Rue Lucien Aubert, Nantes
Date de début: 2026-07-17 14:00:00
Date de fin: 2026-07-17 19:00:00
Catégories: SPORT, ANIMATION, jeux, QUARTIER, loisirs, ATQ2026"
84944533,Estives 2026 – Slackline,"Rendez-vous au Jardin extraordinaire pour tester ton équilibre ! Une sangle tendue entre des arbres ou des poteaux, s'équilibrer, marcher, se retourner sont les défis qui t'attendent.","**Dans le cadre des Estives – Nantes Terrain de Jeux** De juin à août, plus de 100 activités encadrées par des collectifs sont proposées gratuitement aux Nantaises et aux Nantais : escalade, grimpe d'arbres, yoga, parkour, BMX, slackline, parcours d'orientaion. Ces activités se déroulent sur différents sites de la ville, du Miroir d'Eau en passant par les douves du Château, les Squares Schwob et Aubin, le Jardin Extraordinaire, l'Esplanade Jacques-Demy, le parc des Chantiers, le parc de la Gaudinière et l'allée Titus-Bransdma. Certaines activités sont sur inscription (Yoga, escalade, parcours d'orientation). 👉 [En savoir plus](https://metropole.nantes.fr/que-faire-a-nantes/l-ete-avec-les-enfants-et-les-jeunes)",Nantes,"1 Rue Joseph Cholet, Nantes",Pays de la Loire,2026-07-03 17:00:00,2026-08-29 13:00:00,"estives, équilibre, sangles, funanbule",https://openagenda.com/sports-a-nantes/events/slackline-437982,"Titre: Estives 2026 – Slackline
Description: Rendez-vous au Jardin extraordinaire pour tester ton équilibre ! Une sangle tendue entre des arbres ou des poteaux, s'équilibrer, marcher, se retourner sont les défis qui t'attendent.
Détails: **Dans le cadre des Estives – Nantes Terrain de Jeux** De juin à août, plus de 100 activités encadrées par des collectifs sont proposées gratuitement aux Nantaises et aux Nantais : escalade, grimpe d'arbres, yoga, parkour, BMX, slackline, parcours d'orientaion. Ces activités se déroulent sur différents sites de la ville, du Miroir d'Eau en passant par les douves du Château, les Squares Schwob et Aubin, le Jardin Extraordinaire, l'Esplanade Jacques-Demy, le parc des Chantiers, le parc de la Gaudinière et l'allée Titus-Bransdma. Certaines activités sont sur inscription (Yoga, escalade, parcours d'orientation). 👉 [En savoir plus](https://metropole.nantes.fr/que-faire-a-nantes/l-ete-avec-les-enfants-et-les-jeunes)
Lieu: Nantes, 1 Rue Joseph Cholet, Nantes
Date de début: 2026-07-03 17:00:00
Date de fin: 2026-08-29 13:00:00
Catégories: estives, équilibre, sangles, funanbule"
20436085,Anime ton quartier Dervallières,Viens t'amuser en famille ou avec tes copains et copines en t'essayant aux différentes animations proposées par l'Animation Sportive Municipale !,"Au programme : escalade, poney, structures gonflables, VTT et bien d'autres activités... L'animation se déroulera rue Amédée de la Patelliere . D'autres événements sont prévus tout l'été, plus de renseignements disponibles sur la page : [https://metropole.nantes.fr/mes-services-mon-quotidien/animation-sportive-municipale-asm-programmes-inscriptions](https://metropole.nantes.fr/mes-services-mon-quotidien/animation-sportive-municipale-asm-programmes-inscriptions)",Nantes,"rue antoine watteau, 44100",Pays de la Loire,2026-07-21 14:00:00,2026-07-21 19:00:00,"SPORT, ANIMATION, jeux, QUARTIER, loisirs, ATQ2026",https://openagenda.com/sports-a-nantes/events/anime-ton-quartier-dervallieres-4139514,"Titre: Anime ton quartier Dervallières
Description: Viens t'amuser en famille ou avec tes copains et copines en t'essayant aux différentes animations proposées par l'Animation Sportive Municipale !
Détails: Au programme : escalade, poney, structures gonflables, VTT et bien d'autres activités... L'animation se déroulera rue Amédée de la Patelliere . D'autres événements sont prévus tout l'été, plus de renseignements disponibles sur la page : [https://metropole.nantes.fr/mes-services-mon-quotidien/animation-sportive-municipale-asm-programmes-inscriptions](https://metropole.nantes.fr/mes-services-mon-quotidien/animation-sportive-municipale-asm-programmes-inscriptions)
Lieu: Nantes, rue antoine watteau, 44100
Date de début: 2026-07-21 14:00:00
Date de fin: 2026-07-21 19:00:00
Catégories: SPORT, ANIMATION, jeux, QUARTIER, loisirs, ATQ2026"
71205750,Anime ton quartier Nantes Erdre,Viens t'amuser en famille ou avec tes copains et copines en t'essayant aux différentes animations proposées par l'Animation Sportive Municipale !,"Au programme : slackline, tir à l'arc, tennis ballon, boxe et bien d'autres activités... L'animation se déroulera à la Plaine de jeux de la Halvèque. D'autres événements sont prévus tout l'été, plus de renseignements disponibles sur la page : [https://metropole.nantes.fr/mes-services-mon-quotidien/animation-sportive-municipale-asm-programmes-inscriptions](https://metropole.nantes.fr/mes-services-mon-quotidien/animation-sportive-municipale-asm-programmes-inscriptions)",Nantes,"23 Rue Léon Serpollet, Nantes",Pays de la Loire,2026-07-30 14:00:00,2026-07-30 19:00:00,"SPORT, ANIMATION, jeux, QUARTIER, loisirs, ATQ2026",https://openagenda.com/sports-a-nantes/events/anime-ton-quartier-nantes-erdre-2542359,"Titre: Anime ton quartier Nantes Erdre
Description: Viens t'amuser en famille ou avec tes copains et copines en t'essayant aux différentes animations proposées par l'Animation Sportive Municipale !
Détails: Au programme : slackline, tir à l'arc, tennis ballon, boxe et bien d'autres activités... L'animation se déroulera à la Plaine de jeux de la Halvèque. D'autres événements sont prévus tout l'été, plus de renseignements disponibles sur la page : [https://metropole.nantes.fr/mes-services-mon-quotidien/animation-sportive-municipale-asm-programmes-inscriptions](https://metropole.nantes.fr/mes-services-mon-quotidien/animation-sportive-municipale-asm-programmes-inscriptions)
Lieu: Nantes, 23 Rue Léon Serpollet, Nantes
Date de début: 2026-07-30 14:00:00
Date de fin: 2026-07-30 19:00:00
Catégories: SPORT, ANIMATION, jeux, QUARTIER, loisirs, ATQ2026"
97696637,Anime ton quartier Nantes Erdre,Viens t'amuser en famille ou avec tes copains et copines en t'essayant aux différentes animations proposées par l'Animation Sportive Municipale !,"Au programme : slackline, tir à l'arc, tennis ballon, tyrolienne et bien d'autres activités... L'animation se déroulera à proximité du city stade de Port Boyer. D'autres événements sont prévus tout l'été, plus de renseignements disponibles sur la page : [https://metropole.nantes.fr/mes-services-mon-quotidien/animation-sportive-municipale-asm-programmes-inscriptions](https://metropole.nantes.fr/mes-services-mon-quotidien/animation-sportive-municipale-asm-programmes-inscriptions)",Nantes,"81 rue du Port Boyer, Nantes",Pays de la Loire,2026-08-06 14:00:00,2026-08-06 19:00:00,"SPORT, ANIMATION, jeux, QUARTIER, loisirs, ATQ2026",https://openagenda.com/sports-a-nantes/events/anim-ton-quartier-doulon-bottiere-7432388,"Titre: Anime ton quartier Nantes Erdre
Description: Viens t'amuser en famille ou avec tes copains et copines en t'essayant aux différentes animations proposées par l'Animation Sportive Municipale !
Détails: Au programme : slackline, tir à l'arc, tennis ballon, tyrolienne et bien d'autres activités... L'animation se déroulera à proximité du city stade de Port Boyer. D'autres événements sont prévus tout l'été, plus de renseignements disponibles sur la page : [https://metropole.nantes.fr/mes-services-mon-quotidien/animation-sportive-municipale-asm-programmes-inscriptions](https://metropole.nantes.fr/mes-services-mon-quotidien/animation-sportive-municipale-asm-programmes-inscriptions)
Lieu: Nantes, 81 rue du Port Boyer, Nantes
Date de début: 2026-08-06 14:00:00
Date de fin: 2026-08-06 19:00:00
Catégories: SPORT, ANIMATION, jeux, QUARTIER, loisirs, ATQ2026"
67302372,Anime ton quartier Dervallières,Viens t'amuser en famille ou avec tes copains et copines en t'essayant aux différentes animations proposées par l'Animation Sportive Municipale !,"Au programme : Escalade, poney, structures gonflables, VTT et bien d'autres activités... L'animation se déroulera au Square Claude Lorrain. D'autres événements sont prévus tout l'été, plus de renseignements disponibles sur la page : [https://metropole.nantes.fr/mes-services-mon-quotidien/animation-sportive-municipale-asm-programmes-inscriptions](https://metropole.nantes.fr/mes-services-mon-quotidien/animation-sportive-municipale-asm-programmes-inscriptions)",Nantes,rue claude lorrain,Pays de la Loire,2026-08-10 14:00:00,2026-08-10 19:00:00,"SPORT, ANIMATION, jeux, QUARTIER, loisirs, ATQ2026",https://openagenda.com/sports-a-nantes/events/anime-ton-quartier-dervallieres-9804721,"Titre: Anime ton quartier Dervallières
Description: Viens t'amuser en famille ou avec tes copains et copines en t'essayant aux différentes animations proposées par l'Animation Sportive Municipale !
Détails: Au programme : Escalade, poney, structures gonflables, VTT et bien d'autres activités... L'animation se déroulera au Square Claude Lorrain. D'autres événements sont prévus tout l'été, plus de renseignements disponibles sur la page : [https://metropole.nantes.fr/mes-services-mon-quotidien/animation-sportive-municipale-asm-programmes-inscriptions](https://metropole.nantes.fr/mes-services-mon-quotidien/animation-sportive-municipale-asm-programmes-inscriptions)
Lieu: Nantes, rue claude lorrain
Date de début: 2026-08-10 14:00:00
Date de fin: 2026-08-10 19:00:00
Catégories: SPORT, ANIMATION, jeux, QUARTIER, loisirs, ATQ2026"
71184678,Estives 2026 – Slackline,"Viens tester ton équilibre ! Une sangle tendue entre des arbres ou des poteaux, s'équilibrer, marcher, se retourner sont les défis qui t'attendent.","**Dans le cadre des Estives – Nantes Terrain de Jeux** De juin à août, plus de 100 activités encadrées par des collectifs sont proposées gratuitement aux Nantaises et aux Nantais : escalade, grimpe d'arbres, yoga, parkour, BMX, slackline, parcours d'orientaion. Ces activités se déroulent sur différents sites de la ville, du Miroir d'Eau en passant par les douves du Château, les Squares Schwob et Aubin, le Jardin Extraordinaire, l'Esplanade Jacques-Demy, le parc des Chantiers, le parc de la Gaudinière et l'allée Titus-Bransdma. Certaines activités sont sur inscription (Yoga, escalade, parcours d'orientation). 👉 [En savoir plus](https://metropole.nantes.fr/que-faire-a-nantes/l-ete-avec-les-enfants-et-les-jeunes)",Nantes,"Quai du Marquis d'Aiguillon, Nantes",Pays de la Loire,2026-06-27 10:00:00,2026-08-15 16:00:00,"estives, équilibre, sangles, funanbule",https://openagenda.com/sports-a-nantes/events/slackline-8386397,"Titre: Estives 2026 – Slackline
Description: Viens tester ton équilibre ! Une sangle tendue entre des arbres ou des poteaux, s'équilibrer, marcher, se retourner sont les défis qui t'attendent.
Détails: **Dans le cadre des Estives – Nantes Terrain de Jeux** De juin à août, plus de 100 activités encadrées par des collectifs sont proposées gratuitement aux Nantaises et aux Nantais : escalade, grimpe d'arbres, yoga, parkour, BMX, slackline, parcours d'orientaion. Ces activités se déroulent sur différents sites de la ville, du Miroir d'Eau en passant par les douves du Château, les Squares Schwob et Aubin, le Jardin Extraordinaire, l'Esplanade Jacques-Demy, le parc des Chantiers, le parc de la Gaudinière et l'allée Titus-Bransdma. Certaines activités sont sur inscription (Yoga, escalade, parcours d'orientation). 👉 [En savoir plus](https://metropole.nantes.fr/que-faire-a-nantes/l-ete-avec-les-enfants-et-les-jeunes)
Lieu: Nantes, Quai du Marquis d'Aiguillon, Nantes
Date de début: 2026-06-27 10:00:00
Date de fin: 2026-08-15 16:00:00
Catégories: estives, équilibre, sangles, funanbule"
31436633,Estives 2026 – Séances de yoga par Éléphant Yoga Studio,Des séances de yoga organisées comme un rendez-vous avec les Nantais.,"**Dans le cadre des Estives – Nantes Terrain de Jeux** De juin à août, plus de 100 activités encadrées par des collectifs sont proposées gratuitement aux Nantaises et aux Nantais : escalade, grimpe d'arbres, yoga, parkour, BMX, slackline, parcours d'orientaion. Direction le square Schwob pour des séances d'initiation à différents types de yoga > yoga doux, yoga parent-enfant, ashtanga et vinyasa dynamique. 🧘🏻‍♀️ **Yoga doux (accessible senior)** Lundis 17 et 24 août, de 11h à 12h 🧘🏻‍♀️ **Yoga parent-enfant** • Mardi 7 juillet de 17h30 à 18h30 • Mardi 25 août de 10h à 11h 🧘🏻‍♀️ **Yoga asthanga dynamique** • Mardi 14 juillet de 10h à 11h • Mardi 25 août de 18h30 à 19h30 🧘🏻‍♀️ **Yoga vinyasa dynamique** • Lundi 6 juillet de 18h30 à 19h30 Merci de venir avec votre tapis, ou une grande serviette de bain si vous n’avez pas de tapis, ainsi que votre gourde (pas de prêt de matériel). 👉 [Les inscriptions sont ici !](https://www.elephantyoga.studio/actualites/les-estives-nantes-terrains-de-jeux-yoga-au-parc-gratuit-ete-2026/) 👉 [En savoir plus](https://metropole.nantes.fr/que-faire-a-nantes/l-ete-avec-les-enfants-et-les-jeunes)",Nantes,"3 Rue des Garennes, Nantes",Pays de la Loire,2026-07-06 18:30:00,2026-08-25 19:30:00,"estives, éléphant yoga studio",https://openagenda.com/nantesmetropole/events/estives-2026-seances-de-yoga-par-elephant-yoga-studio,"Titre: Estives 2026 – Séances de yoga par Éléphant Yoga Studio
Description: Des séances de yoga organisées comme un rendez-vous avec les Nantais.
Détails: **Dans le cadre des Estives – Nantes Terrain de Jeux** De juin à août, plus de 100 activités encadrées par des collectifs sont proposées gratuitement aux Nantaises et aux Nantais : escalade, grimpe d'arbres, yoga, parkour, BMX, slackline, parcours d'orientaion. Direction le square Schwob pour des séances d'initiation à différents types de yoga > yoga doux, yoga parent-enfant, ashtanga et vinyasa dynamique. 🧘🏻‍♀️ **Yoga doux (accessible senior)** Lundis 17 et 24 août, de 11h à 12h 🧘🏻‍♀️ **Yoga parent-enfant** • Mardi 7 juillet de 17h30 à 18h30 • Mardi 25 août de 10h à 11h 🧘🏻‍♀️ **Yoga asthanga dynamique** • Mardi 14 juillet de 10h à 11h • Mardi 25 août de 18h30 à 19h30 🧘🏻‍♀️ **Yoga vinyasa dynamique** • Lundi 6 juillet de 18h30 à 19h30 Merci de venir avec votre tapis, ou une grande serviette de bain si vous n’avez pas de tapis, ainsi que votre gourde (pas de prêt de matériel). 👉 [Les inscriptions sont ici !](https://www.elephantyoga.studio/actualites/les-estives-nantes-terrains-de-jeux-yoga-au-parc-gratuit-ete-2026/) 👉 [En savoir plus](https://metropole.nantes.fr/que-faire-a-nantes/l-ete-avec-les-enfants-et-les-jeunes)
Lieu: Nantes, 3 Rue des Garennes, Nantes
Date de début: 2026-07-06 18:30:00
Date de fin: 2026-08-25 19:30:00
Catégories: estives, éléphant yoga studio"
83025880,Anime ton quartier Nantes Erdre,Viens t'amuser en famille ou avec tes copains et copines en t'essayant aux différentes animations proposées par l'Animation Sportive Municipale !,"Au programme : Handball, slackline, Boxe, tir à l'arc, tennis ballon, et bien d'autres activités. L'animation se déroulera sur le plateau sportif du RANZAY. D'autres événements sont prévus pendant les vacances, plus de renseignements disponibles sur la page : [https://metropole.nantes.fr/mes-services-mon-quotidien/animation-sportive-municipale-asm-programmes-inscriptions](https://metropole.nantes.fr/mes-services-mon-quotidien/animation-sportive-municipale-asm-programmes-inscriptions)",Nantes,"Rue Hermann Geiger, 44300",Pays de la Loire,2026-08-20 14:00:00,2026-08-20 19:00:00,"SPORT, ANIMATION, jeux, QUARTIER, loisirs, ATQ2026",https://openagenda.com/sports-a-nantes/events/anim-ton-quartier-doulon-bottiere-4141775,"Titre: Anime ton quartier Nantes Erdre
Description: Viens t'amuser en famille ou avec tes copains et copines en t'essayant aux différentes animations proposées par l'Animation Sportive Municipale !
Détails: Au programme : Handball, slackline, Boxe, tir à l'arc, tennis ballon, et bien d'autres activités. L'animation se déroulera sur le plateau sportif du RANZAY. D'autres événements sont prévus pendant les vacances, plus de renseignements disponibles sur la page : [https://metropole.nantes.fr/mes-services-mon-quotidien/animation-sportive-municipale-asm-programmes-inscriptions](https://metropole.nantes.fr/mes-services-mon-quotidien/animation-sportive-municipale-asm-programmes-inscriptions)
Lieu: Nantes, Rue Hermann Geiger, 44300
Date de début: 2026-08-20 14:00:00
Date de fin: 2026-08-20 19:00:00
Catégories: SPORT, ANIMATION, jeux, QUARTIER, loisirs, ATQ2026"
55767919,Anime ton quartier Breil-Barberie,Viens t'amuser en famille ou avec tes copains et copines en t'essayant aux différentes animations proposées par l'Animation Sportive Municipale !,"Au programme : badminton, athlétisme, rugby, VTT, grimp'arbre et bien d'autres activités encore L'animation se déroulera au square Meliès. D'autres évenements sont prévus tout l'été, plus de renseignements disponibles sur la page : [https://metropole.nantes.fr/mes-services-mon-quotidien/animation-sportive-municipale-asm-programmes-inscriptions](https://metropole.nantes.fr/mes-services-mon-quotidien/animation-sportive-municipale-asm-programmes-inscriptions)",Nantes,"Rue Georges Méliès, Nantes",Pays de la Loire,2026-08-24 14:00:00,2026-08-24 19:00:00,"SPORT, ANIMATION, jeux, QUARTIER, loisirs, ATQ2026",https://openagenda.com/sports-a-nantes/events/anim-ton-quartier-breil-barberie,"Titre: Anime ton quartier Breil-Barberie
Description: Viens t'amuser en famille ou avec tes copains et copines en t'essayant aux différentes animations proposées par l'Animation Sportive Municipale !
Détails: Au programme : badminton, athlétisme, rugby, VTT, grimp'arbre et bien d'autres activités encore L'animation se déroulera au square Meliès. D'autres évenements sont prévus tout l'été, plus de renseignements disponibles sur la page : [https://metropole.nantes.fr/mes-services-mon-quotidien/animation-sportive-municipale-asm-programmes-inscriptions](https://metropole.nantes.fr/mes-services-mon-quotidien/animation-sportive-municipale-asm-programmes-inscriptions)
Lieu: Nantes, Rue Georges Méliès, Nantes
Date de début: 2026-08-24 14:00:00
Date de fin: 2026-08-24 19:00:00
Catégories: SPORT, ANIMATION, jeux, QUARTIER, loisirs, ATQ2026"
71920902,Anime ton quartier Nantes Sud,Viens t'amuser en famille ou avec tes copains et copines en t'essayant aux différentes animations proposées par l'Animation Sportive Municipale !,"Au programme : escalade, rugby, tir à l'arc, roller, slackline, tennis ballon et bien d'autres activités... L'animation se déroulera sur la **place du Pays Basque** et le **terrain des possibles**. D'autres événements sont prévus pendant les vacances, plus de renseignements disponibles sur la page : [https://metropole.nantes.fr/mes-services-mon-quotidien/animation-sportive-municipale-asm-programmes-inscriptions](https://metropole.nantes.fr/mes-services-mon-quotidien/animation-sportive-municipale-asm-programmes-inscriptions)",Nantes,"3 Rue d'Hasparren, Nantes",Pays de la Loire,2026-08-25 15:00:00,2026-08-25 19:00:00,"SPORT, ANIMATION, jeux, QUARTIER, loisirs, ATQ2026",https://openagenda.com/sports-a-nantes/events/anim-ton-quartier-nantes-sud,"Titre: Anime ton quartier Nantes Sud
Description: Viens t'amuser en famille ou avec tes copains et copines en t'essayant aux différentes animations proposées par l'Animation Sportive Municipale !
Détails: Au programme : escalade, rugby, tir à l'arc, roller, slackline, tennis ballon et bien d'autres activités... L'animation se déroulera sur la **place du Pays Basque** et le **terrain des possibles**. D'autres événements sont prévus pendant les vacances, plus de renseignements disponibles sur la page : [https://metropole.nantes.fr/mes-services-mon-quotidien/animation-sportive-municipale-asm-programmes-inscriptions](https://metropole.nantes.fr/mes-services-mon-quotidien/animation-sportive-municipale-asm-programmes-inscriptions)
Lieu: Nantes, 3 Rue d'Hasparren, Nantes
Date de début: 2026-08-25 15:00:00
Date de fin: 2026-08-25 19:00:00
Catégories: SPORT, ANIMATION, jeux, QUARTIER, loisirs, ATQ2026"
25732032,Anime ton quartier Bellevue,Viens t'amuser en famille ou avec tes copains et copines en t'essayant aux différentes animations proposées par l'Animation Sportive Municipale !,"Au programme : VTT, escalade, tir à l'arc, parkour, jeux d'opposition, structures gonflables... L'animation se déroulera derriere **le centre socioculturel du Jamet**. D'autres événements sont prévus tout l'été, plus de renseignements disponibles sur la page : [https://metropole.nantes.fr/mes-services-mon-quotidien/animation-sportive-municipale-asm-programmes-inscriptions](https://metropole.nantes.fr/mes-services-mon-quotidien/animation-sportive-municipale-asm-programmes-inscriptions)",Nantes,"Rue Lucien Aubert, Nantes",Pays de la Loire,2026-08-26 14:00:00,2026-08-26 19:00:00,"SPORT, ANIMATION, jeux, QUARTIER, loisirs, ATQ2026",https://openagenda.com/sports-a-nantes/events/anime-ton-quartier-bellevue-8047130,"Titre: Anime ton quartier Bellevue
Description: Viens t'amuser en famille ou avec tes copains et copines en t'essayant aux différentes animations proposées par l'Animation Sportive Municipale !
Détails: Au programme : VTT, escalade, tir à l'arc, parkour, jeux d'opposition, structures gonflables... L'animation se déroulera derriere **le centre socioculturel du Jamet**. D'autres événements sont prévus tout l'été, plus de renseignements disponibles sur la page : [https://metropole.nantes.fr/mes-services-mon-quotidien/animation-sportive-municipale-asm-programmes-inscriptions](https://metropole.nantes.fr/mes-services-mon-quotidien/animation-sportive-municipale-asm-programmes-inscriptions)
Lieu: Nantes, Rue Lucien Aubert, Nantes
Date de début: 2026-08-26 14:00:00
Date de fin: 2026-08-26 19:00:00
Catégories: SPORT, ANIMATION, jeux, QUARTIER, loisirs, ATQ2026"
85238005,Anime ton quartier Nantes Nord,Viens t'amuser en famille ou avec tes copains et copines en t'essayant aux différentes animations proposées par l'Animation Sportive Municipale !,"Au programme : boxe, roller, athlétisme, football, VTT, grimp'arbre, tyrolienne et bien d'autres activités. L'animation se déroulera à proximité du centre sociocultuel des Renards-Boissière. D'autres événements sont prévus tout l'été, plus de renseignements disponibles sur la page : [https://metropole.nantes.fr/mes-services-mon-quotidien/animation-sportive-municipale-asm-programmes-inscriptions](https://metropole.nantes.fr/mes-services-mon-quotidien/animation-sportive-municipale-asm-programmes-inscriptions)",Nantes,"9 bis rue Jean de La Bruyère, 44300 Nantes",Pays de la Loire,2026-08-26 14:00:00,2026-08-26 19:00:00,"SPORT, ANIMATION, jeux, QUARTIER, loisirs, ATQ2026",https://openagenda.com/sports-a-nantes/events/anim-ton-quartier-nantes-nord,"Titre: Anime ton quartier Nantes Nord
Description: Viens t'amuser en famille ou avec tes copains et copines en t'essayant aux différentes animations proposées par l'Animation Sportive Municipale !
Détails: Au programme : boxe, roller, athlétisme, football, VTT, grimp'arbre, tyrolienne et bien d'autres activités. L'animation se déroulera à proximité du centre sociocultuel des Renards-Boissière. D'autres événements sont prévus tout l'été, plus de renseignements disponibles sur la page : [https://metropole.nantes.fr/mes-services-mon-quotidien/animation-sportive-municipale-asm-programmes-inscriptions](https://metropole.nantes.fr/mes-services-mon-quotidien/animation-sportive-municipale-asm-programmes-inscriptions)
Lieu: Nantes, 9 bis rue Jean de La Bruyère, 44300 Nantes
Date de début: 2026-08-26 14:00:00
Date de fin: 2026-08-26 19:00:00
Catégories: SPORT, ANIMATION, jeux, QUARTIER, loisirs, ATQ2026"
85274798,Anime ton quartier Ile de Nantes,Viens t'amuser en famille ou avec tes copains et copines en t'essayant aux différentes animations proposées par l'Animation Sportive Municipale !,"Au programme : escalade, rugby, tir à l'arc, roller, slackline, tennis ballon et bien d'autres activités... L'animation se déroulera sur la **praire d'amont.** . D'autres événements sont prévus pendant les vacances, plus de renseignements disponibles sur la page : [https://metropole.nantes.fr/mes-services-mon-quotidien/animation-sportive-municipale-asm-programmes-inscriptions](https://metropole.nantes.fr/mes-services-mon-quotidien/animation-sportive-municipale-asm-programmes-inscriptions)",Nantes,"Cours de la Prairie d'Amont / 9 allée Alain Gerbault, Nantes",Pays de la Loire,2026-08-27 15:00:00,2026-08-27 19:00:00,"SPORT, ANIMATION, jeux, QUARTIER, loisirs, ATQ2026",https://openagenda.com/sports-a-nantes/events/anime-ton-quartier-ile-de-nantes-1102244,"Titre: Anime ton quartier Ile de Nantes
Description: Viens t'amuser en famille ou avec tes copains et copines en t'essayant aux différentes animations proposées par l'Animation Sportive Municipale !
Détails: Au programme : escalade, rugby, tir à l'arc, roller, slackline, tennis ballon et bien d'autres activités... L'animation se déroulera sur la **praire d'amont.** . D'autres événements sont prévus pendant les vacances, plus de renseignements disponibles sur la page : [https://metropole.nantes.fr/mes-services-mon-quotidien/animation-sportive-municipale-asm-programmes-inscriptions](https://metropole.nantes.fr/mes-services-mon-quotidien/animation-sportive-municipale-asm-programmes-inscriptions)
Lieu: Nantes, Cours de la Prairie d'Amont / 9 allée Alain Gerbault, Nantes
Date de début: 2026-08-27 15:00:00
Date de fin: 2026-08-27 19:00:00
Catégories: SPORT, ANIMATION, jeux, QUARTIER, loisirs, ATQ2026"
85290412,Anime ton quartier Dervallières,Viens t'amuser en famille ou avec tes copains et copines en t'essayant aux différentes animations proposées par l'Animation Sportive Municipale !,"Au programme : escalade, poney, structures gonflables, VTT et bien d'autres activités... L'animation se déroulera au square Meissonnier. D'autres événements sont prévus tout l'été, plus de renseignements disponibles sur la page : [https://metropole.nantes.fr/mes-services-mon-quotidien/animation-sportive-municipale-asm-programmes-inscriptions](https://metropole.nantes.fr/mes-services-mon-quotidien/animation-sportive-municipale-asm-programmes-inscriptions)",Nantes,"Rue Ernest Meissonnier, Nantes",Pays de la Loire,2026-08-28 14:00:00,2026-08-28 19:00:00,"SPORT, ANIMATION, jeux, QUARTIER, loisirs, ATQ2026",https://openagenda.com/sports-a-nantes/events/anime-ton-quartier-dervallieres-4299249,"Titre: Anime ton quartier Dervallières
Description: Viens t'amuser en famille ou avec tes copains et copines en t'essayant aux différentes animations proposées par l'Animation Sportive Municipale !
Détails: Au programme : escalade, poney, structures gonflables, VTT et bien d'autres activités... L'animation se déroulera au square Meissonnier. D'autres événements sont prévus tout l'été, plus de renseignements disponibles sur la page : [https://metropole.nantes.fr/mes-services-mon-quotidien/animation-sportive-municipale-asm-programmes-inscriptions](https://metropole.nantes.fr/mes-services-mon-quotidien/animation-sportive-municipale-asm-programmes-inscriptions)
Lieu: Nantes, Rue Ernest Meissonnier, Nantes
Date de début: 2026-08-28 14:00:00
Date de fin: 2026-08-28 19:00:00
Catégories: SPORT, ANIMATION, jeux, QUARTIER, loisirs, ATQ2026"
63019884,La DAG 2026 – Ultime édition • Événement complet,Course et marche solidaires entre la Jonelière et la Beaujoire au profit de la lutte contre le cancer.,"**La DAG 2026 – Ultime édition** **ÉVÉNEMENT COMPLET** Les 3 000 dossards de cette 5e et dernière édition ont trouvé preneur en quelques heures. Créée en hommage à Philippe Daguillon, kinésithérapeute du FC Nantes pendant 33 ans, La DAG est devenue au fil des années un rendez-vous incontournable mêlant sport, solidarité et émotion. Le dimanche 27 septembre 2026, l'événement vivra sa dernière édition avec un parcours unique reliant le centre sportif du FC Nantes à la Jonelière au stade de la Beaujoire. **Les participants traverseront notamment :** \* La Chapelle-sur-Erdre \* Le château de la Poterie \* Le domaine de la Desnerie \* Le Parc des Expositions \* Le parc floral de la Roseraie Avant une arrivée exceptionnelle à l'intérieur du stade de la Beaujoire, pour franchir la ligne dans un lieu mythique du sport nantais. **Trois formats au programme :** \* Marche solidaire – 6 km \* Course – 10 km \* Course – 15 km **Venez encourager les participants !** Même si les inscriptions sont désormais closes, le public est invité à venir encourager les coureurs et marcheurs tout au long du parcours. L'accès au stade de la Beaujoire sera libre et gratuit durant toute la matinée, afin de permettre au plus grand nombre de vivre ce moment unique et de partager l'émotion de cette ultime édition. **Vous souhaitez rejoindre l'aventure comme bénévole ?** Nous recherchons encore des bénévoles pour contribuer à la réussite de cette dernière édition. Contact : [contact@ladag.fr](mailto:contact@ladag.fr) **Vous souhaitez soutenir la cause ?** Même si les inscriptions sont désormais closes, il est toujours possible de soutenir cette ultime édition. Une cagnotte solidaire est accessible en ligne pour contribuer aux projets soutenus par La DAG. Une boutique en ligne est également disponible avec plusieurs articles collectors de cette dernière édition : t-shirts, affiches, livre hommage et autres produits solidaires. Chaque achat et chaque don participent au financement des projets portés par l'Institut de Cancérologie de l'Ouest (ICO), en faveur des patients et de la recherche. **Une course au profit de la lutte contre le cancer** L'intégralité des bénéfices de l'événement sera reversée à l'Institut de Cancérologie de l'Ouest (ICO) afin de soutenir des projets concrets en faveur des patients et de la recherche. Participer à La DAG, c'est courir ou marcher pour une cause, vivre un parcours unique, partager un moment fort… et faire partie d'une aventure humaine exceptionnelle, pour la dernière fois. Toutes les informations, la cagnotte solidaire et la boutique officielle sont disponibles sur : www.ladag.fr",Nantes,"330 Route de Saint Joseph, Nantes",Pays de la Loire,2026-09-27 09:30:00,2026-09-27 14:00:00,"course solidaire, Nantes, La DAG, running, course à pied, marche solidaire, événement caritatif, cancer, solidarité, sport santé, dernière édition, course 10 KM, course 15 KM, marche 6 KM, don, engagement, événement sportif",https://openagenda.com/sports-a-nantes/events/la-dag-2026-ultime-edition,"Titre: La DAG 2026 – Ultime édition • Événement complet
Description: Course et marche solidaires entre la Jonelière et la Beaujoire au profit de la lutte contre le cancer.
Détails: **La DAG 2026 – Ultime édition** **ÉVÉNEMENT COMPLET** Les 3 000 dossards de cette 5e et dernière édition ont trouvé preneur en quelques heures. Créée en hommage à Philippe Daguillon, kinésithérapeute du FC Nantes pendant 33 ans, La DAG est devenue au fil des années un rendez-vous incontournable mêlant sport, solidarité et émotion. Le dimanche 27 septembre 2026, l'événement vivra sa dernière édition avec un parcours unique reliant le centre sportif du FC Nantes à la Jonelière au stade de la Beaujoire. **Les participants traverseront notamment :** \* La Chapelle-sur-Erdre \* Le château de la Poterie \* Le domaine de la Desnerie \* Le Parc des Expositions \* Le parc floral de la Roseraie Avant une arrivée exceptionnelle à l'intérieur du stade de la Beaujoire, pour franchir la ligne dans un lieu mythique du sport nantais. **Trois formats au programme :** \* Marche solidaire – 6 km \* Course – 10 km \* Course – 15 km **Venez encourager les participants !** Même si les inscriptions sont désormais closes, le public est invité à venir encourager les coureurs et marcheurs tout au long du parcours. L'accès au stade de la Beaujoire sera libre et gratuit durant toute la matinée, afin de permettre au plus grand nombre de vivre ce moment unique et de partager l'émotion de cette ultime édition. **Vous souhaitez rejoindre l'aventure comme bénévole ?** Nous recherchons encore des bénévoles pour contribuer à la réussite de cette dernière édition. Contact : [contact@ladag.fr](mailto:contact@ladag.fr) **Vous souhaitez soutenir la cause ?** Même si les inscriptions sont désormais closes, il est toujours possible de soutenir cette ultime édition. Une cagnotte solidaire est accessible en ligne pour contribuer aux projets soutenus par La DAG. Une boutique en ligne est également disponible avec plusieurs articles collectors de cette dernière édition : t-shirts, affiches, livre hommage et autres produits solidaires. Chaque achat et chaque don participent au financement des projets portés par l'Institut de Cancérologie de l'Ouest (ICO), en faveur des patients et de la recherche. **Une course au profit de la lutte contre le cancer** L'intégralité des bénéfices de l'événement sera reversée à l'Institut de Cancérologie de l'Ouest (ICO) afin de soutenir des projets concrets en faveur des patients et de la recherche. Participer à La DAG, c'est courir ou marcher pour une cause, vivre un parcours unique, partager un moment fort… et faire partie d'une aventure humaine exceptionnelle, pour la dernière fois. Toutes les informations, la cagnotte solidaire et la boutique officielle sont disponibles sur : www.ladag.fr
Lieu: Nantes, 330 Route de Saint Joseph, Nantes
Date de début: 2026-09-27 09:30:00
Date de fin: 2026-09-27 14:00:00
Catégories: course solidaire, Nantes, La DAG, running, course à pied, marche solidaire, événement caritatif, cancer, solidarité, sport santé, dernière édition, course 10 KM, course 15 KM, marche 6 KM, don, engagement, événement sportif"
7866635,Ekiden de Nantes by Décathlon Atlantis,"Le Nantes Métropole Athlétisme organise la 2e édition de l’Ekiden de Nantes by Décathlon Atlantis, marathon relais solidaire au cœur de Nantes, un défi collectif à relever ensemble !","**Présentation de l'évènement** L’Ekiden de Nantes by Décathlon Atlantis est un marathon en relais organisé par le Nantes Métropole Athlétisme au cœur de la ville, avec un départ et une arrivée à près du Stadium Métropolitain Pierre Quinon. **Cette course d’origine japonaise se dispute par équipes de 6 coureurs sur la distance du marathon (42,195 km), répartie entre les relayeurs selon le format suivant : 5 km – 10 km – 5 km – 10 km – 5 km – 7,195 km.** Elle sert également de course qualificative pour les Championnats de France d’Ekiden. **Un événement accessible et fédérateur** **L’Ekiden de Nantes s’adresse à tous les publics : clubs d’athlétisme, étudiants, entreprises, groupes d’amis, familles… avec des tarifs adaptés.** Un village partenaire sera installé avec animations, restauration, stands entreprises, et une ambiance festive pour accueillir les 2000 coureurs et plusieurs centaines de spectateurs. Le parcours, rapide et sécurisé, traverse le campus universitaire, les abords de l’hippodrome et les grands axes du Petit Port. L’organisation s’appuie sur une coordination étroite avec la Ville de Nantes, les services de sécurité et les partenaires locaux. **Une dimension solidaire** **L’édition prend également une dimension solidaire en soutenant l’association Ma Parenthèse**, engagée auprès des personnes touchées par le cancer et leurs proches, notamment grâce au **reversement d’1 € par dossard.** **Informations pratiques** Les dossards et t-shirts seront à retirer le samedi 3 octobre de 14h à 19h au Décathlon Atlantis. Le village course ouvrira le dimanche 4 octobre à 8h30, avec une buvette et des stands entreprises, offrant un espace convivial avant et après la course. **Le départ sera donné à 10h.** Animations et ambiance festive viendront compléter cette journée sportive, faisant de l’Ekiden de Nantes un **rendez-vous fédérateur et incontournable du territoire.**",Nantes,"19 Bd Guy Mollet, 44300 Nantes",Pays de la Loire,2026-10-04 08:30:00,2026-10-04 16:00:00,"Marathon en équipe, course solidaire, Octobre rose, entreprises, course à pied, Nantes, esprit d'équipe, engagement, convivialité, solidarité",https://openagenda.com/sports-a-nantes/events/ekiden-de-nantes-2951661,"Titre: Ekiden de Nantes by Décathlon Atlantis
Description: Le Nantes Métropole Athlétisme organise la 2e édition de l’Ekiden de Nantes by Décathlon Atlantis, marathon relais solidaire au cœur de Nantes, un défi collectif à relever ensemble !
Détails: **Présentation de l'évènement** L’Ekiden de Nantes by Décathlon Atlantis est un marathon en relais organisé par le Nantes Métropole Athlétisme au cœur de la ville, avec un départ et une arrivée à près du Stadium Métropolitain Pierre Quinon. **Cette course d’origine japonaise se dispute par équipes de 6 coureurs sur la distance du marathon (42,195 km), répartie entre les relayeurs selon le format suivant : 5 km – 10 km – 5 km – 10 km – 5 km – 7,195 km.** Elle sert également de course qualificative pour les Championnats de France d’Ekiden. **Un événement accessible et fédérateur** **L’Ekiden de Nantes s’adresse à tous les publics : clubs d’athlétisme, étudiants, entreprises, groupes d’amis, familles… avec des tarifs adaptés.** Un village partenaire sera installé avec animations, restauration, stands entreprises, et une ambiance festive pour accueillir les 2000 coureurs et plusieurs centaines de spectateurs. Le parcours, rapide et sécurisé, traverse le campus universitaire, les abords de l’hippodrome et les grands axes du Petit Port. L’organisation s’appuie sur une coordination étroite avec la Ville de Nantes, les services de sécurité et les partenaires locaux. **Une dimension solidaire** **L’édition prend également une dimension solidaire en soutenant l’association Ma Parenthèse**, engagée auprès des personnes touchées par le cancer et leurs proches, notamment grâce au **reversement d’1 € par dossard.** **Informations pratiques** Les dossards et t-shirts seront à retirer le samedi 3 octobre de 14h à 19h au Décathlon Atlantis. Le village course ouvrira le dimanche 4 octobre à 8h30, avec une buvette et des stands entreprises, offrant un espace convivial avant et après la course. **Le départ sera donné à 10h.** Animations et ambiance festive viendront compléter cette journée sportive, faisant de l’Ekiden de Nantes un **rendez-vous fédérateur et incontournable du territoire.**
Lieu: Nantes, 19 Bd Guy Mollet, 44300 Nantes
Date de début: 2026-10-04 08:30:00
Date de fin: 2026-10-04 16:00:00
Catégories: Marathon en équipe, course solidaire, Octobre rose, entreprises, course à pied, Nantes, esprit d'équipe, engagement, convivialité, solidarité"
50933355,Triathlon de Nantes 2026,"Le Triathlon Club Nantais vous donne rendez-vous le dimanche 18 octobre 2026 pour une matinée de sport : natation, vélo et course à pieds au programme !","Cette course est organisée en amont du **Triathlon des Roses**, co-organisée avec la Fondation Arc pour la recherche sur les cancers du sein. Nous vous proposons un format XS OPEN, avec natation en piscine, vélo au bord de loire et course à pieds sur l'île de Nantes. L’épreuve est ouverte aux licenciés et licenciées de la Fédération Française de Triathlon, des catégories Benjamins (12 ans) à Vétérans et aux non-licenciés. **2 épreuves au programme, avec des formats accessibles à toutes et tous :** **Course individuelle au format XS Open (drafting autorisé)** _Jeunes ET Adultes_ : 200 m / 7,5 km (3 tours) / 3 km **Championnat départemental 44 jeunes, pour les licenciés en club de Triathlon.** _Benjamins - Minimes - Cadets_ ( de 12 à 17 ans ) Distances : 200 m / 7,5 km (3 tours) / 3 km **Horaires :** \- 9h00 départ Championnat Départemental Jeunes puis jeunes du format XS \- 9h10 départ adultes du format XS Buvette et restauration sur place !",Nantes,"Rue Deurbroucq, Nantes",Pays de la Loire,2026-10-18 09:00:00,2026-10-18 13:00:00,"sport, triathlon",https://openagenda.com/sports-a-nantes/events/triathlon-de-nantes-2681434,"Titre: Triathlon de Nantes 2026
Description: Le Triathlon Club Nantais vous donne rendez-vous le dimanche 18 octobre 2026 pour une matinée de sport : natation, vélo et course à pieds au programme !
Détails: Cette course est organisée en amont du **Triathlon des Roses**, co-organisée avec la Fondation Arc pour la recherche sur les cancers du sein. Nous vous proposons un format XS OPEN, avec natation en piscine, vélo au bord de loire et course à pieds sur l'île de Nantes. L’épreuve est ouverte aux licenciés et licenciées de la Fédération Française de Triathlon, des catégories Benjamins (12 ans) à Vétérans et aux non-licenciés. **2 épreuves au programme, avec des formats accessibles à toutes et tous :** **Course individuelle au format XS Open (drafting autorisé)** _Jeunes ET Adultes_ : 200 m / 7,5 km (3 tours) / 3 km **Championnat départemental 44 jeunes, pour les licenciés en club de Triathlon.** _Benjamins - Minimes - Cadets_ ( de 12 à 17 ans ) Distances : 200 m / 7,5 km (3 tours) / 3 km **Horaires :** \- 9h00 départ Championnat Départemental Jeunes puis jeunes du format XS \- 9h10 départ adultes du format XS Buvette et restauration sur place !
Lieu: Nantes, Rue Deurbroucq, Nantes
Date de début: 2026-10-18 09:00:00
Date de fin: 2026-10-18 13:00:00
Catégories: sport, triathlon"
